000616b 0 0fc 1 c2 1 1 0fc 0 0
2b80000 0 0ef 1 ae 0 1 0fa 0 0
3e40000 1 0c7 1 f9 0 1 0d2 1 0
00084e3 1 027 1 84 1 1 028 1 0
2a3ffff 0 0d4 1 a8 1 1 0df 0 0
2e7ffff 1 003 1 b9 1 1 00e 1 0
2180000 0 075 1 86 0 1 080 0 0
0007d81 0 0e7 1 fb 0 1 0e7 0 0
2a3ffff 0 088 1 a8 1 1 093 0 0
3840000 0 0d2 1 e1 0 1 0dd 0 0
323ffff 1 0db 1 c8 1 1 0e6 1 0
000a2d8 1 0be 1 a2 1 1 0bf 1 0
0006373 0 108 1 c6 1 1 108 0 0
3afffff 1 0d2 1 eb 1 1 0dd 1 0
3f80000 1 0e3 1 fe 0 1 0ee 1 0
3c45793 0 06e 0 f1 0 1 079 0 0
0007ce0 1 057 1 f9 1 1 057 1 0
397ffff 1 3f9 1 e5 1 1 004 1 0
343ffff 1 010 1 d0 1 1 01b 1 0
37c0000 1 07d 1 df 0 1 088 1 0
0004da0 1 069 1 9b 0 1 069 1 0
00061bc 0 0cf 1 c3 0 1 0cf 0 0
2e7ffff 0 07f 1 b9 1 1 08a 0 0
0008e71 0 12d 1 8e 0 1 12e 0 0
0007365 0 02a 1 e6 1 1 02a 0 0
0005e55 0 0e4 1 bc 1 1 0e4 0 0
3980000 0 0e6 1 e6 0 1 0f1 0 0
0008b88 1 0d1 1 8b 1 1 0d2 1 0
1bf5bf0 0 0eb 0 df 1 1 0f5 0 0
3d40000 1 0f2 1 f5 0 1 0fd 1 0
000b975 1 09c 1 b9 0 1 09d 1 0
2b00000 0 016 1 ac 0 1 021 0 0
000c93c 0 0d3 1 c9 0 1 0d4 0 0
2cc0000 1 03a 1 b3 0 1 045 1 0
29bffff 0 0be 1 a6 1 1 0c9 0 0
0009ae0 0 106 1 9a 1 1 107 0 0
29c0000 1 0e7 1 a7 0 1 0f2 1 0
2dfffff 0 0d3 1 b7 1 1 0de 0 0
000dd33 0 0be 1 dd 0 1 0bf 0 0
0007d49 1 0ed 1 fa 1 1 0ed 1 0
0006e88 0 06e 1 dd 0 1 06e 0 0
00077ac 0 094 1 ef 0 1 094 0 0
0009399 0 09c 1 93 1 1 09d 0 0
38fffff 0 0be 1 e3 1 1 0c9 0 0
0007458 0 111 1 e8 1 1 111 0 0
2a00000 1 08a 1 a8 0 1 095 1 0
26bffff 0 03b 1 9a 1 1 046 0 0
35fffff 0 08d 1 d7 1 1 098 0 0
21fffff 0 077 1 87 1 1 082 0 0
00d0084 0 0b8 0 d0 0 1 0bd 0 0
3540000 0 076 1 d5 0 1 081 0 0
0005b68 1 0f1 1 b6 1 1 0f1 1 0
3000000 0 0bc 1 c0 0 1 0c7 0 0
263ffff 1 04c 1 98 1 1 057 1 0
3e00000 1 0e3 1 f8 0 1 0ee 1 0
2dbffff 0 0bd 1 b6 1 1 0c8 0 0
000a04f 1 090 1 a0 0 1 091 1 0
263ffff 1 064 1 98 1 1 06f 1 0
0006644 1 075 1 cc 1 1 075 1 0
000b568 1 091 1 b5 0 1 092 1 0
0008fed 0 057 1 8f 1 1 058 0 0
0006ebe 0 137 1 dd 0 1 137 0 0
3efffff 1 0eb 1 fb 1 1 0f6 1 0
0009947 1 158 1 99 0 1 159 1 0
0007a88 1 04c 0 f5 0 1 04c 1 0
247ffff 1 098 1 91 1 1 0a3 1 0
00098c0 1 08b 1 98 1 1 08c 1 0
22bffff 0 095 1 8a 1 1 0a0 0 0
2640000 0 0cd 1 99 0 1 0d8 0 0
2a00000 1 0ce 1 a8 0 1 0d9 1 0
3540000 1 0c8 1 d5 0 1 0d3 1 0
33fffff 1 009 1 cf 1 1 014 1 0
0007b83 1 0af 1 f7 0 1 0af 1 0
343ffff 0 0ca 1 d0 1 1 0d5 0 0
333ffff 1 0af 1 cc 1 1 0ba 1 0
39fffff 1 06f 1 e7 1 1 07a 1 0
3080000 0 064 1 c2 0 1 06f 0 0
2ac0000 1 0ee 1 ab 0 1 0f9 1 0
0007f17 1 0e2 1 fe 0 1 0e2 1 0
3387bc0 1 08b 0 ce 0 1 096 1 0
3a80000 1 029 1 ea 0 1 034 1 0
3fbffff 1 0d4 1 fe 1 1 0df 1 0
0008b10 0 096 1 8b 0 1 097 0 0
000af0d 1 025 1 af 0 1 026 1 0
0004fd0 1 050 1 9f 1 1 050 1 0
3b80000 1 085 1 ee 0 1 090 1 0
2b80000 0 011 1 ae 0 1 01c 0 0
2b7ffff 0 0f2 1 ad 1 1 0fd 0 0
26fffff 1 090 1 9b 1 1 09b 1 0
0004494 1 0f2 1 89 0 1 0f2 1 0
3d00000 1 064 1 f4 0 1 06f 1 0
23c0000 1 097 1 8f 0 1 0a2 1 0
2540000 1 067 1 95 0 1 072 1 0
21bffff 0 092 1 86 1 1 09d 0 0
393ffff 1 0c2 1 e4 1 1 0cd 1 0
3fbffff 0 084 1 fe 1 1 08f 0 0
0006b8f 1 0a8 1 d7 0 1 0a8 1 0
2d00000 0 0f3 1 b4 0 1 0fe 0 0
34bffff 1 097 1 d2 1 1 0a2 1 0
39bffff 1 086 1 e6 1 1 091 1 0
00079d0 0 02f 1 f3 1 1 02f 0 0
0006a49 0 13a 1 d4 1 1 13a 0 0
2cfffff 1 0d5 1 b3 1 1 0e0 1 0
25fffff 1 023 1 97 1 1 02e 1 0
23c0000 0 04f 1 8f 0 1 05a 0 0
333ffff 1 05e 1 cc 1 1 069 1 0
00059b1 0 0fb 1 b3 0 1 0fb 0 0
0006bc9 1 12a 1 d7 1 1 12a 1 0
000b477 1 129 1 b4 0 1 12a 1 0
001a758 1 0d0 0 d3 1 1 0d2 1 0
0008936 1 0d7 1 89 0 1 0d8 1 0
3bc0000 0 0a6 1 ef 0 1 0b1 0 0
293ffff 0 076 1 a4 1 1 081 0 0
0005b61 0 050 1 b6 1 1 050 0 0
3780000 0 067 1 de 0 1 072 0 0
3880000 1 04a 1 e2 0 1 055 1 0
2a40000 0 0c1 1 a9 0 1 0cc 0 0
0007ceb 1 107 1 f9 1 1 107 1 0
000796e 1 13f 1 f2 1 1 13f 1 0
2ebffff 0 0db 1 ba 1 1 0e6 0 0
207ffff 0 0c3 1 81 1 1 0ce 0 0
000c512 1 0be 1 c5 0 1 0bf 1 0
00058dd 0 0da 1 b1 1 1 0da 0 0
23bffff 1 014 1 8e 1 1 01f 1 0
0007598 1 0c0 1 eb 0 1 0c0 1 0
28bffff 0 06b 1 a2 1 1 076 0 0
000f906 0 0da 0 f9 0 1 0db 0 0
0007d79 1 0cc 1 fa 1 1 0cc 1 0
00096de 1 091 1 96 1 1 092 1 0
31bffff 0 0de 1 c6 1 1 0e9 0 0
000c2b2 1 0ac 1 c2 1 1 0ad 1 0
009b241 0 092 0 9b 0 1 097 0 0
000a7f8 0 106 1 a7 1 1 107 0 0
217ffff 1 0aa 1 85 1 1 0b5 1 0
0007e3a 1 154 0 fc 0 1 154 1 0
2cfffff 0 0e4 1 b3 1 1 0ef 0 0
30c0000 0 07a 1 c3 0 1 085 0 0
36fffff 1 0a2 1 db 1 1 0ad 1 0
3900000 0 0c4 1 e4 0 1 0cf 0 0
2d80000 0 09d 1 b6 0 1 0a8 0 0
0006fd9 0 105 1 df 1 1 105 0 0
000acf2 0 136 1 ac 1 1 137 0 0
0006698 0 0a0 1 cd 0 1 0a0 0 0
3d80000 1 0e2 1 f6 0 1 0ed 1 0
2040000 1 058 1 81 0 1 063 1 0
000a4c9 1 122 1 a4 1 1 123 1 0
0005e19 0 120 1 bc 0 1 120 0 0
000a3b6 0 13c 1 a3 1 1 13d 0 0
000bcf6 0 140 1 bc 1 1 141 0 0
1c67359 0 07c 0 e3 0 1 086 0 0
0005a33 0 132 1 b4 0 1 132 0 0
02d1c3f 1 075 0 b4 0 1 07c 1 0
2f80000 0 09a 1 be 0 1 0a5 0 0
00063c9 1 083 1 c7 1 1 083 1 0
26bffff 1 058 1 9a 1 1 063 1 0
2900000 0 096 1 a4 0 1 0a1 0 0
2eb5e48 0 07b 0 ba 1 1 086 0 0
38c0000 0 015 0 e3 0 0 020 0 0
00061c7 1 0c9 1 c3 1 1 0c9 1 0
000af4f 0 15f 1 af 0 1 160 0 0
2b80000 0 0e4 1 ae 0 1 0ef 0 0
2bc0000 0 0b8 1 af 0 1 0c3 0 0
29fffff 1 09b 1 a7 1 1 0a6 1 0
0030ea0 1 0f1 0 c3 1 1 0f4 1 0
2e7ffff 0 0f1 1 b9 1 1 0fc 0 0
00086b4 0 0e1 1 86 1 1 0e2 0 0
0005e19 0 0d3 1 bc 0 1 0d3 0 0
3c3ffff 1 094 1 f0 1 1 09f 1 0
257ffff 1 0b2 1 95 1 1 0bd 1 0
353ffff 1 09a 1 d4 1 1 0a5 1 0
000eb6e 0 054 1 eb 0 1 055 0 0
0007e2f 1 07a 0 fc 0 1 07a 1 0
3f40000 1 0ed 1 fd 0 1 0f8 1 0
2140000 0 070 1 85 0 1 07b 0 0
2380000 0 079 1 8e 0 1 084 0 0
0006444 1 0d4 1 c8 1 1 0d4 1 0
2a40000 0 0d6 1 a9 0 1 0e1 0 0
227ffff 0 062 1 89 1 1 06d 0 0
2040000 1 0ce 1 81 0 1 0d9 1 0
2d00000 0 0e2 1 b4 0 1 0ed 0 0
0006594 1 047 1 cb 0 1 047 1 0
0007001 1 0bb 1 e0 0 1 0bb 1 0
0009b04 1 037 1 9b 0 1 038 1 0
2b80000 0 0e0 1 ae 0 1 0eb 0 0
3180000 0 065 1 c6 0 1 070 0 0
00072be 0 091 0 e5 0 1 091 0 0
0005f67 0 0ce 1 be 1 1 0ce 0 0
3000000 1 099 1 c0 0 1 0a4 1 0
20fffff 1 082 1 83 1 1 08d 1 0
3000000 0 045 1 c0 0 1 050 0 0
0009544 1 0b2 1 95 0 1 0b3 1 0
0004da0 1 0aa 1 9b 0 1 0aa 1 0
0006a85 1 0de 1 d5 0 1 0de 1 0
217ffff 0 0c5 1 85 1 1 0d0 0 0
2c3ffff 0 09d 1 b0 1 1 0a8 0 0
00086ab 0 10a 1 86 1 1 10b 0 0
000b34c 1 0a9 1 b3 0 1 0aa 1 0
2b00000 0 0de 1 ac 0 1 0e9 0 0
000b855 1 09c 1 b8 0 1 09d 1 0
223ffff 1 087 1 88 1 1 092 1 0
0008304 0 0cf 1 83 0 1 0d0 0 0
000b8c2 0 129 1 b8 1 1 12a 0 0
3d40000 0 09b 1 f5 0 1 0a6 0 0
006529d 0 04a 0 ca 0 1 04e 0 0
0009a18 0 05f 1 9a 0 1 060 0 0
0006d5e 0 0d4 1 da 1 1 0d4 0 0
000a3d7 0 10e 1 a3 1 1 10f 0 0
0006a7b 1 11c 1 d4 1 1 11c 1 0
3b80000 1 0de 1 ee 0 1 0e9 1 0
00080d3 0 0e7 1 80 1 1 0e8 0 0
283ffff 0 0d1 1 a0 1 1 0dc 0 0
000998f 0 0bd 1 99 1 1 0be 0 0
007d68c 1 05f 0 fa 1 1 063 1 0
000a35c 1 0af 1 a3 0 1 0b0 1 0
3200000 0 0e6 1 c8 0 1 0f1 0 0
2840000 1 0c4 1 a1 0 1 0cf 1 0
0004f52 0 0ed 1 9e 1 1 0ed 0 0
2bc0000 1 046 1 af 0 1 051 1 0
2200000 1 0b7 1 88 0 1 0c2 1 0
0008340 1 0e4 1 83 0 1 0e5 1 0
3100000 1 096 1 c4 0 1 0a1 1 0
000a8fb 1 0c3 1 a8 1 1 0c4 1 0
000c43a 1 04e 1 c4 0 1 04f 1 0
0009484 0 143 1 94 1 1 144 0 0
3efffff 1 0af 1 fb 1 1 0ba 1 0
000d49f 0 0ae 1 d4 1 1 0af 0 0
000956a 1 11c 1 95 0 1 11d 1 0
000f518 1 069 1 f5 0 1 06a 1 0
000d5cb 0 133 1 d5 1 1 134 0 0
000607b 0 10a 1 c0 1 1 10a 0 0
3200000 1 022 1 c8 0 1 02d 1 0
263ffff 0 098 1 98 1 1 0a3 0 0
3dc0000 0 0c3 1 f7 0 1 0ce 0 0
31fffff 0 0c9 1 c7 1 1 0d4 0 0
3140000 0 0dd 1 c5 0 1 0e8 0 0
323ffff 1 083 1 c8 1 1 08e 1 0
3700000 1 059 1 dc 0 1 064 1 0
00085df 1 06a 1 85 1 1 06b 1 0
000bd60 0 076 1 bd 0 1 077 0 0
0008afc 0 097 1 8a 1 1 098 0 0
000e58c 0 0f8 1 e5 1 1 0f9 0 0
3580000 0 0f1 1 d6 0 1 0fc 0 0
2fbffff 1 0be 1 be 1 1 0c9 1 0
0004951 0 14b 1 92 1 1 14b 0 0
37fffff 1 027 1 df 1 1 032 1 0
00059e0 0 0c0 1 b3 1 1 0c0 0 0
0008e68 1 0cb 1 8e 0 1 0cc 1 0
000b7ba 1 0d5 1 b7 1 1 0d6 1 0
0007470 1 0aa 1 e8 1 1 0aa 1 0
27fffff 1 0d5 1 9f 1 1 0e0 1 0
000bbc3 0 0dc 1 bb 1 1 0dd 0 0
0005f52 1 084 1 be 1 1 084 1 0
0007b72 0 0d6 1 f6 1 1 0d6 0 0
000819b 1 079 1 81 1 1 07a 1 0
3840000 0 0a1 0 e1 0 0 0ac 0 0
3100000 1 0e0 1 c4 0 1 0eb 1 0
1808258 0 06b 0 c0 0 1 075 0 0
0007ae9 0 11f 1 f5 1 1 11f 0 0
000935d 1 00c 1 93 0 1 00d 1 0
000c852 0 0f2 1 c8 0 1 0f3 0 0
000b2da 1 0fa 1 b2 1 1 0fb 1 0
000a244 0 160 1 a2 0 1 161 0 0
000dc7f 0 0f1 1 dc 0 1 0f2 0 0
237ffff 1 0e5 1 8d 1 1 0f0 1 0
000a5b3 0 077 0 a5 1 1 078 0 0
393ffff 1 08f 1 e4 1 1 09a 1 0
273ffff 0 0b9 1 9c 1 1 0c4 0 0
000f707 1 0dc 1 f7 0 1 0dd 1 0
2bfffff 1 027 1 af 1 1 032 1 0
3cbffff 1 09f 1 f2 1 1 0aa 1 0
000711e 1 123 1 e2 0 1 123 1 0
000a56d 0 02e 1 a5 0 1 02f 0 0
333ffff 0 0d2 1 cc 1 1 0dd 0 0
3a80000 1 0bc 1 ea 0 1 0c7 1 0
0008b7f 1 0bd 1 8b 0 1 0be 1 0
0002e40 0 065 0 b9 0 0 064 0 0
0009066 0 088 1 90 0 1 089 0 0
000724b 0 12d 1 e4 1 1 12d 0 0
33bffff 0 0d1 1 ce 1 1 0dc 0 0
2efffff 1 0c3 1 bb 1 1 0ce 1 0
3900000 0 074 1 e4 0 1 07f 0 0
000971f 1 095 1 97 0 1 096 1 0
2a3ffff 1 098 1 a8 1 1 0a3 1 0
22fffff 1 092 1 8b 1 1 09d 1 0
35bffff 0 05d 1 d6 1 1 068 0 0
2abffff 1 0c2 1 aa 1 1 0cd 1 0
000a3df 1 03f 1 a3 1 1 040 1 0
0007757 0 08b 1 ee 1 1 08b 0 0
000c572 0 0da 1 c5 0 1 0db 0 0
000a571 0 0cd 1 a5 0 1 0ce 0 0
2e80000 1 0cb 1 ba 0 1 0d6 1 0
00072e6 0 0c9 1 e5 1 1 0c9 0 0
00062a5 1 047 1 c5 0 1 047 1 0
00099bf 0 077 1 99 1 1 078 0 0
00074a5 0 048 1 e9 0 1 048 0 0
0143389 1 04d 0 a1 1 1 053 1 0
000b363 0 0c3 1 b3 0 1 0c4 0 0
00078ec 0 075 1 f1 1 1 075 0 0
000a4e3 1 111 1 a4 1 1 112 1 0
3b00000 0 050 1 ec 0 1 05b 0 0
00063aa 1 0a5 0 c7 0 1 0a5 1 0
1fd6ec5 0 0bb 0 fe 1 1 0c5 0 0
2740000 1 0a5 1 9d 0 1 0b0 1 0
373ffff 1 0b6 1 dc 1 1 0c1 1 0
000a53b 1 07c 1 a5 0 1 07d 1 0
2840000 0 04a 1 a1 0 1 055 0 0
367ffff 0 060 1 d9 1 1 06b 0 0
2fc0000 1 09a 1 bf 0 1 0a5 1 0
000947c 1 114 1 94 0 1 115 1 0
0009506 1 020 1 95 0 1 021 1 0
000b532 0 066 0 b5 0 1 067 0 0
3ac0000 0 0d3 1 eb 0 1 0de 0 0
3580000 0 0cf 1 d6 0 1 0da 0 0
2680000 0 083 1 9a 0 1 08e 0 0
000ca67 0 0b7 1 ca 0 1 0b8 0 0
000d2cd 0 080 1 d2 1 1 081 0 0
21bffff 0 0e5 1 86 1 1 0f0 0 0
3800000 1 036 0 e0 0 0 041 1 0
3200000 0 0e8 1 c8 0 1 0f3 0 0
0007caf 1 0db 1 f9 0 1 0db 1 0
000ce73 0 065 1 ce 0 1 066 0 0
32c0000 1 0a5 1 cb 0 1 0b0 1 0
0005e19 1 131 1 bc 0 1 131 1 0
353ffff 1 0cf 1 d4 1 1 0da 1 0
000bf30 0 0e7 1 bf 0 1 0e8 0 0
31c0000 1 0f3 1 c7 0 1 0fe 1 0
29fffff 0 056 1 a7 1 1 061 0 0
000ab48 1 0d2 1 ab 0 1 0d3 1 0
26bffff 0 0e7 1 9a 1 1 0f2 0 0
3ebffff 0 0c1 1 fa 1 1 0cc 0 0
263ffff 1 05d 1 98 1 1 068 1 0
2f3ffff 0 09f 1 bc 1 1 0aa 0 0
3d7ffff 1 05a 1 f5 1 1 065 1 0
3480000 1 0f0 1 d2 0 1 0fb 1 0
0006c7f 0 05b 1 d8 1 1 05b 0 0
0006ef7 1 0a1 1 dd 1 1 0a1 1 0
0004e30 0 073 1 9c 0 1 073 0 0
000a429 0 147 1 a4 0 1 148 0 0
32bffff 1 00e 1 ca 1 1 019 1 0
000ae23 0 012 1 ae 0 1 013 0 0
2b40000 0 0c3 1 ad 0 1 0ce 0 0
3c3ffff 1 035 1 f0 1 1 040 1 0
0006b0c 0 0dc 1 d6 0 1 0dc 0 0
29c0000 1 08b 1 a7 0 1 096 1 0
000a69d 1 13c 1 a6 1 1 13d 1 0
3300000 0 0d5 1 cc 0 1 0e0 0 0
33fffff 1 007 1 cf 1 1 012 1 0
0004aa6 0 151 1 95 0 1 151 0 0
000686a 0 0d7 1 d0 1 1 0d7 0 0
3e7ffff 0 0b4 1 f9 1 1 0bf 0 0
253ffff 1 0b8 1 94 1 1 0c3 1 0
3100000 0 01d 1 c4 0 1 028 0 0
0006cef 1 156 1 d9 1 1 156 1 0
000abd7 0 12a 1 ab 1 1 12b 0 0
000beef 1 10a 1 be 1 1 10b 1 0
2b40000 0 0bc 1 ad 0 1 0c7 0 0
3bbffff 1 0f3 1 ee 1 1 0fe 1 0
2f7ffff 0 078 1 bd 1 1 083 0 0
000bce4 1 127 1 bc 1 1 128 1 0
000766c 1 0db 1 ec 1 1 0db 1 0
0007312 1 098 1 e6 0 1 098 1 0
3f80000 1 0d9 1 fe 0 1 0e4 1 0
000c127 1 0a3 1 c1 0 1 0a4 1 0
217ffff 1 0ce 1 85 1 1 0d9 1 0
3900000 0 085 1 e4 0 1 090 0 0
0007836 1 054 1 f0 0 1 054 1 0
2700000 0 0a0 1 9c 0 1 0ab 0 0
29fffff 0 0ee 1 a7 1 1 0f9 0 0
3cc0000 0 043 1 f3 0 1 04e 0 0
0007e80 0 0ce 1 fd 0 1 0ce 0 0
2f80000 0 09c 1 be 0 1 0a7 0 0
000e96f 1 0dd 1 e9 0 1 0de 1 0
0009080 1 0c6 1 90 1 1 0c7 1 0
2b40000 1 0b3 1 ad 0 1 0be 1 0
2c7ffff 1 0cd 1 b1 1 1 0d8 1 0
000b6a1 0 06d 1 b6 1 1 06e 0 0
3bc0000 0 0dc 1 ef 0 1 0e7 0 0
2700000 0 04f 1 9c 0 1 05a 0 0
00092d0 1 0ea 1 92 1 1 0eb 1 0
0006adf 0 120 1 d5 1 1 120 0 0
0006cdf 1 093 1 d9 1 1 093 1 0
30fffff 1 0c8 1 c3 1 1 0d3 1 0
3b3ffff 1 070 1 ec 1 1 07b 1 0
0007b66 1 0b4 1 f6 1 1 0b4 1 0
0006719 0 0eb 1 ce 0 1 0eb 0 0
000b718 0 10d 1 b7 0 1 10e 0 0
000bd41 1 02c 1 bd 0 1 02d 1 0
000dc9a 1 097 1 dc 1 1 098 1 0
2b7ffff 1 087 1 ad 1 1 092 1 0
000e0e7 1 09e 1 e0 1 1 09f 1 0
35c0000 1 09a 1 d7 0 1 0a5 1 0
000293c 0 025 0 a4 1 1 024 0 0
0009eb1 0 15d 1 9e 1 1 15e 0 0
0005830 0 09c 1 b0 0 1 09c 0 0
3c40000 1 0ee 1 f1 0 1 0f9 1 0
2b3ffff 1 03a 1 ac 1 1 045 1 0
2b40000 1 0e3 1 ad 0 1 0ee 1 0
00083cf 1 0be 1 83 1 1 0bf 1 0
303ffff 0 051 1 c0 1 1 05c 0 0
000d32f 0 11e 1 d3 0 1 11f 0 0
000825a 0 0d1 1 82 0 1 0d2 0 0
0008cef 0 0c9 1 8c 1 1 0ca 0 0
013b147 1 049 0 9d 1 1 04f 1 0
0007248 0 0e6 1 e4 1 1 0e6 0 0
2100000 0 032 1 84 0 1 03d 0 0
000734f 1 079 1 e6 1 1 079 1 0
2fbffff 0 0e0 1 be 1 1 0eb 0 0
2240000 1 053 1 89 0 1 05e 1 0
36c0000 0 002 1 db 0 1 00d 0 0
3340000 1 09f 1 cd 0 1 0aa 1 0
233ffff 1 0ae 1 8c 1 1 0b9 1 0
000786f 0 157 1 f0 1 1 157 0 0
217ffff 0 078 1 85 1 1 083 0 0
00074c7 0 14d 1 e9 1 1 14d 0 0
0006548 1 0ee 1 ca 1 1 0ee 1 0
277ffff 1 0df 1 9d 1 1 0ea 1 0
000a53c 0 055 1 a5 0 1 056 0 0
0007e00 1 0c1 1 fc 0 1 0c1 1 0
000b135 0 0e1 1 b1 0 1 0e2 0 0
0009150 1 0a6 1 91 0 1 0a7 1 0
000b034 0 06e 1 b0 0 1 06f 0 0
000b778 1 033 1 b7 0 1 034 1 0
0006af3 0 08c 1 d5 1 1 08c 0 0
0009ddd 1 118 1 9d 1 1 119 1 0
000738b 0 125 1 e7 0 1 125 0 0
0004ae7 0 0e6 1 95 1 1 0e6 0 0
29c0000 1 035 1 a7 0 1 040 1 0
2a80000 0 095 1 aa 0 1 0a0 0 0
0007160 0 123 1 e2 1 1 123 0 0
000883a 1 0bb 1 88 0 1 0bc 1 0
2400000 1 0ea 1 90 0 1 0f5 1 0
23c0000 0 0eb 1 8f 0 1 0f6 0 0
000ae95 0 0ae 1 ae 1 1 0af 0 0
0006f0a 1 0d9 1 de 0 1 0d9 1 0
3bbffff 1 07f 1 ee 1 1 08a 1 0
00091b0 1 068 1 91 1 1 069 1 0
0007800 0 076 1 f0 0 1 076 0 0
000849c 0 035 0 84 1 1 036 0 0
00086d8 1 0c0 0 86 1 1 0c1 1 0
31fffff 0 0f0 1 c7 1 1 0fb 0 0
3580000 0 0b2 1 d6 0 1 0bd 0 0
2f00000 0 058 1 bc 0 1 063 0 0
3300000 0 003 1 cc 0 1 00e 0 0
0008f3a 1 123 1 8f 0 1 124 1 0
3100000 0 095 1 c4 0 1 0a0 0 0
23fffff 0 06b 1 8f 1 1 076 0 0
2240000 1 0cf 1 89 0 1 0da 1 0
0093404 1 04e 0 93 0 1 053 1 0
000a0a4 1 099 1 a0 1 1 09a 1 0
2f7ffff 0 0c1 1 bd 1 1 0cc 0 0
3080000 1 0d7 0 c2 0 0 0e2 1 0
20fffff 1 07b 1 83 1 1 086 1 0
3b7ffff 0 08d 1 ed 1 1 098 0 0
2ac0000 1 0c3 1 ab 0 1 0ce 1 0
2e3ffff 1 0a2 1 b8 1 1 0ad 1 0
3cbffff 1 0be 1 f2 1 1 0c9 1 0
00052b3 0 106 1 a5 0 1 106 0 0
0008b58 0 133 1 8b 0 1 134 0 0
000b2ba 1 04c 0 b2 1 1 04d 1 0
000a5d7 0 0ca 1 a5 1 1 0cb 0 0
267ffff 0 0f0 1 99 1 1 0fb 0 0
2200000 0 0ac 1 88 0 1 0b7 0 0
000533b 1 09a 1 a6 0 1 09a 1 0
0008c73 1 0a9 1 8c 0 1 0aa 1 0
000ab44 1 064 1 ab 0 1 065 1 0
000576b 0 032 1 ae 1 1 032 0 0
2100000 1 0e6 1 84 0 1 0f1 1 0
000b88b 1 138 1 b8 1 1 139 1 0
3580000 0 0dc 1 d6 0 1 0e7 0 0
000ac43 0 0a7 1 ac 0 1 0a8 0 0
2880000 1 0e1 1 a2 0 1 0ec 1 0
33bffff 1 0d7 1 ce 1 1 0e2 1 0
35bffff 0 0cf 1 d6 1 1 0da 0 0
14a6838 1 085 0 a5 0 1 08f 1 0
000a86f 1 07e 1 a8 0 1 07f 1 0
0006db4 1 0a0 1 db 0 1 0a0 1 0
20fffff 0 058 1 83 1 1 063 0 0
3c7ffff 0 0d4 1 f1 1 1 0df 0 0
3f3ffff 0 076 1 fc 1 1 081 0 0
0009414 0 0a1 1 94 0 1 0a2 0 0
000bb7e 0 132 1 bb 0 1 133 0 0
000bac9 0 0b8 1 ba 1 1 0b9 0 0
00089f6 1 0a2 1 89 1 1 0a3 1 0
3e7ffff 1 0d1 1 f9 1 1 0dc 1 0
3840000 1 0c5 1 e1 0 1 0d0 1 0
2dfffff 0 0ec 1 b7 1 1 0f7 0 0
0004d90 1 108 1 9b 0 1 108 1 0
3500000 1 09e 1 d4 0 1 0a9 1 0
000837e 1 01c 1 83 0 1 01d 1 0
3900000 1 0bf 1 e4 0 1 0ca 1 0
000afda 0 11f 1 af 1 1 120 0 0
317ffff 0 0f1 1 c5 1 1 0fc 0 0
000705b 0 091 1 e0 1 1 091 0 0
397ffff 0 0cf 1 e5 1 1 0da 0 0
0006dd3 1 099 1 db 1 1 099 1 0
21c0000 1 07a 1 87 0 1 085 1 0
000959f 1 130 1 95 1 1 131 1 0
0007599 0 07d 1 eb 0 1 07d 0 0
0009715 1 12e 1 97 0 1 12f 1 0
367ffff 1 0cf 1 d9 1 1 0da 1 0
0005fe5 1 0e4 1 bf 1 1 0e4 1 0
000928b 0 124 1 92 1 1 125 0 0
0005a00 0 079 1 b4 0 1 079 0 0
2580000 1 045 1 96 0 1 050 1 0
000e772 0 0fc 1 e7 0 1 0fd 0 0
0005d84 1 126 1 bb 0 1 126 1 0
00060df 0 076 1 c1 1 1 076 0 0
00087a6 1 030 1 87 1 1 031 1 0
3f00000 1 045 1 fc 0 1 050 1 0
27fffff 1 07f 1 9f 1 1 08a 1 0
2640000 0 0d1 1 99 0 1 0dc 0 0
000880d 1 06b 1 88 0 1 06c 1 0
0007d4b 1 105 1 fa 1 1 105 1 0
000b5dc 0 0a0 0 b5 1 1 0a1 0 0
0007a4c 0 056 1 f4 1 1 056 0 0
004afda 1 090 0 95 1 1 094 1 0
0007d0b 1 0d2 1 fa 0 1 0d2 1 0
00069e0 0 139 1 d3 1 1 139 0 0
00081ef 1 133 1 81 1 1 134 1 0
0012df0 1 0f0 0 96 1 1 0f2 1 0
3e00000 1 028 1 f8 0 1 033 1 0
2a80000 1 0e5 1 aa 0 1 0f0 1 0
0008715 0 057 1 87 0 1 058 0 0
0005d74 0 083 0 ba 1 1 083 0 0
04d533e 0 042 0 9a 1 1 04a 0 0
02f777d 0 089 0 bd 1 1 090 0 0
2b00000 0 0e1 1 ac 0 1 0ec 0 0
0005e30 0 0ae 0 bc 0 1 0ae 0 0
343ffff 0 0ca 1 d0 1 1 0d5 0 0
000cbd8 0 0ad 0 cb 1 1 0ae 0 0
0009965 1 0e9 1 99 0 1 0ea 1 0
23bffff 0 087 1 8e 1 1 092 0 0
000ab10 1 075 1 ab 0 1 076 1 0
0007ae7 1 0b0 1 f5 1 1 0b0 1 0
000c052 0 0b7 1 c0 0 1 0b8 0 0
2e80000 0 081 1 ba 0 1 08c 0 0
207ffff 0 0c5 1 81 1 1 0d0 0 0
000a55a 0 042 1 a5 0 1 043 0 0
000650f 0 10c 1 ca 0 1 10c 0 0
3440000 0 0d9 1 d1 0 1 0e4 0 0
213ffff 0 04e 1 84 1 1 059 0 0
000a5c3 0 0b9 1 a5 1 1 0ba 0 0
000ac92 1 119 1 ac 1 1 11a 1 0
347ffff 1 07a 1 d1 1 1 085 1 0
000ad40 1 03a 1 ad 0 1 03b 1 0
00060b6 1 11c 1 c1 0 1 11c 1 0
0007f5b 1 063 1 fe 1 1 063 1 0
0009e8a 1 09b 1 9e 1 1 09c 1 0
28bffff 1 097 1 a2 1 1 0a2 1 0
2f80000 0 0e8 1 be 0 1 0f3 0 0
000f51d 0 0d5 1 f5 0 1 0d6 0 0
000692f 1 102 1 d2 0 1 102 1 0
30fffff 0 0a6 1 c3 1 1 0b1 0 0
000556e 1 07e 1 aa 1 1 07e 1 0
0008844 1 0a7 0 88 0 1 0a8 1 0
3e00000 1 0a8 1 f8 0 1 0b3 1 0
00060a2 1 033 1 c1 0 1 033 1 0
2cbffff 0 09a 1 b2 1 1 0a5 0 0
000b693 1 099 1 b6 1 1 09a 1 0
39c0000 1 04d 1 e7 0 1 058 1 0
3d3ffff 0 032 1 f4 1 1 03d 0 0
31bffff 1 038 1 c6 1 1 043 1 0
0007e2c 1 01a 0 fc 0 1 01a 1 0
0009860 0 066 0 98 0 1 067 0 0
2abffff 0 078 1 aa 1 1 083 0 0
3d80000 1 059 1 f6 0 1 064 1 0
263ffff 0 0aa 1 98 1 1 0b5 0 0
00070a4 1 0e2 1 e1 0 1 0e2 1 0
000494f 0 064 1 92 1 1 064 0 0
2b7ffff 0 094 1 ad 1 1 09f 0 0
3f40000 0 08c 1 fd 0 1 097 0 0
273ffff 0 0c9 1 9c 1 1 0d4 0 0
000c6db 1 135 1 c6 1 1 136 1 0
000614f 1 173 1 c2 1 1 173 1 0
000c6f4 0 0f3 1 c6 1 1 0f4 0 0
0006d50 1 06d 1 da 1 1 06d 1 0
0009790 0 099 1 97 1 1 09a 0 0
000a8fe 1 108 1 a8 1 1 109 1 0
00074a6 0 139 1 e9 0 1 139 0 0
000a203 1 100 1 a2 0 1 101 1 0
3a80000 1 3f9 1 ea 0 1 004 1 0
0006594 0 089 1 cb 0 1 089 0 0
00084c6 1 127 1 84 1 1 128 1 0
0007a21 1 03d 1 f4 0 1 03d 1 0
0008a4e 1 015 0 8a 0 1 016 1 0
00076bb 0 0d5 1 ed 0 1 0d5 0 0
2f00000 0 06c 1 bc 0 1 077 0 0
000a674 1 0db 1 a6 0 1 0dc 1 0
000db38 0 0e3 0 db 0 1 0e4 0 0
00092c3 1 161 1 92 1 1 162 1 0
2e40000 0 0bd 1 b9 0 1 0c8 0 0
32c0000 1 0bb 1 cb 0 1 0c6 1 0
347ffff 0 054 1 d1 1 1 05f 0 0
000a69f 0 0ab 1 a6 1 1 0ac 0 0
37c0000 1 0e0 1 df 0 1 0eb 1 0
3ac0000 1 0d5 1 eb 0 1 0e0 1 0
3fc0000 0 098 1 ff 0 1 0a3 0 0
32c0000 0 0e9 1 cb 0 1 0f4 0 0
3000000 1 0d9 1 c0 0 1 0e4 1 0
0009d91 0 0cc 1 9d 1 1 0cd 0 0
203ffff 1 0f2 1 80 1 1 0fd 1 0
207ffff 0 091 1 81 1 1 09c 0 0
0009560 1 096 1 95 0 1 097 1 0
000e644 1 03e 1 e6 0 1 03f 1 0
000658f 0 089 1 cb 0 1 089 0 0
3600000 0 0c9 1 d8 0 1 0d4 0 0
0009a10 0 0da 1 9a 0 1 0db 0 0
00086ff 0 04b 1 86 1 1 04c 0 0
000c3f0 1 0bc 1 c3 1 1 0bd 1 0
000f230 1 008 0 f2 0 1 009 1 0
3340000 1 0e5 1 cd 0 1 0f0 1 0
000a9fb 0 15b 1 a9 1 1 15c 0 0
000c1c9 0 05f 1 c1 1 1 060 0 0
3e80000 0 048 1 fa 0 1 053 0 0
28fffff 0 0d3 1 a3 1 1 0de 0 0
3dbffff 1 049 1 f6 1 1 054 1 0
0009336 1 093 1 93 0 1 094 1 0
000ec62 1 121 1 ec 0 1 122 1 0
23fffff 0 0a1 1 8f 1 1 0ac 0 0
2940000 1 002 1 a5 0 1 00d 1 0
0008d9b 0 104 1 8d 1 1 105 0 0
000789c 0 055 1 f1 0 1 055 0 0
39fffff 0 3fe 1 e7 1 1 009 0 0
000648c 1 11d 1 c9 0 1 11d 1 0
000cb03 0 0df 1 cb 0 1 0e0 0 0
00075e1 0 116 1 eb 1 1 116 0 0
0008191 1 043 1 81 1 1 044 1 0
000978c 1 0d1 1 97 1 1 0d2 1 0
2cfffff 0 096 1 b3 1 1 0a1 0 0
000a91a 1 0bf 1 a9 0 1 0c0 1 0
0007433 1 0b7 1 e8 0 1 0b7 1 0
347ffff 0 0ea 1 d1 1 1 0f5 0 0
000cd21 0 097 1 cd 0 1 098 0 0
347ffff 1 09e 1 d1 1 1 0a9 1 0
000a57c 0 0a8 1 a5 0 1 0a9 0 0
0006834 0 057 1 d0 0 1 057 0 0
0008967 0 093 1 89 0 1 094 0 0
00094be 0 0b0 1 94 1 1 0b1 0 0
3480000 0 088 1 d2 0 1 093 0 0
2140000 0 05f 1 85 0 1 06a 0 0
0008d90 0 0d1 1 8d 1 1 0d2 0 0
000b444 1 013 0 b4 0 1 014 1 0
217ffff 1 08d 1 85 1 1 098 1 0
0006a20 1 0b3 0 d4 0 1 0b3 1 0
1849524 0 02c 0 c2 0 1 036 0 0
0009d80 0 0f7 1 9d 1 1 0f8 0 0
00095f7 1 13f 1 95 1 1 140 1 0
00092ac 1 079 1 92 1 1 07a 1 0
2740000 0 0b8 1 9d 0 1 0c3 0 0
3d80000 0 018 1 f6 0 1 023 0 0
0007740 1 0dd 1 ee 1 1 0dd 1 0
000d0a1 1 0cd 1 d0 1 1 0ce 1 0
000ddd9 1 0a8 0 dd 1 1 0a9 1 0
0009088 1 0ab 1 90 1 1 0ac 1 0
2580000 0 0ed 1 96 0 1 0f8 0 0
000e532 1 080 1 e5 0 1 081 1 0
000ab0f 0 0c5 0 ab 0 1 0c6 0 0
2afffff 1 05a 1 ab 1 1 065 1 0
2e7ffff 0 02d 1 b9 1 1 038 0 0
26fffff 1 0e3 1 9b 1 1 0ee 1 0
22c0000 0 0da 1 8b 0 1 0e5 0 0
0006063 0 0db 1 c0 1 1 0db 0 0
000587f 0 108 1 b0 1 1 108 0 0
0007ba5 1 110 1 f7 0 1 110 1 0
2780000 1 0c4 1 9e 0 1 0cf 1 0
277ffff 0 0ea 1 9d 1 1 0f5 0 0
20c0000 0 0a1 1 83 0 1 0ac 0 0
30fffff 1 0b7 1 c3 1 1 0c2 1 0
0006db0 0 11f 1 db 0 1 11f 0 0
29fffff 0 071 1 a7 1 1 07c 0 0
227ffff 1 099 1 89 1 1 0a4 1 0
3f00000 1 0a9 1 fc 0 1 0b4 1 0
0b67803 0 048 0 b6 0 1 051 0 0
0008be7 0 134 1 8b 1 1 135 0 0
0010017 1 0e1 0 80 0 1 0e3 1 0
0008554 0 117 1 85 0 1 118 0 0
0007655 0 10a 1 ec 1 1 10a 0 0
00090b5 1 043 1 90 1 1 044 1 0
3f00000 0 0b8 1 fc 0 1 0c3 0 0
2dc0000 0 02a 1 b7 0 1 035 0 0
00049ce 1 0f8 1 93 1 1 0f8 1 0
23bffff 1 0ab 1 8e 1 1 0b6 1 0
00077c4 0 13c 1 ef 1 1 13c 0 0
000e09b 0 08d 1 e0 1 1 08e 0 0
0013781 1 055 0 9b 1 1 057 1 0
00060b0 0 0dd 1 c1 0 1 0dd 0 0
20bffff 1 07b 1 82 1 1 086 1 0
000cde6 1 121 1 cd 1 1 122 1 0
2e80000 1 07b 1 ba 0 1 086 1 0
25fffff 0 075 1 97 1 1 080 0 0
0006831 0 0cd 0 d0 0 1 0cd 0 0
000903c 1 14f 1 90 0 1 150 1 0
00071e2 1 11a 1 e3 1 1 11a 1 0
2740000 1 09a 1 9d 0 1 0a5 1 0
00096b4 1 0d1 0 96 1 1 0d2 1 0
373ffff 1 03c 1 dc 1 1 047 1 0
000c720 1 0f2 1 c7 0 1 0f3 1 0
000741a 1 113 1 e8 0 1 113 1 0
0009119 1 071 1 91 0 1 072 1 0
0008338 1 0c6 1 83 0 1 0c7 1 0
00082f4 1 10e 1 82 1 1 10f 1 0
20c0000 0 0e1 1 83 0 1 0ec 0 0
000687f 1 126 1 d0 1 1 126 1 0
2500000 0 0ba 1 94 0 1 0c5 0 0
2080000 1 0b6 1 82 0 1 0c1 1 0
0007e55 1 121 1 fc 1 1 121 1 0
00072c3 0 135 1 e5 1 1 135 0 0
2d00000 1 03e 1 b4 0 1 049 1 0
2540000 0 097 1 95 0 1 0a2 0 0
0006a58 1 095 1 d4 1 1 095 1 0
0007f98 0 047 0 ff 0 1 047 0 0
26fffff 0 0f1 1 9b 1 1 0fc 0 0
0005e07 1 0dd 1 bc 0 1 0dd 1 0
0008fe7 0 0c6 1 8f 1 1 0c7 0 0
3bbffff 0 074 1 ee 1 1 07f 0 0
0005c09 1 0dd 1 b8 0 1 0dd 1 0
0009708 1 0da 1 97 0 1 0db 1 0
2640000 1 021 1 99 0 1 02c 1 0
000ac05 0 121 1 ac 0 1 122 0 0
0005140 1 156 1 a2 1 1 156 1 0
0005f64 0 0cc 1 be 1 1 0cc 0 0
0012db8 0 08f 0 96 1 1 091 0 0
000b2ac 1 14a 1 b2 1 1 14b 1 0
30fffff 1 05b 1 c3 1 1 066 1 0
000b690 0 0fe 1 b6 1 1 0ff 0 0
00057f5 0 095 1 af 1 1 095 0 0
000684d 0 10c 1 d0 1 1 10c 0 0
07d76c3 0 077 0 fa 1 1 07f 0 0
0007626 0 0e4 1 ec 0 1 0e4 0 0
38c0000 0 088 1 e3 0 1 093 0 0
000629d 1 0fd 1 c5 0 1 0fd 1 0
21388c5 0 093 0 84 1 1 09e 0 0
3300000 0 022 1 cc 0 1 02d 0 0
000d8a2 1 06c 1 d8 1 1 06d 1 0
3a7ffff 1 061 1 e9 1 1 06c 1 0
0005ebd 0 101 1 bd 0 1 101 0 0
000c256 1 079 1 c2 0 1 07a 1 0
317ffff 1 05f 1 c5 1 1 06a 1 0
000c5b0 0 073 1 c5 1 1 074 0 0
000cf76 0 14c 1 cf 0 1 14d 0 0
30c0000 1 0c8 1 c3 0 1 0d3 1 0
30bffff 1 0a5 1 c2 1 1 0b0 1 0
00083f1 0 154 1 83 1 1 155 0 0
000dde9 0 040 1 dd 1 1 041 0 0
02f4a1a 0 040 0 bd 0 1 047 0 0
0006dad 1 083 1 db 0 1 083 1 0
000dba0 1 106 1 db 1 1 107 1 0
0006778 1 0c9 1 ce 1 1 0c9 1 0
00060b6 0 0fd 1 c1 0 1 0fd 0 0
2afffff 0 0a6 1 ab 1 1 0b1 0 0
0008a2b 1 108 1 8a 0 1 109 1 0
2080000 0 0ba 1 82 0 1 0c5 0 0
000440f 0 051 1 88 0 1 051 0 0
31bffff 1 04f 1 c6 1 1 05a 1 0
22bffff 1 0be 1 8a 1 1 0c9 1 0
3d3ffff 0 0cf 1 f4 1 1 0da 0 0
0007a54 1 0b3 1 f4 1 1 0b3 1 0
3100000 1 0e0 1 c4 0 1 0eb 1 0
20fffff 0 0a6 1 83 1 1 0b1 0 0
3640000 1 0a9 1 d9 0 1 0b4 1 0
05c0025 0 060 0 b8 0 1 068 0 0
3d80000 1 0b6 1 f6 0 1 0c1 1 0
3a7ffff 1 078 1 e9 1 1 083 1 0
00053a4 1 088 1 a7 0 1 088 1 0
3440000 1 0a8 1 d1 0 1 0b3 1 0
00098c9 0 099 1 98 1 1 09a 0 0
000c764 1 098 1 c7 0 1 099 1 0
000b327 1 116 1 b3 0 1 117 1 0
000d836 1 0b8 1 d8 0 1 0b9 1 0
35fffff 1 0e7 1 d7 1 1 0f2 1 0
000e966 1 09f 1 e9 0 1 0a0 1 0
000cb6f 0 13e 1 cb 0 1 13f 0 0
3140000 0 3f7 0 c5 0 0 002 0 0
3780000 1 096 1 de 0 1 0a1 1 0
2dc0000 1 0a6 1 b7 0 1 0b1 1 0
23fffff 0 0c9 1 8f 1 1 0d4 0 0
32fffff 1 082 1 cb 1 1 08d 1 0
000a9dc 1 0a9 1 a9 1 1 0aa 1 0
20c0000 0 067 1 83 0 1 072 0 0
33bffff 0 0e0 1 ce 1 1 0eb 0 0
00078a0 0 059 1 f1 0 1 059 0 0
0006050 1 07d 1 c0 1 1 07d 1 0
38bffff 1 065 1 e2 1 1 070 1 0
383ffff 1 085 1 e0 1 1 090 1 0
2008e5d 1 0d4 0 80 0 1 0df 1 0
0004c4f 0 0e0 1 98 1 1 0e0 0 0
38bffff 1 0e7 1 e2 1 1 0f2 1 0
2b80000 1 075 1 ae 0 1 080 1 0
3140000 0 0a9 1 c5 0 1 0b4 0 0
3140000 1 0e8 1 c5 0 1 0f3 1 0
000483e 1 10a 1 90 0 1 10a 1 0
00071e1 0 0f9 1 e3 1 1 0f9 0 0
337ffff 1 0cc 1 cd 1 1 0d7 1 0
31fffff 0 0ad 1 c7 1 1 0b8 0 0
006dc9b 0 043 0 db 1 1 047 0 0
000856b 0 0a9 1 85 0 1 0aa 0 0
000b747 0 06f 1 b7 0 1 070 0 0
0007133 1 131 1 e2 0 1 131 1 0
2440000 0 041 1 91 0 1 04c 0 0
3940000 0 00e 1 e5 0 1 019 0 0
2c40000 1 0a6 1 b1 0 1 0b1 1 0
2bc0000 0 0ed 1 af 0 1 0f8 0 0
217ffff 1 0f1 1 85 1 1 0fc 1 0
0112238 0 074 0 89 0 1 07a 0 0
25bffff 1 096 1 96 1 1 0a1 1 0
377ffff 0 0a8 1 dd 1 1 0b3 0 0
357ffff 1 0f1 1 d5 1 1 0fc 1 0
35bffff 0 05c 1 d6 1 1 067 0 0
0009c1b 1 0ee 1 9c 0 1 0ef 1 0
2780000 1 09f 1 9e 0 1 0aa 1 0
0008b8b 1 0f3 1 8b 1 1 0f4 1 0
00064dc 0 0f4 1 c9 1 1 0f4 0 0
0007c4f 0 04f 1 f8 1 1 04f 0 0
0006673 0 0f4 1 cc 1 1 0f4 0 0
000b9db 0 0d9 1 b9 1 1 0da 0 0
005f79c 1 039 0 be 1 1 03d 1 0
000607b 0 125 1 c0 1 1 125 0 0
000a0b3 0 111 1 a0 1 1 112 0 0
0008817 1 049 1 88 0 1 04a 1 0
3abffff 1 0db 1 ea 1 1 0e6 1 0
3800000 1 0e6 1 e0 0 1 0f1 1 0
313ffff 1 0d0 1 c4 1 1 0db 1 0
24fffff 0 0f3 1 93 1 1 0fe 0 0
2d00000 1 3f6 0 b4 0 0 001 1 0
0008a1f 1 147 1 8a 0 1 148 1 0
3440000 0 08c 1 d1 0 1 097 0 0
000a40f 0 0dd 1 a4 0 1 0de 0 0
327ffff 1 036 1 c9 1 1 041 1 0
000dd3b 1 0dd 1 dd 0 1 0de 1 0
0005fe8 1 071 0 bf 1 1 071 1 0
2d40000 0 04b 1 b5 0 1 056 0 0
000a2ce 0 0b1 1 a2 1 1 0b2 0 0
38c0000 0 07d 1 e3 0 1 088 0 0
000a128 1 063 1 a1 0 1 064 1 0
37fffff 1 0ac 1 df 1 1 0b7 1 0
0004388 0 0ec 0 87 0 1 0ec 0 0
2a3ffff 1 0d4 1 a8 1 1 0df 1 0
000964e 1 0c5 1 96 0 1 0c6 1 0
2c7ffff 1 014 1 b1 1 1 01f 1 0
0005ed9 0 095 1 bd 1 1 095 0 0
00080ae 1 156 1 80 1 1 157 1 0
000b637 1 11d 1 b6 0 1 11e 1 0
3e80000 0 06b 1 fa 0 1 076 0 0
00079e0 0 0b1 1 f3 1 1 0b1 0 0
000c639 1 10f 1 c6 0 1 110 1 0
0007f6b 0 0b5 1 fe 1 1 0b5 0 0
00098e4 0 11c 1 98 1 1 11d 0 0
3b00000 1 0a2 1 ec 0 1 0ad 1 0
287ffff 0 08f 1 a1 1 1 09a 0 0
3b7ffff 0 096 1 ed 1 1 0a1 0 0
000d674 0 098 1 d6 0 1 099 0 0
000561c 0 110 1 ac 0 1 110 0 0
3980000 0 0eb 1 e6 0 1 0f6 0 0
267ffff 1 05f 1 99 1 1 06a 1 0
24fffff 1 06e 1 93 1 1 079 1 0
00091cc 0 0b1 1 91 1 1 0b2 0 0
0008040 0 0ef 1 80 0 1 0f0 0 0
22bffff 1 07f 1 8a 1 1 08a 1 0
3640000 1 08d 1 d9 0 1 098 1 0
38bffff 1 07d 1 e2 1 1 088 1 0
2100000 1 0ad 1 84 0 1 0b8 1 0
000753c 1 12f 1 ea 0 1 12f 1 0
0008ac5 1 0fa 1 8a 1 1 0fb 1 0
377ffff 0 0d7 1 dd 1 1 0e2 0 0
333ffff 0 0cb 1 cc 1 1 0d6 0 0
3080000 0 0b7 0 c2 0 0 0c2 0 0
367ffff 0 0f1 1 d9 1 1 0fc 0 0
000c1b4 0 040 1 c1 1 1 041 0 0
000a5c3 0 133 1 a5 1 1 134 0 0
000815a 0 134 1 81 0 1 135 0 0
079bdd8 0 0b6 0 f3 0 1 0be 0 0
000e336 1 08e 1 e3 0 1 08f 1 0
0008f3b 1 109 1 8f 0 1 10a 1 0
0006d1f 1 0f2 1 da 0 1 0f2 1 0
237ffff 1 0e9 1 8d 1 1 0f4 1 0
2500000 1 074 1 94 0 1 07f 1 0
000beb8 1 118 1 be 1 1 119 1 0
3400000 0 04d 1 d0 0 1 058 0 0
000998f 0 0f2 1 99 1 1 0f3 0 0
0008b38 1 105 1 8b 0 1 106 1 0
2e00000 1 0ea 0 b8 0 0 0f5 1 0
0006ccf 0 070 0 d9 1 1 070 0 0
3200000 0 0b7 1 c8 0 1 0c2 0 0
0007490 1 0b6 1 e9 0 1 0b6 1 0
000b9f9 0 0f9 1 b9 1 1 0fa 0 0
293ffff 0 084 1 a4 1 1 08f 0 0
000aa15 1 058 1 aa 0 1 059 1 0
000e00a 0 0f7 1 e0 0 1 0f8 0 0
367ffff 0 0f1 1 d9 1 1 0fc 0 0
000740f 0 0ca 1 e8 0 1 0ca 0 0
397ffff 1 068 1 e5 1 1 073 1 0
000b8fa 1 061 1 b8 1 1 062 1 0
000c21b 0 081 1 c2 0 1 082 0 0
0007bed 0 096 1 f7 1 1 096 0 0
000730f 1 168 1 e6 0 1 168 1 0
0008b48 1 062 1 8b 0 1 063 1 0
2f40000 0 0c8 1 bd 0 1 0d3 0 0
0006600 0 026 1 cc 0 1 026 0 0
3dfffff 0 07b 1 f7 1 1 086 0 0
3840000 1 0cc 1 e1 0 1 0d7 1 0
0007f58 0 0b1 1 fe 1 1 0b1 0 0
27bffff 1 0ca 1 9e 1 1 0d5 1 0
31fffff 1 0e5 1 c7 1 1 0f0 1 0
000ab48 1 084 1 ab 0 1 085 1 0
3680000 1 0ab 1 da 0 1 0b6 1 0
2980000 0 03a 1 a6 0 1 045 0 0
000aa97 0 12b 1 aa 1 1 12c 0 0
0007fa8 1 111 1 ff 0 1 111 1 0
0006b59 1 0c2 1 d6 1 1 0c2 1 0
2800000 0 07c 1 a0 0 1 087 0 0
000709f 0 15a 1 e1 0 1 15a 0 0
317ffff 1 068 1 c5 1 1 073 1 0
000e1e3 1 137 1 e1 1 1 138 1 0
000c4e0 0 057 1 c4 1 1 058 0 0
00089a7 1 0db 1 89 1 1 0dc 1 0
3780000 1 01c 1 de 0 1 027 1 0
2580000 0 023 1 96 0 1 02e 0 0
1408af0 1 020 0 a0 0 1 02a 1 0
0005d31 0 0a7 1 ba 0 1 0a7 0 0
0008504 1 08c 0 85 0 1 08d 1 0
00071f8 0 0b0 1 e3 1 1 0b0 0 0
0006a72 0 0cb 1 d4 1 1 0cb 0 0
000a26f 1 070 1 a2 0 1 071 1 0
0009aa1 0 0a6 1 9a 1 1 0a7 0 0
0006e6f 1 0f4 1 dc 1 1 0f4 1 0
2c3ffff 1 093 1 b0 1 1 09e 1 0
000d06c 1 0b3 1 d0 0 1 0b4 1 0
000e070 0 0ba 1 e0 0 1 0bb 0 0
00070e0 1 066 1 e1 1 1 066 1 0
3cc0000 0 094 1 f3 0 1 09f 0 0
223ffff 1 039 1 88 1 1 044 1 0
25c0000 1 09c 1 97 0 1 0a7 1 0
0009dc1 1 161 1 9d 1 1 162 1 0
0005c80 0 0a4 1 b9 0 1 0a4 0 0
2980000 0 06a 1 a6 0 1 075 0 0
000a9eb 1 07e 1 a9 1 1 07f 1 0
35bffff 1 085 1 d6 1 1 090 1 0
000c5b8 0 0a0 1 c5 1 1 0a1 0 0
000ca0f 1 083 1 ca 0 1 084 1 0
3cfffff 0 045 1 f3 1 1 050 0 0
000d5c0 1 0d1 1 d5 1 1 0d2 1 0
0007fdb 1 101 1 ff 1 1 101 1 0
2dbffff 0 0d8 1 b6 1 1 0e3 0 0
0006a21 1 066 1 d4 0 1 066 1 0
000a533 1 0dd 1 a5 0 1 0de 1 0
2380000 1 0ad 1 8e 0 1 0b8 1 0
37c0000 1 0ba 1 df 0 1 0c5 1 0
0007ff5 1 083 1 ff 1 1 083 1 0
00081ef 1 0dd 1 81 1 1 0de 1 0
3c00000 0 0d0 1 f0 0 1 0db 0 0
0004b28 1 128 1 96 0 1 128 1 0
000684b 1 076 1 d0 1 1 076 1 0
00056df 1 104 1 ad 1 1 104 1 0
313ffff 0 0ce 1 c4 1 1 0d9 0 0
0007010 1 131 1 e0 0 1 131 1 0
3740000 1 06b 1 dd 0 1 076 1 0
26bffff 1 0cd 1 9a 1 1 0d8 1 0
32c0000 1 09b 1 cb 0 1 0a6 1 0
3140000 0 0c7 1 c5 0 1 0d2 0 0
000b637 0 0d1 1 b6 0 1 0d2 0 0
337ffff 1 082 1 cd 1 1 08d 1 0
0007e15 0 0da 1 fc 0 1 0da 0 0
2040000 1 075 1 81 0 1 080 1 0
00078ea 0 0bd 1 f1 1 1 0bd 0 0
3e3ffff 0 0bd 1 f8 1 1 0c8 0 0
0007790 1 171 1 ef 0 1 171 1 0
000666f 0 14a 1 cc 1 1 14a 0 0
267ffff 0 09a 1 99 1 1 0a5 0 0
00047ac 1 139 1 8f 0 1 139 1 0
27c0000 1 086 1 9f 0 1 091 1 0
000bf38 0 135 1 bf 0 1 136 0 0
0005667 0 107 1 ac 1 1 107 0 0
2680000 0 050 1 9a 0 1 05b 0 0
000d7b1 0 051 0 d7 1 1 052 0 0
32c0000 1 0c5 1 cb 0 1 0d0 1 0
29c0000 1 0e4 1 a7 0 1 0ef 1 0
35fffff 1 0d9 1 d7 1 1 0e4 1 0
0006b39 1 0ea 1 d6 0 1 0ea 1 0
000b36d 1 06a 1 b3 0 1 06b 1 0
0027f65 0 071 0 9f 1 1 074 0 0
00069a7 1 0f6 1 d3 0 1 0f6 1 0
2ec0000 1 0f1 1 bb 0 1 0fc 1 0
00094fd 0 0d1 1 94 1 1 0d2 0 0
0007a40 0 0ed 1 f4 1 1 0ed 0 0
000758f 1 101 1 eb 0 1 101 1 0
0009382 0 037 1 93 1 1 038 0 0
000b9ff 0 0cf 1 b9 1 1 0d0 0 0
2100000 0 015 1 84 0 1 020 0 0
2c3ffff 0 0ef 1 b0 1 1 0fa 0 0
30fffff 1 0eb 1 c3 1 1 0f6 1 0
3dbffff 0 06d 1 f6 1 1 078 0 0
2cfffff 0 0cd 1 b3 1 1 0d8 0 0
0009b5a 0 043 1 9b 0 1 044 0 0
000fe01 1 101 1 fe 0 1 102 1 0
0007bf5 1 080 1 f7 1 1 080 1 0
2c00000 1 012 1 b0 0 1 01d 1 0
20bffff 1 0ad 1 82 1 1 0b8 1 0
2e40000 0 0cd 1 b9 0 1 0d8 0 0
0005874 0 0c3 1 b0 1 1 0c3 0 0
00092dc 1 111 1 92 1 1 112 1 0
0008b85 0 0cf 1 8b 1 1 0d0 0 0
29fffff 0 0ec 1 a7 1 1 0f7 0 0
3afffff 0 046 1 eb 1 1 051 0 0
0008b80 1 0f4 1 8b 1 1 0f5 1 0
3340000 0 0cb 1 cd 0 1 0d6 0 0
0008043 0 0ff 1 80 0 1 100 0 0
38c0000 1 0b6 1 e3 0 1 0c1 1 0
2f80000 1 0f0 1 be 0 1 0fb 1 0
00077b4 0 06f 1 ef 0 1 06f 0 0
0009c53 0 0cd 0 9c 0 1 0ce 0 0
36c0000 0 032 1 db 0 1 03d 0 0
00084f6 0 0e0 1 84 1 1 0e1 0 0
213ffff 1 0af 1 84 1 1 0ba 1 0
2abffff 0 02b 1 aa 1 1 036 0 0
2400000 1 032 1 90 0 1 03d 1 0
30bffff 1 06a 1 c2 1 1 075 1 0
3600000 0 0e3 1 d8 0 1 0ee 0 0
00094c0 1 142 1 94 1 1 143 1 0
000afa9 1 081 1 af 1 1 082 1 0
3840000 0 07a 1 e1 0 1 085 0 0
3d3ffff 0 0a6 1 f4 1 1 0b1 0 0
32fffff 0 0c2 1 cb 1 1 0cd 0 0
3ac0000 1 080 1 eb 0 1 08b 1 0
3680000 1 021 1 da 0 1 02c 1 0
000a710 0 0bc 1 a7 0 1 0bd 0 0
2f80000 1 05a 1 be 0 1 065 1 0
2bbffff 0 0ec 1 ae 1 1 0f7 0 0
287ffff 0 08b 1 a1 1 1 096 0 0
2640000 0 0d0 1 99 0 1 0db 0 0
2840000 1 0a9 1 a1 0 1 0b4 1 0
000a890 0 077 1 a8 1 1 078 0 0
0007403 1 118 1 e8 0 1 118 1 0
000e03c 0 0af 1 e0 0 1 0b0 0 0
000b67b 1 10a 1 b6 0 1 10b 1 0
000ac06 0 092 1 ac 0 1 093 0 0
23bffff 0 0e7 1 8e 1 1 0f2 0 0
000820b 0 0ce 1 82 0 1 0cf 0 0
000f80f 0 062 1 f8 0 1 063 0 0
0007350 0 059 1 e6 1 1 059 0 0
0008d55 1 114 1 8d 0 1 115 1 0
000abfe 1 12d 1 ab 1 1 12e 1 0
2400000 1 0dc 1 90 0 1 0e7 1 0
0009bff 0 0e5 1 9b 1 1 0e6 0 0
2dfffff 0 049 1 b7 1 1 054 0 0
2380000 1 06a 1 8e 0 1 075 1 0
397ffff 0 0b2 1 e5 1 1 0bd 0 0
30c0000 1 029 1 c3 0 1 034 1 0
00069d2 0 0f8 1 d3 1 1 0f8 0 0
203ffff 0 027 1 80 1 1 032 0 0
00061ef 0 050 1 c3 1 1 050 0 0
2ffffff 0 098 1 bf 1 1 0a3 0 0
3240000 0 0f1 1 c9 0 1 0fc 0 0
000467f 0 0ab 1 8c 1 1 0ab 0 0
0009c2f 1 0cc 1 9c 0 1 0cd 1 0
00065a3 0 133 1 cb 0 1 133 0 0
00075f8 1 0b3 1 eb 1 1 0b3 1 0
3580000 1 022 1 d6 0 1 02d 1 0
3d7ffff 1 0bd 1 f5 1 1 0c8 1 0
29fffff 0 019 1 a7 1 1 024 0 0
00098ff 1 0f6 1 98 1 1 0f7 1 0
0008549 0 102 1 85 0 1 103 0 0
0009eb8 0 0c0 1 9e 1 1 0c1 0 0
3fc0000 1 0f0 1 ff 0 1 0fb 1 0
000964d 0 087 1 96 0 1 088 0 0
3200000 0 0df 1 c8 0 1 0ea 0 0
000c231 1 0a3 1 c2 0 1 0a4 1 0
387ffff 1 0f1 1 e1 1 1 0fc 1 0
24fffff 0 0b5 1 93 1 1 0c0 0 0
000c0f0 0 0aa 1 c0 1 1 0ab 0 0
0009170 0 06a 1 91 0 1 06b 0 0
0008fc2 1 0ab 1 8f 1 1 0ac 1 0
393ffff 1 057 1 e4 1 1 062 1 0
2980000 0 051 1 a6 0 1 05c 0 0
3440000 0 0a6 1 d1 0 1 0b1 0 0
36c0000 0 092 1 db 0 1 09d 0 0
343ffff 0 08e 1 d0 1 1 099 0 0
33fffff 1 0a1 1 cf 1 1 0ac 1 0
2540000 0 0bd 1 95 0 1 0c8 0 0
217ffff 1 0b3 1 85 1 1 0be 1 0
367ffff 1 0e0 1 d9 1 1 0eb 1 0
000ad70 0 088 1 ad 0 1 089 0 0
0007b1f 1 068 1 f6 0 1 068 1 0
37c0000 0 0d4 1 df 0 1 0df 0 0
2a3ffff 1 0d7 1 a8 1 1 0e2 1 0
000438c 1 158 1 87 0 1 158 1 0
000ee4c 1 076 1 ee 0 1 077 1 0
227ffff 0 06d 1 89 1 1 078 0 0
387ffff 1 065 1 e1 1 1 070 1 0
000abf2 1 167 1 ab 1 1 168 1 0
12f9026 1 035 0 97 1 1 03f 1 0
3afffff 1 076 1 eb 1 1 081 1 0
37c0000 1 0ac 1 df 0 1 0b7 1 0
3680000 1 05d 1 da 0 1 068 1 0
002f22e 0 06b 0 bc 1 1 06e 0 0
0009b09 0 03e 1 9b 0 1 03f 0 0
0005e5f 0 118 1 bc 1 1 118 0 0
353ffff 1 0ca 1 d4 1 1 0d5 1 0
323ffff 0 0ab 1 c8 1 1 0b6 0 0
0006d1a 1 04d 1 da 0 1 04d 1 0
0006ea8 0 05d 1 dd 0 1 05d 0 0
000779a 0 0b5 1 ef 0 1 0b5 0 0
000ae8f 1 089 1 ae 1 1 08a 1 0
3180000 0 005 1 c6 0 1 010 0 0
000d198 0 04e 0 d1 1 1 04f 0 0
0009c99 1 0e8 1 9c 1 1 0e9 1 0
000ccc8 1 0e5 1 cc 1 1 0e6 1 0
000ccd1 1 04c 1 cc 1 1 04d 1 0
2200000 1 0dd 1 88 0 1 0e8 1 0
0006f16 1 0e4 0 de 0 1 0e4 1 0
000c969 0 0d1 1 c9 0 1 0d2 0 0
000950f 0 0d6 1 95 0 1 0d7 0 0
2280000 0 08f 1 8a 0 1 09a 0 0
0008cf3 1 0c5 1 8c 1 1 0c6 1 0
000e88c 0 079 1 e8 1 1 07a 0 0
0007244 0 051 1 e4 1 1 051 0 0
0009798 0 076 1 97 1 1 077 0 0
00097d3 0 08e 1 97 1 1 08f 0 0
00076dd 1 101 1 ed 1 1 101 1 0
0007ae3 1 11f 1 f5 1 1 11f 1 0
000747c 1 0cf 1 e8 1 1 0cf 1 0
0019ab0 1 080 0 cd 0 1 082 1 0
000c923 1 072 0 c9 0 1 073 1 0
000abc8 0 100 1 ab 1 1 101 0 0
000d3a4 1 156 1 d3 1 1 157 1 0
323ffff 1 0d6 1 c8 1 1 0e1 1 0
38fffff 1 04f 1 e3 1 1 05a 1 0
25c0000 0 0da 1 97 0 1 0e5 0 0
00098f2 1 0ce 1 98 1 1 0cf 1 0
000a96b 0 071 1 a9 0 1 072 0 0
2d80000 1 0b0 1 b6 0 1 0bb 1 0
00082ca 0 02a 0 82 1 1 02b 0 0
000a176 0 0af 1 a1 0 1 0b0 0 0
367ffff 0 06f 1 d9 1 1 07a 0 0
000a2b2 0 06c 1 a2 1 1 06d 0 0
2c7ffff 1 093 1 b1 1 1 09e 1 0
3e80000 1 0e2 1 fa 0 1 0ed 1 0
0009ab9 0 0b1 1 9a 1 1 0b2 0 0
000675c 1 06e 1 ce 1 1 06e 1 0
000a35c 0 064 1 a3 0 1 065 0 0
3600000 1 036 1 d8 0 1 041 1 0
2d80000 0 0c4 1 b6 0 1 0cf 0 0
3bbffff 0 0b4 1 ee 1 1 0bf 0 0
3140000 0 025 1 c5 0 1 030 0 0
0008933 0 0e2 1 89 0 1 0e3 0 0
000a23f 1 092 1 a2 0 1 093 1 0
383ffff 1 0a0 1 e0 1 1 0ab 1 0
000b280 0 107 1 b2 1 1 108 0 0
0008acc 0 0b4 1 8a 1 1 0b5 0 0
0008520 0 0a7 1 85 0 1 0a8 0 0
000ca7a 0 102 0 ca 0 1 103 0 0
00c5238 1 077 0 c5 0 1 07c 1 0
283ffff 0 0ee 1 a0 1 1 0f9 0 0
3b3ffff 0 0e6 1 ec 1 1 0f1 0 0
000ac0c 1 0ea 1 ac 0 1 0eb 1 0
0008e37 0 06b 1 8e 0 1 06c 0 0
003a663 0 065 0 e9 1 1 068 0 0
000637f 1 097 1 c6 1 1 097 1 0
26fffff 0 0c2 1 9b 1 1 0cd 0 0
0009368 1 046 0 93 0 1 047 1 0
2efffff 1 091 1 bb 1 1 09c 1 0
00080af 0 095 1 80 1 1 096 0 0
34c0000 0 0e5 1 d3 0 1 0f0 0 0
39bffff 1 052 1 e6 1 1 05d 1 0
00090f1 0 054 1 90 1 1 055 0 0
2ac0000 0 0f2 1 ab 0 1 0fd 0 0
227ffff 0 096 1 89 1 1 0a1 0 0
0006788 1 088 1 cf 0 1 088 1 0
00076b8 0 157 1 ed 0 1 157 0 0
0008024 1 047 1 80 0 1 048 1 0
2540000 1 0a6 1 95 0 1 0b1 1 0
2d00000 1 065 1 b4 0 1 070 1 0
2d7ffff 0 08e 1 b5 1 1 099 0 0
3980000 1 0bd 1 e6 0 1 0c8 1 0
3700000 1 0d9 1 dc 0 1 0e4 1 0
3dbffff 0 05f 1 f6 1 1 06a 0 0
03c1920 1 08c 0 f0 0 1 093 1 0
2b00000 1 036 1 ac 0 1 041 1 0
0009a87 1 107 1 9a 1 1 108 1 0
000776f 1 040 1 ee 1 1 040 1 0
3740000 1 0cf 1 dd 0 1 0da 1 0
2f40000 0 0eb 1 bd 0 1 0f6 0 0
3700000 0 0b7 1 dc 0 1 0c2 0 0
1733f6a 1 0dc 0 b9 1 1 0e6 1 0
00093bc 1 0b7 1 93 1 1 0b8 1 0
000991f 0 0cc 1 99 0 1 0cd 0 0
000bbcc 1 0fa 0 bb 1 1 0fb 1 0
0007e34 0 10a 1 fc 0 1 10a 0 0
2ec0000 1 0ee 1 bb 0 1 0f9 1 0
0008040 1 0ad 1 80 0 1 0ae 1 0
00092db 0 0ac 1 92 1 1 0ad 0 0
0007991 0 0de 1 f3 0 1 0de 0 0
000a1c4 0 129 1 a1 1 1 12a 0 0
0007b4b 1 0b2 1 f6 1 1 0b2 1 0
30bffff 1 06f 1 c2 1 1 07a 1 0
000d888 1 016 0 d8 1 1 017 1 0
2ffffff 0 06c 1 bf 1 1 077 0 0
2f80000 0 0ab 1 be 0 1 0b6 0 0
000a760 0 0e6 1 a7 0 1 0e7 0 0
2d00000 1 07d 1 b4 0 1 088 1 0
353ffff 0 01b 1 d4 1 1 026 0 0
000b2da 1 057 1 b2 1 1 058 1 0
0006062 0 104 1 c0 1 1 104 0 0
0007b66 1 15a 1 f6 1 1 15a 1 0
27bffff 0 0c0 1 9e 1 1 0cb 0 0
2e00000 1 0c8 1 b8 0 1 0d3 1 0
39bffff 1 0ca 1 e6 1 1 0d5 1 0
0006705 1 05e 1 ce 0 1 05e 1 0
2580000 0 06b 1 96 0 1 076 0 0
0007463 0 0a7 1 e8 1 1 0a7 0 0
22c0000 1 0ad 1 8b 0 1 0b8 1 0
273ffff 0 05b 1 9c 1 1 066 0 0
00072d0 0 0a3 1 e5 1 1 0a3 0 0
0005cf8 0 0d7 1 b9 1 1 0d7 0 0
3280000 0 06a 1 ca 0 1 075 0 0
0009e27 1 0b8 1 9e 0 1 0b9 1 0
000a757 1 0d0 1 a7 0 1 0d1 1 0
0008aac 1 06d 0 8a 1 1 06e 1 0
000b1fe 1 082 1 b1 1 1 083 1 0
2d00000 0 0c2 1 b4 0 1 0cd 0 0
000aba8 0 123 1 ab 1 1 124 0 0
000a140 0 04d 0 a1 0 1 04e 0 0
233ffff 0 3f9 1 8c 1 1 004 0 0
3300000 0 06a 1 cc 0 1 075 0 0
3dfffff 0 0eb 1 f7 1 1 0f6 0 0
000a458 0 0ba 0 a4 0 1 0bb 0 0
25bffff 1 0ce 1 96 1 1 0d9 1 0
0007599 1 0b1 1 eb 0 1 0b1 1 0
3e7ffff 0 03b 1 f9 1 1 046 0 0
263ffff 0 0b5 1 98 1 1 0c0 0 0
0006afb 0 117 1 d5 1 1 117 0 0
2c7ffff 0 062 1 b1 1 1 06d 0 0
000a2dd 1 02b 1 a2 1 1 02c 1 0
000b5e0 0 091 1 b5 1 1 092 0 0
00067e3 1 112 1 cf 1 1 112 1 0
0009de3 0 07a 1 9d 1 1 07b 0 0
3bfffff 0 0d3 1 ef 1 1 0de 0 0
38bffff 1 050 1 e2 1 1 05b 1 0
0005c0b 0 080 1 b8 0 1 080 0 0
0006a9f 0 04a 0 d5 0 1 04a 0 0
21bffff 0 08c 1 86 1 1 097 0 0
000b12f 0 12d 1 b1 0 1 12e 0 0
0005a90 1 12f 1 b5 0 1 12f 1 0
0004f50 1 023 1 9e 1 1 023 1 0
000ac79 1 0b0 1 ac 0 1 0b1 1 0
000a029 0 10b 1 a0 0 1 10c 0 0
2bbffff 1 0e8 1 ae 1 1 0f3 1 0
0005ac7 0 09a 1 b5 1 1 09a 0 0
34c0000 0 03b 1 d3 0 1 046 0 0
3b00000 1 0ad 1 ec 0 1 0b8 1 0
00069c9 0 065 1 d3 1 1 065 0 0
2d00000 1 0df 1 b4 0 1 0ea 1 0
0008ebd 1 08e 1 8e 1 1 08f 1 0
000a3e5 0 10c 1 a3 1 1 10d 0 0
0008997 1 0ea 1 89 1 1 0eb 1 0
000909e 1 0a9 1 90 1 1 0aa 1 0
3440000 0 0c7 1 d1 0 1 0d2 0 0
367ffff 0 095 1 d9 1 1 0a0 0 0
0009a49 1 068 1 9a 0 1 069 1 0
000b330 0 039 1 b3 0 1 03a 0 0
293ffff 1 021 1 a4 1 1 02c 1 0
283ffff 1 0a0 1 a0 1 1 0ab 1 0
000d886 1 05c 1 d8 1 1 05d 1 0
3afffff 1 036 1 eb 1 1 041 1 0
000c322 0 057 1 c3 0 1 058 0 0
2d7ffff 0 0b7 1 b5 1 1 0c2 0 0
0007f38 0 10c 1 fe 0 1 10c 0 0
0008bbf 1 0f6 1 8b 1 1 0f7 1 0
32c0000 1 0c1 1 cb 0 1 0cc 1 0
3000000 1 0b1 1 c0 0 1 0bc 1 0
203ffff 1 0a8 1 80 1 1 0b3 1 0
3280000 1 0bf 1 ca 0 1 0ca 1 0
0034d48 0 095 0 d3 0 1 098 0 0
2d7ffff 1 056 1 b5 1 1 061 1 0
2b40000 1 0a2 1 ad 0 1 0ad 1 0
3540000 0 077 1 d5 0 1 082 0 0
397ffff 1 057 1 e5 1 1 062 1 0
000bfe5 0 13d 1 bf 1 1 13e 0 0
3f40000 1 049 1 fd 0 1 054 1 0
0007802 1 018 1 f0 0 1 018 1 0
26bffff 1 074 1 9a 1 1 07f 1 0
3b7ffff 1 0b0 1 ed 1 1 0bb 1 0
39bffff 0 086 1 e6 1 1 091 0 0
2dbffff 0 0ad 1 b6 1 1 0b8 0 0
00087aa 1 0ad 1 87 1 1 0ae 1 0
000be36 1 05a 0 be 0 1 05b 1 0
0007be4 1 0fa 1 f7 1 1 0fa 1 0
000844c 1 09e 0 84 0 1 09f 1 0
00084cf 0 111 1 84 1 1 112 0 0
2d00000 0 0f1 1 b4 0 1 0fc 0 0
000a1ba 1 07f 1 a1 1 1 080 1 0
000c539 1 10a 1 c5 0 1 10b 1 0
303ffff 0 0b6 1 c0 1 1 0c1 0 0
3ac0000 1 049 1 eb 0 1 054 1 0
000763a 0 0ab 1 ec 0 1 0ab 0 0
217ffff 0 0c9 1 85 1 1 0d4 0 0
3ac0000 1 0ac 1 eb 0 1 0b7 1 0
0006aa4 1 08a 1 d5 0 1 08a 1 0
3300000 1 0d1 1 cc 0 1 0dc 1 0
393ffff 0 0aa 1 e4 1 1 0b5 0 0
00094e2 1 10b 1 94 1 1 10c 1 0
29fffff 1 003 1 a7 1 1 00e 1 0
2180000 0 030 1 86 0 1 03b 0 0
38c0000 0 04c 1 e3 0 1 057 0 0
000ae3b 1 126 1 ae 0 1 127 1 0
000788a 1 071 1 f1 0 1 071 1 0
0004da7 0 0b4 1 9b 0 1 0b4 0 0
00073fe 1 100 1 e7 1 1 100 1 0
27bffff 0 0d6 1 9e 1 1 0e1 0 0
20c0000 0 0a1 1 83 0 1 0ac 0 0
0008785 0 00b 1 87 1 1 00c 0 0
0009e55 0 08d 1 9e 0 1 08e 0 0
247ffff 1 00b 1 91 1 1 016 1 0
38bffff 0 0e5 1 e2 1 1 0f0 0 0
0008f43 0 088 1 8f 0 1 089 0 0
000c2bb 1 06d 1 c2 1 1 06e 1 0
243ffff 0 0b1 1 90 1 1 0bc 0 0
000a315 0 12b 1 a3 0 1 12c 0 0
000c66b 1 0a5 1 c6 0 1 0a6 1 0
3140000 1 05d 1 c5 0 1 068 1 0
26c0000 1 08a 1 9b 0 1 095 1 0
0007c8e 1 100 1 f9 0 1 100 1 0
203ffff 1 0e1 1 80 1 1 0ec 1 0
2080000 0 0af 1 82 0 1 0ba 0 0
2380000 0 028 1 8e 0 1 033 0 0
207ffff 0 3f6 1 81 1 1 001 0 0
3280000 1 03a 1 ca 0 1 045 1 0
0008c1b 0 0f4 1 8c 0 1 0f5 0 0
3d00000 1 0d9 1 f4 0 1 0e4 1 0
000e6a8 0 0bc 1 e6 1 1 0bd 0 0
0008426 0 0fb 1 84 0 1 0fc 0 0
00078fb 1 071 1 f1 1 1 071 1 0
0008af6 0 0c9 1 8a 1 1 0ca 0 0
223ffff 0 0a2 1 88 1 1 0ad 0 0
000903c 1 089 1 90 0 1 08a 1 0
0006d13 0 079 1 da 0 1 079 0 0
00078dc 1 082 1 f1 1 1 082 1 0
2940000 1 097 1 a5 0 1 0a2 1 0
2cbffff 0 0a1 1 b2 1 1 0ac 0 0
000b481 0 12b 1 b4 1 1 12c 0 0
000d502 0 101 1 d5 0 1 102 0 0
217ffff 1 021 1 85 1 1 02c 1 0
23c0000 1 0e1 1 8f 0 1 0ec 1 0
0009567 0 05d 1 95 0 1 05e 0 0
0009249 1 0ac 1 92 0 1 0ad 1 0
0028864 1 0d4 0 a2 0 1 0d7 1 0
0006524 1 0d7 1 ca 0 1 0d7 1 0
0007c94 1 0b1 1 f9 0 1 0b1 1 0
36fffff 0 0b9 1 db 1 1 0c4 0 0
21fffff 0 0b9 1 87 1 1 0c4 0 0
0008e92 0 0c1 0 8e 1 1 0c2 0 0
37c0000 1 094 1 df 0 1 09f 1 0
2c7ffff 0 0bb 1 b1 1 1 0c6 0 0
257ffff 0 050 1 95 1 1 05b 0 0
2a3ffff 0 0ab 1 a8 1 1 0b6 0 0
000dc49 0 0f1 1 dc 0 1 0f2 0 0
2640000 0 0e3 1 99 0 1 0ee 0 0
000a07a 0 09a 1 a0 0 1 09b 0 0
0007750 0 12c 1 ee 1 1 12c 0 0
000c3f0 1 0d0 1 c3 1 1 0d1 1 0
28bffff 0 09a 1 a2 1 1 0a5 0 0
00070bb 0 125 1 e1 0 1 125 0 0
000be96 1 178 1 be 1 1 179 1 0
00f46a1 0 05f 0 f4 0 1 064 0 0
00073a6 0 12a 1 e7 0 1 12a 0 0
32fffff 1 04e 1 cb 1 1 059 1 0
000ae9e 1 073 1 ae 1 1 074 1 0
2600000 1 0c5 1 98 0 1 0d0 1 0
2040000 0 073 1 81 0 1 07e 0 0
00081d1 1 115 1 81 1 1 116 1 0
00086ee 0 09e 1 86 1 1 09f 0 0
0075bc0 1 07c 0 eb 0 1 080 1 0
2140000 0 0dc 1 85 0 1 0e7 0 0
00098da 0 105 1 98 1 1 106 0 0
233ffff 0 038 1 8c 1 1 043 0 0
000b7ba 0 141 1 b7 1 1 142 0 0
3a80000 0 08a 1 ea 0 1 095 0 0
000c539 1 07d 1 c5 0 1 07e 1 0
000debc 0 14e 1 de 1 1 14f 0 0
227ffff 0 07b 1 89 1 1 086 0 0
27fffff 1 0bd 1 9f 1 1 0c8 1 0
24bffff 1 0bb 1 92 1 1 0c6 1 0
3dfffff 0 064 1 f7 1 1 06f 0 0
23c0000 1 0b2 1 8f 0 1 0bd 1 0
3d7ffff 1 032 1 f5 1 1 03d 1 0
39fffff 0 080 1 e7 1 1 08b 0 0
0006d96 0 10a 1 db 0 1 10a 0 0
000aa88 1 0ac 1 aa 1 1 0ad 1 0
000aa9f 1 0a2 1 aa 1 1 0a3 1 0
207ffff 1 08e 1 81 1 1 099 1 0
00081f9 1 135 1 81 1 1 136 1 0
33c0000 1 0dc 1 cf 0 1 0e7 1 0
34c0000 0 0bd 1 d3 0 1 0c8 0 0
0009973 0 094 1 99 0 1 095 0 0
0007e90 1 07a 1 fd 0 1 07a 1 0
2740000 0 0d9 1 9d 0 1 0e4 0 0
000686a 0 103 1 d0 1 1 103 0 0
0007e4c 0 125 1 fc 1 1 125 0 0
000d86e 1 117 1 d8 0 1 118 1 0
0005f84 1 090 1 bf 0 1 090 1 0
0008e41 0 071 1 8e 0 1 072 0 0
000ab94 0 069 1 ab 1 1 06a 0 0
0005ba1 1 047 0 b7 0 1 047 1 0
3e7ffff 1 048 1 f9 1 1 053 1 0
387ffff 0 0dc 1 e1 1 1 0e7 0 0
36fffff 1 0d9 1 db 1 1 0e4 1 0
000941a 1 113 1 94 0 1 114 1 0
26c0000 1 0af 1 9b 0 1 0ba 1 0
2300000 1 0d5 1 8c 0 1 0e0 1 0
3abffff 1 08d 1 ea 1 1 098 1 0
38fffff 0 058 1 e3 1 1 063 0 0
23c0000 0 060 1 8f 0 1 06b 0 0
393ffff 1 09b 1 e4 1 1 0a6 1 0
29c0000 1 06e 1 a7 0 1 079 1 0
000611f 1 122 1 c2 0 1 122 1 0
3080000 1 0a8 1 c2 0 1 0b3 1 0
273ffff 0 09e 1 9c 1 1 0a9 0 0
2e80000 1 0c3 1 ba 0 1 0ce 1 0
0005901 0 0aa 1 b2 0 1 0aa 0 0
31bffff 1 0da 1 c6 1 1 0e5 1 0
23bffff 0 0e4 1 8e 1 1 0ef 0 0
22c0000 0 0dc 1 8b 0 1 0e7 0 0
3dbffff 1 087 1 f6 1 1 092 1 0
00077a0 0 098 1 ef 0 1 098 0 0
2140000 1 0eb 1 85 0 1 0f6 1 0
2900000 1 0bb 1 a4 0 1 0c6 1 0
00090ba 1 0bc 1 90 1 1 0bd 1 0
0007ab8 0 0ee 1 f5 0 1 0ee 0 0
00094b0 1 0c0 1 94 1 1 0c1 1 0
2a3ffff 1 0e3 1 a8 1 1 0ee 1 0
257ffff 1 03d 1 95 1 1 048 1 0
00087d7 0 090 1 87 1 1 091 0 0
000b67b 0 0ff 1 b6 0 1 100 0 0
2900000 1 0d5 1 a4 0 1 0e0 1 0
0006dd4 1 122 1 db 1 1 122 1 0
0005e71 0 110 1 bc 1 1 110 0 0
000b281 1 07b 0 b2 1 1 07c 1 0
000b8cd 0 0ff 1 b8 1 1 100 0 0
3dfffff 0 0e3 1 f7 1 1 0ee 0 0
0008e67 1 0ee 1 8e 0 1 0ef 1 0
00056d5 0 0d7 1 ad 1 1 0d7 0 0
000bdc1 1 166 1 bd 1 1 167 1 0
0009146 0 134 1 91 0 1 135 0 0
387ffff 0 013 1 e1 1 1 01e 0 0
00052b2 0 0a3 1 a5 0 1 0a3 0 0
0009a9b 1 063 1 9a 1 1 064 1 0
0006242 0 0ff 1 c4 1 1 0ff 0 0
0007787 0 13a 1 ef 0 1 13a 0 0
0008b6f 0 064 1 8b 0 1 065 0 0
0008cb6 0 04e 1 8c 1 1 04f 0 0
3700000 1 0d1 1 dc 0 1 0dc 1 0
3140000 1 097 1 c5 0 1 0a2 1 0
3540000 0 0cd 1 d5 0 1 0d8 0 0
25c0000 1 0bc 1 97 0 1 0c7 1 0
283ffff 0 0bb 1 a0 1 1 0c6 0 0
000b46d 1 074 1 b4 0 1 075 1 0
3f40000 1 0d7 1 fd 0 1 0e2 1 0
000b0fc 0 105 1 b0 1 1 106 0 0
000968a 0 0b9 1 96 1 1 0ba 0 0
2440000 0 0b4 1 91 0 1 0bf 0 0
00098ab 1 15c 1 98 1 1 15d 1 0
000b65e 0 10c 1 b6 0 1 10d 0 0
0007ae7 0 058 1 f5 1 1 058 0 0
0008a99 0 055 1 8a 1 1 056 0 0
000875e 1 0d1 1 87 0 1 0d2 1 0
00097d4 1 10f 1 97 1 1 110 1 0
2ebffff 0 034 1 ba 1 1 03f 0 0
0007d6d 0 102 1 fa 1 1 102 0 0
0007597 1 0c4 1 eb 0 1 0c4 1 0
00083a0 0 04a 1 83 1 1 04b 0 0
0006eb6 0 05f 1 dd 0 1 05f 0 0
247ffff 1 0d9 1 91 1 1 0e4 1 0
0007b5f 0 075 1 f6 1 1 075 0 0
0008181 0 155 1 81 1 1 156 0 0
2040000 0 0ce 1 81 0 1 0d9 0 0
000c2e5 1 01d 1 c2 1 1 01e 1 0
3a7ffff 0 09c 1 e9 1 1 0a7 0 0
2efffff 0 0a9 1 bb 1 1 0b4 0 0
3680000 0 08a 1 da 0 1 095 0 0
000a1cc 0 0b0 1 a1 1 1 0b1 0 0
0007bde 1 139 1 f7 1 1 139 1 0
2dc0000 0 0d4 1 b7 0 1 0df 0 0
3240000 0 01b 1 c9 0 1 026 0 0
3800000 0 06e 1 e0 0 1 079 0 0
000a298 0 0ae 1 a2 1 1 0af 0 0
0009ba0 0 0d4 1 9b 1 1 0d5 0 0
3b80000 0 0e1 1 ee 0 1 0ec 0 0
3d3ffff 1 023 1 f4 1 1 02e 1 0
23fffff 1 045 1 8f 1 1 050 1 0
233ffff 1 011 1 8c 1 1 01c 1 0
3940000 0 0c9 1 e5 0 1 0d4 0 0
00057a7 0 111 1 af 0 1 111 0 0
393ffff 0 0f1 1 e4 1 1 0fc 0 0
000e4d4 1 030 0 e4 1 1 031 1 0
000860f 0 07c 1 86 0 1 07d 0 0
2000000 0 0e7 1 80 0 1 0f2 0 0
2b00000 1 042 1 ac 0 1 04d 1 0
0009345 0 0d6 1 93 0 1 0d7 0 0
0006280 0 09e 1 c5 0 1 09e 0 0
2fbffff 1 062 1 be 1 1 06d 1 0
36fffff 1 0b4 1 db 1 1 0bf 1 0
22c0000 0 0ca 1 8b 0 1 0d5 0 0
0006ced 1 0e6 0 d9 1 1 0e6 1 0
0008e8a 0 0bf 1 8e 1 1 0c0 0 0
3bc0000 1 0d4 1 ef 0 1 0df 1 0
3e00000 1 06d 1 f8 0 1 078 1 0
0008be3 1 096 1 8b 1 1 097 1 0
2540000 1 074 1 95 0 1 07f 1 0
000880b 0 0b1 1 88 0 1 0b2 0 0
000b336 0 0ad 1 b3 0 1 0ae 0 0
000c65a 0 079 1 c6 0 1 07a 0 0
0008e93 1 0c5 1 8e 1 1 0c6 1 0
010f9a6 1 036 0 87 1 1 03c 1 0
3ebffff 0 064 1 fa 1 1 06f 0 0
2c7ffff 0 0c8 1 b1 1 1 0d3 0 0
000bdfb 1 066 1 bd 1 1 067 1 0
3f00000 1 060 1 fc 0 1 06b 1 0
2000000 0 0da 1 80 0 1 0e5 0 0
36bffff 1 0e0 1 da 1 1 0eb 1 0
0008c38 0 061 0 8c 0 1 062 0 0
3040000 1 0eb 1 c1 0 1 0f6 1 0
27c0000 0 3f9 1 9f 0 1 004 0 0
0007c2b 0 08c 1 f8 0 1 08c 0 0
00079eb 0 0bd 1 f3 1 1 0bd 0 0
00098ed 0 11d 1 98 1 1 11e 0 0
34fffff 0 0b0 1 d3 1 1 0bb 0 0
000a861 0 09a 1 a8 0 1 09b 0 0
35fffff 1 0c6 1 d7 1 1 0d1 1 0
000a314 1 061 1 a3 0 1 062 1 0
24bffff 1 0bb 1 92 1 1 0c6 1 0
0009d8a 0 090 1 9d 1 1 091 0 0
000b87f 1 0ce 1 b8 0 1 0cf 1 0
000b92b 0 094 1 b9 0 1 095 0 0
3a3ffff 0 0d1 1 e8 1 1 0dc 0 0
000b8c3 1 0ba 1 b8 1 1 0bb 1 0
3fbffff 0 066 1 fe 1 1 071 0 0
0006030 0 12a 1 c0 0 1 12a 0 0
2cbffff 0 3fb 1 b2 1 1 006 0 0
3cbffff 0 0d9 1 f2 1 1 0e4 0 0
25bffff 0 0c5 1 96 1 1 0d0 0 0
000ef3c 1 0c0 1 ef 0 1 0c1 1 0
0008e46 0 0ba 1 8e 0 1 0bb 0 0
29fffff 0 0d0 1 a7 1 1 0db 0 0
253ffff 1 0da 1 94 1 1 0e5 1 0
000b703 1 030 1 b7 0 1 031 1 0
393ffff 1 0da 1 e4 1 1 0e5 1 0
3dbffff 0 067 1 f6 1 1 072 0 0
0004aa5 0 046 1 95 0 1 046 0 0
000c1ee 1 0da 1 c1 1 1 0db 1 0
000b562 0 0ea 1 b5 0 1 0eb 0 0
3d3ffff 1 0b6 1 f4 1 1 0c1 1 0
3840000 0 0eb 1 e1 0 1 0f6 0 0
0007e39 0 09f 1 fc 0 1 09f 0 0
00072e8 0 0ca 0 e5 1 1 0ca 0 0
353ffff 0 091 1 d4 1 1 09c 0 0
3c3ffff 1 07d 1 f0 1 1 088 1 0
20c0000 0 031 1 83 0 1 03c 0 0
0008e77 0 040 1 8e 0 1 041 0 0
000a560 0 0c5 1 a5 0 1 0c6 0 0
0006c87 0 0ab 1 d9 0 1 0ab 0 0
3f80000 1 0de 1 fe 0 1 0e9 1 0
34bffff 0 076 1 d2 1 1 081 0 0
293ffff 0 061 1 a4 1 1 06c 0 0
32c0000 1 020 1 cb 0 1 02b 1 0
0008ed2 0 0bf 1 8e 1 1 0c0 0 0
3b7ffff 1 0aa 1 ed 1 1 0b5 1 0
3d40000 1 065 1 f5 0 1 070 1 0
28c0000 1 0dd 1 a3 0 1 0e8 1 0
000bb44 0 133 1 bb 0 1 134 0 0
3f3ffff 0 0f3 1 fc 1 1 0fe 0 0
227ffff 0 0a8 1 89 1 1 0b3 0 0
223ffff 0 021 1 88 1 1 02c 0 0
33bffff 0 0ec 1 ce 1 1 0f7 0 0
2580000 1 01d 1 96 0 1 028 1 0
0882ba2 0 3fd 0 88 0 1 006 0 0
33c0000 0 06b 1 cf 0 1 076 0 0
2d7ffff 1 0ee 1 b5 1 1 0f9 1 0
20c0000 0 0ea 1 83 0 1 0f5 0 0
3000000 0 001 1 c0 0 1 00c 0 0
000b26a 0 156 1 b2 0 1 157 0 0
000f231 0 0ca 1 f2 0 1 0cb 0 0
0007826 1 09e 1 f0 0 1 09e 1 0
000582c 1 077 0 b0 0 1 077 1 0
000cb3c 1 006 0 cb 0 1 007 1 0
000b033 0 0f4 1 b0 0 1 0f5 0 0
0007efb 0 035 1 fd 1 1 035 0 0
35bffff 1 068 1 d6 1 1 073 1 0
000e31b 1 0db 1 e3 0 1 0dc 1 0
2e7ffff 0 053 1 b9 1 1 05e 0 0
00086f3 0 0a9 1 86 1 1 0aa 0 0
0005c93 0 0ac 1 b9 0 1 0ac 0 0
3a80000 0 0ab 1 ea 0 1 0b6 0 0
0004a3f 0 0de 1 94 0 1 0de 0 0
00072d0 0 145 1 e5 1 1 145 0 0
3a80000 1 062 1 ea 0 1 06d 1 0
2280000 0 0b7 1 8a 0 1 0c2 0 0
26bffff 0 0f1 1 9a 1 1 0fc 0 0
3a00000 1 0ad 1 e8 0 1 0b8 1 0
3f80000 0 0c2 1 fe 0 1 0cd 0 0
3a40000 1 0a9 1 e9 0 1 0b4 1 0
0006610 1 0f3 1 cc 0 1 0f3 1 0
0008c53 1 09a 1 8c 0 1 09b 1 0
000b013 0 105 1 b0 0 1 106 0 0
000e630 1 0cb 1 e6 0 1 0cc 1 0
0006597 1 07d 1 cb 0 1 07d 1 0
000aa65 1 16b 1 aa 0 1 16c 1 0
333ffff 1 0db 1 cc 1 1 0e6 1 0
3840000 1 064 1 e1 0 1 06f 1 0
000b947 1 0e9 1 b9 0 1 0ea 1 0
27bffff 0 0db 1 9e 1 1 0e6 0 0
2840000 0 0e3 1 a1 0 1 0ee 0 0
3efffff 1 0a0 1 fb 1 1 0ab 1 0
0006fb7 0 0a2 1 df 0 1 0a2 0 0
0006838 1 119 1 d0 0 1 119 1 0
0007328 1 0df 1 e6 0 1 0df 1 0
0009767 0 083 1 97 0 1 084 0 0
34c0000 0 0c7 1 d3 0 1 0d2 0 0
0008267 1 0e7 1 82 0 1 0e8 1 0
0008849 0 096 1 88 0 1 097 0 0
0007584 1 12a 1 eb 0 1 12a 1 0
000a961 0 103 1 a9 0 1 104 0 0
000ca78 1 148 1 ca 0 1 149 1 0
3f7ffff 0 09e 1 fd 1 1 0a9 0 0
00076f2 0 0b3 1 ed 1 1 0b3 0 0
000ee11 0 12e 1 ee 0 1 12f 0 0
0005f69 1 0d2 1 be 1 1 0d2 1 0
2dfffff 0 031 1 b7 1 1 03c 0 0
3600000 1 074 1 d8 0 1 07f 1 0
0007c2a 0 0ca 1 f8 0 1 0ca 0 0
2dc0000 0 0db 1 b7 0 1 0e6 0 0
000ee2c 0 09c 1 ee 0 1 09d 0 0
38fffff 0 0db 1 e3 1 1 0e6 0 0
0009112 1 092 0 91 0 1 093 1 0
000c07b 0 091 1 c0 0 1 092 0 0
3a3ffff 1 0a2 1 e8 1 1 0ad 1 0
3e40000 0 096 1 f9 0 1 0a1 0 0
3840000 0 0dd 1 e1 0 1 0e8 0 0
0006c5a 0 097 1 d8 1 1 097 0 0
38fffff 0 08c 1 e3 1 1 097 0 0
3bbffff 1 077 1 ee 1 1 082 1 0
0007470 0 0ad 1 e8 1 1 0ad 0 0
29c0000 1 0e9 1 a7 0 1 0f4 1 0
000d28b 1 0e7 1 d2 1 1 0e8 1 0
2880000 1 096 0 a2 0 0 0a1 1 0
3b80000 1 06a 1 ee 0 1 075 1 0
2680000 1 034 1 9a 0 1 03f 1 0
2000000 0 046 1 80 0 1 051 0 0
000614f 1 11b 1 c2 1 1 11b 1 0
00eb59d 0 0bc 0 eb 0 1 0c1 0 0
00084af 1 108 1 84 1 1 109 1 0
0009852 1 0e0 1 98 0 1 0e1 1 0
00078dc 0 035 0 f1 1 1 035 0 0
0008095 1 0e2 1 80 1 1 0e3 1 0
000d240 0 065 1 d2 0 1 066 0 0
3fbffff 1 008 1 fe 1 1 013 1 0
0004a93 1 116 1 95 0 1 116 1 0
3dc0000 0 08c 1 f7 0 1 097 0 0
22bffff 0 058 1 8a 1 1 063 0 0
000c287 1 074 1 c2 1 1 075 1 0
00095e8 0 0f3 1 95 1 1 0f4 0 0
2afffff 1 0a8 1 ab 1 1 0b3 1 0
00083a0 0 080 1 83 1 1 081 0 0
0009174 0 0e9 1 91 0 1 0ea 0 0
2f00000 1 3fd 1 bc 0 1 008 1 0
000de14 0 0dd 1 de 0 1 0de 0 0
00099bf 1 112 1 99 1 1 113 1 0
3800000 0 0a2 1 e0 0 1 0ad 0 0
0007f5e 1 0ed 1 fe 1 1 0ed 1 0
000b3b8 0 0f9 1 b3 1 1 0fa 0 0
004cfae 1 072 0 99 1 1 076 1 0
000594d 1 155 1 b2 1 1 155 1 0
00d1170 1 034 0 d1 0 1 039 1 0
0009eff 0 168 1 9e 1 1 169 0 0
000d808 0 0ca 1 d8 0 1 0cb 0 0
00078c4 0 047 1 f1 1 1 047 0 0
0007a20 0 097 0 f4 0 1 097 0 0
33bffff 0 08a 1 ce 1 1 095 0 0
0009e20 1 121 1 9e 0 1 122 1 0
0009f92 0 091 1 9f 1 1 092 0 0
00068a3 0 080 1 d1 0 1 080 0 0
00093d6 0 0a8 1 93 1 1 0a9 0 0
0006dec 0 113 1 db 1 1 113 0 0
0006f7f 1 08a 1 de 1 1 08a 1 0
0009c52 0 0a0 1 9c 0 1 0a1 0 0
000ab43 0 0ab 1 ab 0 1 0ac 0 0
00071fc 1 09e 1 e3 1 1 09e 1 0
3a3ffff 1 051 1 e8 1 1 05c 1 0
000f221 0 0ff 1 f2 0 1 100 0 0
3afffff 1 093 1 eb 1 1 09e 1 0
22fffff 1 08e 1 8b 1 1 099 1 0
000c23c 1 07b 1 c2 0 1 07c 1 0
0008df7 1 154 1 8d 1 1 155 1 0
3a80000 0 063 1 ea 0 1 06e 0 0
2240000 1 082 1 89 0 1 08d 1 0
0007c29 1 0fb 1 f8 0 1 0fb 1 0
2ec0000 0 0ee 1 bb 0 1 0f9 0 0
31fffff 0 0c8 1 c7 1 1 0d3 0 0
00093c4 0 0b1 1 93 1 1 0b2 0 0
35bffff 0 0f3 1 d6 1 1 0fe 0 0
000d1ff 0 079 1 d1 1 1 07a 0 0
00057b3 0 0a5 1 af 0 1 0a5 0 0
1aa9914 1 07d 0 d5 0 1 087 1 0
3640000 1 09b 1 d9 0 1 0a6 1 0
0004ae7 1 13b 1 95 1 1 13b 1 0
000899a 1 0ff 1 89 1 1 100 1 0
2100000 1 0ec 1 84 0 1 0f7 1 0
0009fb5 0 146 1 9f 1 1 147 0 0
21c0000 0 045 1 87 0 1 050 0 0
3e80000 0 0b8 1 fa 0 1 0c3 0 0
29fffff 0 075 1 a7 1 1 080 0 0
00094c8 0 0a8 1 94 1 1 0a9 0 0
00068b0 0 09f 1 d1 0 1 09f 0 0
0009925 1 05c 1 99 0 1 05d 1 0
2c7ffff 1 01d 1 b1 1 1 028 1 0
2c7ffff 0 0f2 1 b1 1 1 0fd 0 0
0009e70 0 090 0 9e 0 1 091 0 0
32fffff 0 063 1 cb 1 1 06e 0 0
2780000 1 05f 1 9e 0 1 06a 1 0
3380000 1 0c4 1 ce 0 1 0cf 1 0
000c7ca 1 090 1 c7 1 1 091 1 0
2f00000 1 0a6 1 bc 0 1 0b1 1 0
000648b 1 157 1 c9 0 1 157 1 0
0006abb 0 07f 1 d5 0 1 07f 0 0
383ffff 1 082 1 e0 1 1 08d 1 0
00061fc 1 0b0 0 c3 1 1 0b0 1 0
3c80000 1 0dd 1 f2 0 1 0e8 1 0
000980c 1 097 0 98 0 1 098 1 0
00053a6 1 0d6 1 a7 0 1 0d6 1 0
0007d06 1 04c 1 fa 0 1 04c 1 0
000a8f2 0 11d 1 a8 1 1 11e 0 0
3e00000 0 0a8 1 f8 0 1 0b3 0 0
3400000 0 00f 1 d0 0 1 01a 0 0
34fffff 0 05e 1 d3 1 1 069 0 0
0008a2b 0 111 1 8a 0 1 112 0 0
2480000 1 0ef 1 92 0 1 0fa 1 0
00046aa 0 10b 1 8d 0 1 10b 0 0
000a271 0 070 1 a2 0 1 071 0 0
000bb62 1 131 1 bb 0 1 132 1 0
3fbffff 0 0a6 1 fe 1 1 0b1 0 0
00079e0 1 051 1 f3 1 1 051 1 0
000a857 0 08b 1 a8 0 1 08c 0 0
000af17 0 0d4 1 af 0 1 0d5 0 0
0008dfd 0 04c 1 8d 1 1 04d 0 0
33c0000 0 0c8 1 cf 0 1 0d3 0 0
0009f1e 1 168 1 9f 0 1 169 1 0
3f7ffff 1 05b 1 fd 1 1 066 1 0
3ac0000 0 08a 1 eb 0 1 095 0 0
25fffff 1 09b 1 97 1 1 0a6 1 0
3b3ffff 0 0f1 1 ec 1 1 0fc 0 0
3100000 1 074 1 c4 0 1 07f 1 0
0008f3d 1 075 1 8f 0 1 076 1 0
2ebffff 1 037 1 ba 1 1 042 1 0
0006f68 1 10d 1 de 1 1 10d 1 0
000acb7 0 04f 1 ac 1 1 050 0 0
0007091 1 039 0 e1 0 1 039 1 0
2700000 1 052 1 9c 0 1 05d 1 0
0009f00 0 133 1 9f 0 1 134 0 0
0007110 1 09c 1 e2 0 1 09c 1 0
000bfa2 0 08b 1 bf 1 1 08c 0 0
343ffff 0 079 1 d0 1 1 084 0 0
0009e61 1 059 1 9e 0 1 05a 1 0
000b8e7 1 0eb 1 b8 1 1 0ec 1 0
000a5b0 1 0b9 1 a5 1 1 0ba 1 0
0008132 1 10b 1 81 0 1 10c 1 0
0009f5a 1 091 1 9f 0 1 092 1 0
000b216 0 0ed 1 b2 0 1 0ee 0 0
0007614 0 0be 1 ec 0 1 0be 0 0
00062f2 0 11a 1 c5 1 1 11a 0 0
35fffff 1 05e 1 d7 1 1 069 1 0
000483f 1 0ce 1 90 0 1 0ce 1 0
3dbffff 0 0d2 1 f6 1 1 0dd 0 0
217ffff 0 093 1 85 1 1 09e 0 0
3480000 1 0d6 1 d2 0 1 0e1 1 0
2840000 1 05d 1 a1 0 1 068 1 0
3540000 0 0bb 1 d5 0 1 0c6 0 0
3300000 1 03f 1 cc 0 1 04a 1 0
3d00000 1 0d3 1 f4 0 1 0de 1 0
0005d3e 1 09f 1 ba 0 1 09f 1 0
203ffff 1 07f 1 80 1 1 08a 1 0
004b9f6 1 0d6 0 97 0 1 0da 1 0
2780000 0 0c8 1 9e 0 1 0d3 0 0
2f80000 0 074 0 be 0 0 07f 0 0
000b918 0 04f 1 b9 0 1 050 0 0
36c0000 0 09d 1 db 0 1 0a8 0 0
3400000 1 0ce 1 d0 0 1 0d9 1 0
2040000 1 08c 1 81 0 1 097 1 0
2840000 1 08c 1 a1 0 1 097 1 0
2a80000 1 0eb 1 aa 0 1 0f6 1 0
30fffff 1 019 1 c3 1 1 024 1 0
0007c85 0 059 1 f9 0 1 059 0 0
2540000 1 0b3 1 95 0 1 0be 1 0
0009235 1 0c6 1 92 0 1 0c7 1 0
3340000 1 059 1 cd 0 1 064 1 0
2740000 0 090 1 9d 0 1 09b 0 0
000ac58 1 0e7 1 ac 0 1 0e8 1 0
2ebffff 0 05a 1 ba 1 1 065 0 0
0006955 1 131 1 d2 1 1 131 1 0
0005cba 0 066 1 b9 0 1 066 0 0
303ffff 1 09f 1 c0 1 1 0aa 1 0
0007b64 0 0fe 1 f6 1 1 0fe 0 0
0008b20 1 09a 1 8b 0 1 09b 1 0
000529c 1 0e8 0 a5 0 1 0e8 1 0
00096c7 0 0d6 1 96 1 1 0d7 0 0
00071bf 1 0f3 1 e3 0 1 0f3 1 0
2cc0000 1 0a0 1 b3 0 1 0ab 1 0
0009cf3 1 09b 1 9c 1 1 09c 1 0
0007377 1 157 1 e6 1 1 157 1 0
3f7ffff 0 0a9 1 fd 1 1 0b4 0 0
0007f5c 1 0b8 1 fe 1 1 0b8 1 0
0005342 0 0f0 1 a6 1 1 0f0 0 0
0009108 1 118 1 91 0 1 119 1 0
287ffff 1 089 1 a1 1 1 094 1 0
3e80000 0 09d 1 fa 0 1 0a8 0 0
000a3c3 1 0f0 1 a3 1 1 0f1 1 0
2dc0000 0 0f0 1 b7 0 1 0fb 0 0
29fffff 1 0bf 1 a7 1 1 0ca 1 0
2740000 0 045 1 9d 0 1 050 0 0
3b3ffff 0 0d5 1 ec 1 1 0e0 0 0
3c00000 0 0e8 1 f0 0 1 0f3 0 0
0009b90 1 0a6 1 9b 1 1 0a7 1 0
00065b7 0 0fd 1 cb 0 1 0fd 0 0
0007642 1 0af 1 ec 1 1 0af 1 0
000c859 0 0d3 1 c8 0 1 0d4 0 0
000b1b9 1 049 1 b1 1 1 04a 1 0
26bffff 1 0d6 1 9a 1 1 0e1 1 0
27c0000 1 065 1 9f 0 1 070 1 0
2900000 1 0bc 0 a4 0 0 0c7 1 0
3440000 1 09d 1 d1 0 1 0a8 1 0
0009f78 0 07f 1 9f 0 1 080 0 0
31fffff 0 0ad 1 c7 1 1 0b8 0 0
000ad68 1 056 1 ad 0 1 057 1 0
397ffff 0 0bf 1 e5 1 1 0ca 0 0
00079bc 0 129 1 f3 0 1 129 0 0
000225a 0 0b2 0 89 0 1 0b1 0 0
0008cb6 0 0fa 1 8c 1 1 0fb 0 0
39c0000 0 050 1 e7 0 1 05b 0 0
317ffff 0 05d 1 c5 1 1 068 0 0
000bda7 1 082 1 bd 1 1 083 1 0
000c02b 0 114 1 c0 0 1 115 0 0
000dabf 1 0ee 1 da 1 1 0ef 1 0
000801f 1 062 1 80 0 1 063 1 0
0009a7a 1 048 1 9a 0 1 049 1 0
0009d9f 0 139 1 9d 1 1 13a 0 0
0009e7c 0 0ae 1 9e 0 1 0af 0 0
00086c6 1 173 1 86 1 1 174 1 0
00061ff 0 0d6 1 c3 1 1 0d6 0 0
2d7ffff 0 0f3 1 b5 1 1 0fe 0 0
000b1b8 1 06c 1 b1 1 1 06d 1 0
000a61d 0 0ea 1 a6 0 1 0eb 0 0
3b7ffff 0 07a 1 ed 1 1 085 0 0
3240000 1 097 1 c9 0 1 0a2 1 0
00062a9 1 069 1 c5 0 1 069 1 0
3a3ffff 1 06e 1 e8 1 1 079 1 0
0005e27 1 0f2 1 bc 0 1 0f2 1 0
000d5b2 0 0b0 1 d5 1 1 0b1 0 0
3e80000 1 0da 1 fa 0 1 0e5 1 0
0006588 1 06a 1 cb 0 1 06a 1 0
000846e 1 0b9 1 84 0 1 0ba 1 0
37c0000 1 090 1 df 0 1 09b 1 0
00084b6 0 0db 1 84 1 1 0dc 0 0
000c55c 0 092 1 c5 0 1 093 0 0
00091e5 0 095 1 91 1 1 096 0 0
000d768 0 0d4 1 d7 0 1 0d5 0 0
2440000 1 08a 1 91 0 1 095 1 0
000feba 1 041 0 fe 1 1 042 1 0
0007bbf 0 098 1 f7 0 1 098 0 0
0004fdd 0 0ea 1 9f 1 1 0ea 0 0
3e3ffff 0 3f9 1 f8 1 1 004 0 0
3fc0000 0 06d 1 ff 0 1 078 0 0
2f3ffff 0 05b 1 bc 1 1 066 0 0
000727f 0 0c5 1 e4 1 1 0c5 0 0
0009c52 1 0f0 1 9c 0 1 0f1 1 0
00058dd 0 0af 1 b1 1 1 0af 0 0
0009ed5 0 14d 1 9e 1 1 14e 0 0
3240000 0 051 1 c9 0 1 05c 0 0
3240000 0 09d 1 c9 0 1 0a8 0 0
000be7f 1 118 1 be 0 1 119 1 0
00074ff 0 133 1 e9 1 1 133 0 0
000b9ac 0 118 1 b9 1 1 119 0 0
3680000 1 0f2 1 da 0 1 0fd 1 0
000b707 0 0a1 0 b7 0 1 0a2 0 0
0007a90 1 08d 1 f5 0 1 08d 1 0
24fffff 1 07a 1 93 1 1 085 1 0
0008679 1 0da 1 86 0 1 0db 1 0
0006384 0 0cd 1 c7 0 1 0cd 0 0
2efffff 1 0c6 1 bb 1 1 0d1 1 0
25c0000 1 0e5 1 97 0 1 0f0 1 0
2e7ffff 0 015 1 b9 1 1 020 0 0
323ffff 0 04e 1 c8 1 1 059 0 0
21c0000 1 074 1 87 0 1 07f 1 0
000b34c 0 067 1 b3 0 1 068 0 0
31fffff 1 07c 1 c7 1 1 087 1 0
3900000 0 07d 1 e4 0 1 088 0 0
000ac7f 0 121 1 ac 0 1 122 0 0
000e0f0 1 10b 1 e0 1 1 10c 1 0
3780000 0 07c 1 de 0 1 087 0 0
0007e53 0 03a 1 fc 1 1 03a 0 0
00064b1 0 0b8 1 c9 0 1 0b8 0 0
000a183 1 0e3 1 a1 1 1 0e4 1 0
0009e6a 0 0dc 0 9e 0 1 0dd 0 0
3fbffff 1 004 1 fe 1 1 00f 1 0
018f4c3 1 08b 0 c7 1 1 091 1 0
2abffff 0 094 1 aa 1 1 09f 0 0
000a887 0 062 1 a8 1 1 063 0 0
000ac42 1 0a6 1 ac 0 1 0a7 1 0
3e7ffff 0 053 1 f9 1 1 05e 0 0
000737f 1 08f 1 e6 1 1 08f 1 0
2000000 1 0f0 1 80 0 1 0fb 1 0
3040000 1 0a3 1 c1 0 1 0ae 1 0
327ffff 1 067 1 c9 1 1 072 1 0
3e3ffff 0 0df 1 f8 1 1 0ea 0 0
00089e9 0 12b 1 89 1 1 12c 0 0
31bffff 1 013 1 c6 1 1 01e 1 0
000b069 1 0b9 1 b0 0 1 0ba 1 0
0008fc0 0 039 1 8f 1 1 03a 0 0
000590f 0 115 1 b2 0 1 115 0 0
0006c57 0 0bf 1 d8 1 1 0bf 0 0
0008910 1 0f6 1 89 0 1 0f7 1 0
0005e79 0 08d 1 bc 1 1 08d 0 0
0006974 0 00d 0 d2 1 1 00d 0 0
3800000 0 0c2 1 e0 0 1 0cd 0 0
0005cf8 1 104 1 b9 1 1 104 1 0
2980000 0 0d2 1 a6 0 1 0dd 0 0
2abffff 0 0df 1 aa 1 1 0ea 0 0
0007da3 1 116 1 fb 0 1 116 1 0
000aabc 1 124 1 aa 1 1 125 1 0
3e80000 0 0cc 1 fa 0 1 0d7 0 0
3440000 0 067 1 d1 0 1 072 0 0
3ec0000 0 0a5 1 fb 0 1 0b0 0 0
000b7d4 1 0e8 1 b7 1 1 0e9 1 0
000d368 1 054 1 d3 0 1 055 1 0
0008ed7 1 0d5 1 8e 1 1 0d6 1 0
0006b3a 1 07e 1 d6 0 1 07e 1 0
25fffff 0 094 1 97 1 1 09f 0 0
38fffff 0 093 1 e3 1 1 09e 0 0
2540000 1 0a6 1 95 0 1 0b1 1 0
35fffff 1 0aa 1 d7 1 1 0b5 1 0
000755e 0 0bc 1 ea 1 1 0bc 0 0
0007b23 0 10c 1 f6 0 1 10c 0 0
303ffff 1 0bc 1 c0 1 1 0c7 1 0
2240000 0 0d4 1 89 0 1 0df 0 0
3fc0000 1 0cf 1 ff 0 1 0da 1 0
00087af 1 071 1 87 1 1 072 1 0
3200000 0 0c5 1 c8 0 1 0d0 0 0
373ffff 0 0ca 1 dc 1 1 0d5 0 0
2100000 0 0a5 1 84 0 1 0b0 0 0
0006d7a 0 0d6 1 da 1 1 0d6 0 0
000ca0e 0 130 1 ca 0 1 131 0 0
00086d2 0 031 0 86 1 1 032 0 0
353ffff 0 0ab 1 d4 1 1 0b6 0 0
0008f8e 0 155 1 8f 1 1 156 0 0
00063fe 0 0e7 1 c7 1 1 0e7 0 0
0007490 1 0db 1 e9 0 1 0db 1 0
000cf84 0 029 1 cf 1 1 02a 0 0
0007c56 1 06d 1 f8 1 1 06d 1 0
000ec22 1 0fb 0 ec 0 1 0fc 1 0
2bfffff 0 0a0 1 af 1 1 0ab 0 0
2f00000 1 06a 1 bc 0 1 075 1 0
343ffff 0 027 1 d0 1 1 032 0 0
000b3c3 1 066 1 b3 1 1 067 1 0
0008d36 0 0dc 0 8d 0 1 0dd 0 0
17363b2 1 067 0 b9 1 1 071 1 0
0009de9 0 0ac 1 9d 1 1 0ad 0 0
000e00f 0 0c2 1 e0 0 1 0c3 0 0
20c0000 1 0ba 1 83 0 1 0c5 1 0
0007d5b 0 0e9 1 fa 1 1 0e9 0 0
2f40000 0 3fc 1 bd 0 1 007 0 0
000b018 1 076 1 b0 0 1 077 1 0
20fffff 0 088 1 83 1 1 093 0 0
383ffff 0 05f 1 e0 1 1 06a 0 0
2f3ffff 1 036 1 bc 1 1 041 1 0
0005f3d 0 0c7 1 be 0 1 0c7 0 0
3380000 1 066 1 ce 0 1 071 1 0
0006240 1 0a9 0 c4 1 0 0a9 1 0
23c0000 0 099 1 8f 0 1 0a4 0 0
3640000 0 0b7 1 d9 0 1 0c2 0 0
000610c 0 079 1 c2 0 1 079 0 0
000c606 0 0b8 1 c6 0 1 0b9 0 0
0352654 0 0c2 0 d4 1 1 0c9 0 0
35c0000 1 074 1 d7 0 1 07f 1 0
2dc0000 0 0a0 1 b7 0 1 0ab 0 0
3e80000 0 09a 1 fa 0 1 0a5 0 0
000a55f 0 0c9 1 a5 0 1 0ca 0 0
0009aa7 0 0b1 1 9a 1 1 0b2 0 0
267ffff 0 069 1 99 1 1 074 0 0
31fffff 1 0c3 1 c7 1 1 0ce 1 0
000c053 1 06c 1 c0 0 1 06d 1 0
0009933 0 0c8 1 99 0 1 0c9 0 0
2d80000 1 0d4 1 b6 0 1 0df 1 0
0005c07 0 0cf 1 b8 0 1 0cf 0 0
0006fe4 0 101 0 df 1 1 101 0 0
21fffff 1 0dd 1 87 1 1 0e8 1 0
2efffff 1 070 1 bb 1 1 07b 1 0
3c3ffff 1 076 1 f0 1 1 081 1 0
32bffff 1 02c 1 ca 1 1 037 1 0
2bc0000 0 008 1 af 0 1 013 0 0
2c47026 0 0cb 0 b1 0 1 0d6 0 0
2e3ffff 1 0e6 1 b8 1 1 0f1 1 0
0006d91 1 11b 1 db 0 1 11b 1 0
26c0000 1 0d4 1 9b 0 1 0df 1 0
2580000 0 3fd 0 96 0 0 008 0 0
0004b02 1 105 1 96 0 1 105 1 0
0001065 1 032 0 83 0 1 030 1 0
0004c7f 0 0d7 1 98 1 1 0d7 0 0
23bffff 0 052 1 8e 1 1 05d 0 0
0006305 1 112 1 c6 0 1 112 1 0
000c210 0 0e8 1 c2 0 1 0e9 0 0
283ffff 1 055 1 a0 1 1 060 1 0
000f218 0 043 1 f2 0 1 044 0 0
0007ffc 0 0ac 0 ff 1 1 0ac 0 0
0005bc7 1 0fe 1 b7 1 1 0fe 1 0
000dbfb 0 03e 1 db 1 1 03f 0 0
2c00000 1 0ea 1 b0 0 1 0f5 1 0
3900000 0 02e 1 e4 0 1 039 0 0
2a7ffff 0 09f 1 a9 1 1 0aa 0 0
000ab10 1 081 1 ab 0 1 082 1 0
000b4ef 1 0d9 1 b4 1 1 0da 1 0
2f40000 1 0a9 1 bd 0 1 0b4 1 0
0009ed7 0 106 0 9e 1 1 107 0 0
000c696 0 0a2 1 c6 1 1 0a3 0 0
2b40000 1 0e9 1 ad 0 1 0f4 1 0
00062c1 0 06c 1 c5 1 1 06c 0 0
3a80000 1 06a 1 ea 0 1 075 1 0
0009382 0 11b 1 93 1 1 11c 0 0
2980000 1 0d5 1 a6 0 1 0e0 1 0
2abffff 1 0c1 1 aa 1 1 0cc 1 0
000617f 0 06c 1 c2 1 1 06c 0 0
3a3ffff 0 0c4 1 e8 1 1 0cf 0 0
000701e 0 0c6 0 e0 0 1 0c6 0 0
317ffff 1 0e8 1 c5 1 1 0f3 1 0
3b3ffff 1 0b4 1 ec 1 1 0bf 1 0
000a8e6 1 093 1 a8 1 1 094 1 0
000afae 1 0f0 1 af 1 1 0f1 1 0
00053ef 0 0e7 1 a7 1 1 0e7 0 0
35fffff 0 0a0 1 d7 1 1 0ab 0 0
23fffff 0 0de 1 8f 1 1 0e9 0 0
22c0000 0 051 1 8b 0 1 05c 0 0
00090d0 1 0a3 0 90 1 1 0a4 1 0
000a956 1 0be 1 a9 0 1 0bf 1 0
0004bcc 0 0d1 1 97 1 1 0d1 0 0
0007117 1 0b1 1 e2 0 1 0b1 1 0
0009523 0 0a9 1 95 0 1 0aa 0 0
3c00000 1 06e 1 f0 0 1 079 1 0
0007758 0 05a 1 ee 1 1 05a 0 0
0009c2f 1 0d5 1 9c 0 1 0d6 1 0
3700000 0 043 1 dc 0 1 04e 0 0
0005724 0 07b 1 ae 0 1 07b 0 0
000a4ad 0 0c3 1 a4 1 1 0c4 0 0
0006e3c 0 040 1 dc 0 1 040 0 0
000b774 0 0c1 1 b7 0 1 0c2 0 0
37c0000 1 07e 1 df 0 1 089 1 0
0007486 1 0f0 1 e9 0 1 0f0 1 0
3a40000 0 0d9 1 e9 0 1 0e4 0 0
00046a8 0 0e3 1 8d 0 1 0e3 0 0
35fffff 1 007 1 d7 1 1 012 1 0
00079a3 1 07f 1 f3 0 1 07f 1 0
000e88b 1 0c4 1 e8 1 1 0c5 1 0
0004f84 1 031 0 9f 0 1 031 1 0
3480000 0 067 1 d2 0 1 072 0 0
0008cd3 0 0a0 1 8c 1 1 0a1 0 0
2680000 1 0e2 1 9a 0 1 0ed 1 0
2a40000 1 0dd 1 a9 0 1 0e8 1 0
0006149 0 020 0 c2 1 1 020 0 0
000aa81 1 097 1 aa 1 1 098 1 0
33fffff 0 073 1 cf 1 1 07e 0 0
000debd 0 11f 1 de 1 1 120 0 0
0008a1e 0 155 1 8a 0 1 156 0 0
0008c27 1 0bd 1 8c 0 1 0be 1 0
000608c 0 0e9 1 c1 0 1 0e9 0 0
367ffff 0 0b9 1 d9 1 1 0c4 0 0
2a7ffff 1 0d3 1 a9 1 1 0de 1 0
29fffff 1 082 1 a7 1 1 08d 1 0
0009a49 1 03e 1 9a 0 1 03f 1 0
000ae20 1 056 1 ae 0 1 057 1 0
000cc19 0 0ac 1 cc 0 1 0ad 0 0
3100000 1 0eb 1 c4 0 1 0f6 1 0
00098da 0 09c 1 98 1 1 09d 0 0
00087d7 0 0fd 1 87 1 1 0fe 0 0
000a79f 0 0e2 1 a7 1 1 0e3 0 0
0005697 0 0b7 1 ad 0 1 0b7 0 0
000a1a5 0 0df 1 a1 1 1 0e0 0 0
00064c9 0 07f 0 c9 1 1 07f 0 0
3f00000 1 0a0 1 fc 0 1 0ab 1 0
0006f28 1 0b4 1 de 0 1 0b4 1 0
000957e 1 02b 1 95 0 1 02c 1 0
000bb02 0 06f 1 bb 0 1 070 0 0
3dfffff 1 0d2 1 f7 1 1 0dd 1 0
003139e 0 01d 0 c4 1 1 020 0 0
0009c74 1 0ae 1 9c 0 1 0af 1 0
000b172 1 0b1 1 b1 0 1 0b2 1 0
28c0000 0 09f 1 a3 0 1 0aa 0 0
2040000 1 0b5 1 81 0 1 0c0 1 0
3a80000 0 0cb 1 ea 0 1 0d6 0 0
3dbffff 1 0bc 1 f6 1 1 0c7 1 0
000e5e4 1 00d 0 e5 1 1 00e 1 0
2880000 0 05d 1 a2 0 1 068 0 0
3240000 1 000 1 c9 0 1 00b 1 0
34c0000 1 01d 1 d3 0 1 028 1 0
2340000 1 0ea 1 8d 0 1 0f5 1 0
3bbffff 1 097 1 ee 1 1 0a2 1 0
05ad8ba 1 061 0 b5 1 1 069 1 0
3540000 1 057 1 d5 0 1 062 1 0
2a00000 1 0e7 1 a8 0 1 0f2 1 0
0004dfd 0 106 1 9b 1 1 106 0 0
38c0000 1 0ba 1 e3 0 1 0c5 1 0
0005fe5 1 120 1 bf 1 1 120 1 0
3f00000 0 09f 0 fc 0 0 0aa 0 0
3bfffff 1 07f 1 ef 1 1 08a 1 0
3340000 1 0ec 1 cd 0 1 0f7 1 0
0005db2 0 134 1 bb 0 1 134 0 0
32bffff 1 004 1 ca 1 1 00f 1 0
0004180 1 05f 1 83 0 1 05f 1 0
23bffff 0 0d6 1 8e 1 1 0e1 0 0
2dbffff 0 0c7 1 b6 1 1 0d2 0 0
2e7ffff 0 08a 1 b9 1 1 095 0 0
32bffff 1 07c 1 ca 1 1 087 1 0
0006510 0 0f5 1 ca 0 1 0f5 0 0
287ffff 0 099 1 a1 1 1 0a4 0 0
23fffff 0 082 1 8f 1 1 08d 0 0
22bffff 1 0d8 1 8a 1 1 0e3 1 0
2580000 0 046 1 96 0 1 051 0 0
00060da 0 0c0 1 c1 1 1 0c0 0 0
0007dfa 1 0c4 1 fb 1 1 0c4 1 0
00082a1 0 0e5 1 82 1 1 0e6 0 0
000ee48 0 114 1 ee 0 1 115 0 0
3880000 0 0f2 1 e2 0 1 0fd 0 0
0006a3b 0 157 1 d4 0 1 157 0 0
2c00000 1 099 1 b0 0 1 0a4 1 0
3f00000 1 0ac 1 fc 0 1 0b7 1 0
0006e28 0 050 1 dc 0 1 050 0 0
29fffff 1 07d 1 a7 1 1 088 1 0
3580000 0 0e8 1 d6 0 1 0f3 0 0
243ffff 1 074 1 90 1 1 07f 1 0
29bffff 0 0ae 1 a6 1 1 0b9 0 0
0007161 1 0a7 1 e2 1 1 0a7 1 0
0008c2a 1 095 1 8c 0 1 096 1 0
002bddb 1 08e 0 af 0 1 091 1 0
00084ea 1 0ec 1 84 1 1 0ed 1 0
000a870 0 0ea 1 a8 0 1 0eb 0 0
2ffffff 0 0df 1 bf 1 1 0ea 0 0
000af74 0 0b3 1 af 0 1 0b4 0 0
000ba0b 1 09b 1 ba 0 1 09c 1 0
25c0000 0 3fd 1 97 0 1 008 0 0
001201e 0 096 0 90 0 1 098 0 0
247ffff 1 098 1 91 1 1 0a3 1 0
32fffff 0 07e 1 cb 1 1 089 0 0
2f3ffff 0 091 1 bc 1 1 09c 0 0
3700000 1 0ee 1 dc 0 1 0f9 1 0
000757f 1 128 1 ea 1 1 128 1 0
2fbffff 0 0ab 1 be 1 1 0b6 0 0
0005aa0 1 11e 1 b5 0 1 11e 1 0
207ffff 1 071 1 81 1 1 07c 1 0
00062b0 1 0ab 1 c5 0 1 0ab 1 0
2fbffff 0 0d8 1 be 1 1 0e3 0 0
247ffff 0 022 1 91 1 1 02d 0 0
0009a88 0 11e 1 9a 1 1 11f 0 0
357ffff 1 0dc 1 d5 1 1 0e7 1 0
000a153 1 060 1 a1 0 1 061 1 0
000718f 0 09f 1 e3 0 1 09f 0 0
23bffff 1 0a8 1 8e 1 1 0b3 1 0
000620e 0 06e 1 c4 0 1 06e 0 0
2b80000 1 057 1 ae 0 1 062 1 0
2780000 1 0b4 1 9e 0 1 0bf 1 0
3c7ffff 0 0a2 1 f1 1 1 0ad 0 0
0007ae7 1 0a4 1 f5 1 1 0a4 1 0
000ca9d 0 0c6 1 ca 1 1 0c7 0 0
303ffff 1 0ce 1 c0 1 1 0d9 1 0
2abffff 0 05c 1 aa 1 1 067 0 0
2f3ffff 1 0d3 1 bc 1 1 0de 1 0
000b27f 1 0cd 1 b2 0 1 0ce 1 0
3240000 0 068 1 c9 0 1 073 0 0
000a798 1 076 1 a7 1 1 077 1 0
0006c61 0 11b 1 d8 1 1 11b 0 0
2440000 0 086 1 91 0 1 091 0 0
000a4b1 1 00b 0 a4 1 1 00c 1 0
0005c03 0 0a6 1 b8 0 1 0a6 0 0
000526a 0 06b 1 a4 1 1 06b 0 0
3f00000 1 053 1 fc 0 1 05e 1 0
3c00000 0 0db 1 f0 0 1 0e6 0 0
3200000 0 0db 1 c8 0 1 0e6 0 0
247ffff 0 0d4 1 91 1 1 0df 0 0
000a886 1 12e 1 a8 1 1 12f 1 0
2a00000 0 0c2 1 a8 0 1 0cd 0 0
000928d 1 159 1 92 1 1 15a 1 0
253ffff 0 09b 1 94 1 1 0a6 0 0
000bc16 0 104 1 bc 0 1 105 0 0
000a28f 1 0e4 1 a2 1 1 0e5 1 0
0006f54 1 0a0 1 de 1 1 0a0 1 0
3e40000 0 0b9 1 f9 0 1 0c4 0 0
000de26 0 071 1 de 0 1 072 0 0
000bb22 0 0a3 1 bb 0 1 0a4 0 0
0008ff4 1 0e6 1 8f 1 1 0e7 1 0
2800000 0 0c3 1 a0 0 1 0ce 0 0
0009d98 0 124 1 9d 1 1 125 0 0
38bffff 1 0ae 1 e2 1 1 0b9 1 0
0008faf 1 08c 0 8f 1 1 08d 1 0
0007dee 1 116 1 fb 1 1 116 1 0
0008626 1 0a6 1 86 0 1 0a7 1 0
000aa4f 0 09b 1 aa 0 1 09c 0 0
20c0000 1 0a8 1 83 0 1 0b3 1 0
337ffff 1 0ba 1 cd 1 1 0c5 1 0
2ebffff 0 099 1 ba 1 1 0a4 0 0
207ffff 0 026 1 81 1 1 031 0 0
3540000 1 0ca 1 d5 0 1 0d5 1 0
3cc0000 0 031 1 f3 0 1 03c 0 0
2840000 1 0a1 1 a1 0 1 0ac 1 0
000b189 1 0e3 1 b1 1 1 0e4 1 0
2e00000 0 0e8 1 b8 0 1 0f3 0 0
0004ea0 1 0c2 1 9d 0 1 0c2 1 0
000c3dc 0 0ab 1 c3 1 1 0ac 0 0
000923f 1 0f9 1 92 0 1 0fa 1 0
0009e61 0 0af 1 9e 0 1 0b0 0 0
3dc0000 0 004 1 f7 0 1 00f 0 0
25fffff 1 085 1 97 1 1 090 1 0
000d197 0 16c 1 d1 1 1 16d 0 0
3440000 0 050 1 d1 0 1 05b 0 0
383ffff 0 031 1 e0 1 1 03c 0 0
000ab66 0 0fa 1 ab 0 1 0fb 0 0
000d728 0 0f5 1 d7 0 1 0f6 0 0
3cc0000 0 031 1 f3 0 1 03c 0 0
2780000 1 08c 1 9e 0 1 097 1 0
387ffff 1 039 1 e1 1 1 044 1 0
000b21f 0 05c 1 b2 0 1 05d 0 0
34fffff 0 02a 1 d3 1 1 035 0 0
25c0000 0 0a6 1 97 0 1 0b1 0 0
0009415 0 10c 1 94 0 1 10d 0 0
3afffff 1 0c4 1 eb 1 1 0cf 1 0
247ffff 0 0a7 1 91 1 1 0b2 0 0
000761f 0 0a8 1 ec 0 1 0a8 0 0
2800000 0 018 1 a0 0 1 023 0 0
2d3ffff 1 0c9 1 b4 1 1 0d4 1 0
39bffff 1 079 1 e6 1 1 084 1 0
000a32e 0 0dd 0 a3 0 1 0de 0 0
0007c4c 0 040 1 f8 1 1 040 0 0
0005cb7 0 0cb 1 b9 0 1 0cb 0 0
0006dae 0 08f 1 db 0 1 08f 0 0
3dfffff 0 07f 1 f7 1 1 08a 0 0
383ffff 0 0ce 1 e0 1 1 0d9 0 0
22fffff 1 0a1 1 8b 1 1 0ac 1 0
20c0000 0 0da 1 83 0 1 0e5 0 0
0008d97 1 0b0 1 8d 1 1 0b1 1 0
000e16c 0 0a6 1 e1 0 1 0a7 0 0
3080000 0 0cf 1 c2 0 1 0da 0 0
2b3ffff 1 0cb 1 ac 1 1 0d6 1 0
0006680 1 0c0 1 cd 0 1 0c0 1 0
2cc0000 0 0b2 1 b3 0 1 0bd 0 0
000459b 0 142 1 8b 0 1 142 0 0
000ba35 0 0cc 1 ba 0 1 0cd 0 0
000622d 1 0f6 1 c4 0 1 0f6 1 0
00080d4 0 0b3 1 80 1 1 0b4 0 0
00055ca 0 121 1 ab 1 1 121 0 0
3840000 1 030 1 e1 0 1 03b 1 0
2b3ffff 0 08b 1 ac 1 1 096 0 0
2b40000 1 05f 1 ad 0 1 06a 1 0
000ce30 1 0e5 1 ce 0 1 0e6 1 0
000ccb5 1 0aa 1 cc 1 1 0ab 1 0
30fffff 1 0a3 1 c3 1 1 0ae 1 0
0007da4 1 0dd 1 fb 0 1 0dd 1 0
2d40000 0 03b 1 b5 0 1 046 0 0
2bc0000 1 066 1 af 0 1 071 1 0
3f00000 1 0c2 1 fc 0 1 0cd 1 0
233ffff 0 0c1 1 8c 1 1 0cc 0 0
0009b63 0 132 1 9b 0 1 133 0 0
000a8ae 1 0f4 1 a8 1 1 0f5 1 0
00087d8 0 0a8 1 87 1 1 0a9 0 0
000dd7b 0 0fd 1 dd 0 1 0fe 0 0
3ac0000 1 02d 1 eb 0 1 038 1 0
0009e97 1 120 1 9e 1 1 121 1 0
31bffff 0 0cc 1 c6 1 1 0d7 0 0
0006995 1 04f 1 d3 0 1 04f 1 0
000799b 1 08e 1 f3 0 1 08e 1 0
000906c 0 0b3 1 90 0 1 0b4 0 0
3cbffff 1 0ab 1 f2 1 1 0b6 1 0
0006945 1 084 1 d2 1 1 084 1 0
2b00000 0 00f 1 ac 0 1 01a 0 0
1ffffff 0 018 1 ff 1 1 022 0 0
0205c9b 1 03c 0 81 0 1 043 1 0
2900000 0 0db 1 a4 0 1 0e6 0 0
0007ccc 0 0bf 1 f9 1 1 0bf 0 0
000c0ef 0 13d 1 c0 1 1 13e 0 0
2c00000 1 0b6 1 b0 0 1 0c1 1 0
2800000 0 08b 1 a0 0 1 096 0 0
000f131 0 0a2 1 f1 0 1 0a3 0 0
2e00000 0 0a2 1 b8 0 1 0ad 0 0
000f00f 0 045 0 f0 0 1 046 0 0
3ebffff 0 0a5 1 fa 1 1 0b0 0 0
000c60d 0 0e3 1 c6 0 1 0e4 0 0
0007bf8 0 0ab 1 f7 1 1 0ab 0 0
2cbffff 1 0a5 1 b2 1 1 0b0 1 0
000bf9c 0 0be 1 bf 1 1 0bf 0 0
0009f93 0 015 1 9f 1 1 016 0 0
2d40000 0 09d 1 b5 0 1 0a8 0 0
000597b 0 0af 1 b2 1 1 0af 0 0
0008418 0 0be 1 84 0 1 0bf 0 0
0005c04 0 109 1 b8 0 1 109 0 0
000b267 1 0cd 1 b2 0 1 0ce 1 0
000b62f 0 0b1 1 b6 0 1 0b2 0 0
26bffff 1 029 1 9a 1 1 034 1 0
0009892 0 063 1 98 1 1 064 0 0
0005c7a 1 129 1 b8 1 1 129 1 0
0006e36 1 064 1 dc 0 1 064 1 0
000649e 1 0d9 1 c9 0 1 0d9 1 0
000ea79 0 0f3 1 ea 0 1 0f4 0 0
0004a24 1 142 1 94 0 1 142 1 0
0007dc2 1 08c 1 fb 1 1 08c 1 0
2900000 1 033 1 a4 0 1 03e 1 0
000700f 1 02b 1 e0 0 1 02b 1 0
3e00000 0 0b3 1 f8 0 1 0be 0 0
0009730 1 061 1 97 0 1 062 1 0
3ac0000 0 081 1 eb 0 1 08c 0 0
000ce52 0 07d 1 ce 0 1 07e 0 0
24bffff 0 058 1 92 1 1 063 0 0
317ffff 1 0e3 1 c5 1 1 0ee 1 0
0004f68 1 056 1 9e 1 1 056 1 0
0007598 0 0c0 1 eb 0 1 0c0 0 0
0007e54 0 071 1 fc 1 1 071 0 0
0007e53 1 0c5 1 fc 1 1 0c5 1 0
000a6af 0 090 1 a6 1 1 091 0 0
000d7b4 1 09f 1 d7 1 1 0a0 1 0
000671f 1 125 1 ce 0 1 125 1 0
243ffff 0 0c2 1 90 1 1 0cd 0 0
2f3ffff 0 06d 1 bc 1 1 078 0 0
0006def 0 0f7 1 db 1 1 0f7 0 0
3f3ffff 1 03b 1 fc 1 1 046 1 0
2e00000 0 0b8 1 b8 0 1 0c3 0 0
2580000 0 0a4 1 96 0 1 0af 0 0
000e55c 0 068 1 e5 0 1 069 0 0
00050f7 1 0eb 1 a1 1 1 0eb 1 0
317ffff 0 038 1 c5 1 1 043 0 0
33bffff 1 052 1 ce 1 1 05d 1 0
0007920 0 0ed 1 f2 0 1 0ed 0 0
37bffff 1 0d9 1 de 1 1 0e4 1 0
33bffff 0 0e7 1 ce 1 1 0f2 0 0
000af86 1 141 1 af 1 1 142 1 0
000d00d 0 167 1 d0 0 1 168 0 0
3080000 1 082 1 c2 0 1 08d 1 0
3800000 1 087 1 e0 0 1 092 1 0
01f67a4 0 07f 0 fb 0 1 085 0 0
0008a06 1 05e 1 8a 0 1 05f 1 0
25fffff 1 0a4 1 97 1 1 0af 1 0
00072d7 0 0c2 1 e5 1 1 0c2 0 0
0008f9c 0 127 1 8f 1 1 128 0 0
24bffff 1 08d 1 92 1 1 098 1 0
000db65 1 110 1 db 0 1 111 1 0
37fffff 0 081 1 df 1 1 08c 0 0
347ffff 1 03b 1 d1 1 1 046 1 0
2dc0000 0 0bf 1 b7 0 1 0ca 0 0
0008c22 1 13f 1 8c 0 1 140 1 0
25fffff 0 09e 1 97 1 1 0a9 0 0
1ffffff 0 0dc 1 ff 1 1 0e6 0 0
2340000 0 0a2 1 8d 0 1 0ad 0 0
3040000 0 07d 1 c1 0 1 088 0 0
22fffff 1 0ca 1 8b 1 1 0d5 1 0
000bc88 0 060 1 bc 1 1 061 0 0
0006f41 1 0d3 1 de 1 1 0d3 1 0
000c31f 0 052 1 c3 0 1 053 0 0
2bbffff 0 0cd 1 ae 1 1 0d8 0 0
2340000 1 06c 1 8d 0 1 077 1 0
2ec0000 1 042 1 bb 0 1 04d 1 0
2f3ffff 1 06d 1 bc 1 1 078 1 0
343ffff 1 0ca 1 d0 1 1 0d5 1 0
35bffff 0 060 1 d6 1 1 06b 0 0
000eb25 1 14f 1 eb 0 1 150 1 0
0009b09 0 08f 1 9b 0 1 090 0 0
00089e2 1 102 1 89 1 1 103 1 0
000732b 0 105 1 e6 0 1 105 0 0
2dc0000 0 0d5 1 b7 0 1 0e0 0 0
26bffff 1 0e5 1 9a 1 1 0f0 1 0
3480000 0 0cb 1 d2 0 1 0d6 0 0
0014c31 0 02c 0 a6 0 1 02e 0 0
00011e8 1 025 0 8f 0 1 023 1 0
3d80000 0 070 1 f6 0 1 07b 0 0
377ffff 0 0eb 1 dd 1 1 0f6 0 0
34bffff 0 0bc 1 d2 1 1 0c7 0 0
39bffff 0 09b 1 e6 1 1 0a6 0 0
27c0000 0 0e8 1 9f 0 1 0f3 0 0
0004940 0 0d6 1 92 1 1 0d6 0 0
000b8c2 1 169 1 b8 1 1 16a 1 0
2bfffff 0 0cc 1 af 1 1 0d7 0 0
000a379 1 13d 1 a3 0 1 13e 1 0
253ffff 0 032 1 94 1 1 03d 0 0
000c47c 1 0b5 1 c4 0 1 0b6 1 0
000a7c0 1 105 1 a7 1 1 106 1 0
000680f 1 048 1 d0 0 1 048 1 0
3e3ffff 1 077 1 f8 1 1 082 1 0
000a25d 0 0d4 1 a2 0 1 0d5 0 0
32fffff 0 0bf 1 cb 1 1 0ca 0 0
2afffff 0 0b6 1 ab 1 1 0c1 0 0
3a80000 1 0bd 1 ea 0 1 0c8 1 0
0005cf8 0 11a 1 b9 1 1 11a 0 0
3240000 0 0dc 1 c9 0 1 0e7 0 0
3a7ffff 0 07d 1 e9 1 1 088 0 0
000457f 1 0b2 1 8a 1 1 0b2 1 0
2efffff 1 063 1 bb 1 1 06e 1 0
313ffff 0 056 1 c4 1 1 061 0 0
0008448 1 0c8 1 84 0 1 0c9 1 0
2000000 1 0a2 1 80 0 1 0ad 1 0
0007d47 1 132 1 fa 1 1 132 1 0
00063e7 0 0e4 1 c7 1 1 0e4 0 0
20bffff 1 0e7 1 82 1 1 0f2 1 0
3e7ffff 0 0d0 1 f9 1 1 0db 0 0
2600000 0 0de 1 98 0 1 0e9 0 0
2580000 0 097 1 96 0 1 0a2 0 0
0005687 0 0b7 1 ad 0 1 0b7 0 0
0008fd0 0 113 1 8f 1 1 114 0 0
0007611 0 09d 1 ec 0 1 09d 0 0
2b80000 0 0cb 1 ae 0 1 0d6 0 0
000552c 0 0a7 1 aa 0 1 0a7 0 0
00080d7 1 0f9 1 80 1 1 0fa 1 0
223ffff 0 02b 1 88 1 1 036 0 0
000a00a 1 0f3 1 a0 0 1 0f4 1 0
0008e68 1 05c 1 8e 0 1 05d 1 0
0008a5b 0 07c 1 8a 0 1 07d 0 0
3dbffff 1 0db 1 f6 1 1 0e6 1 0
2ffffff 0 061 1 bf 1 1 06c 0 0
00068f1 0 0f9 1 d1 1 1 0f9 0 0
3940000 1 0eb 1 e5 0 1 0f6 1 0
3f80000 1 0a5 1 fe 0 1 0b0 1 0
3340000 1 021 0 cd 0 0 02c 1 0
00081e9 0 0a2 1 81 1 1 0a3 0 0
3fc0000 1 028 1 ff 0 1 033 1 0
3840000 1 0da 1 e1 0 1 0e5 1 0
0006a7f 1 09d 1 d4 1 1 09d 1 0
21bffff 0 060 1 86 1 1 06b 0 0
247ffff 0 00d 1 91 1 1 018 0 0
0006848 0 078 1 d0 1 1 078 0 0
23fffff 0 02a 1 8f 1 1 035 0 0
000783b 1 0b7 1 f0 0 1 0b7 1 0
3740000 1 0c1 1 dd 0 1 0cc 1 0
2b00000 0 0b2 1 ac 0 1 0bd 0 0
28c0000 1 0b5 1 a3 0 1 0c0 1 0
30fffff 1 0cc 1 c3 1 1 0d7 1 0
2ec0000 1 0b3 0 bb 0 0 0be 1 0
000b849 1 051 1 b8 0 1 052 1 0
0006d97 0 0b5 1 db 0 1 0b5 0 0
2300000 0 0e3 1 8c 0 1 0ee 0 0
2f3ffff 0 07b 1 bc 1 1 086 0 0
26bffff 0 0c4 1 9a 1 1 0cf 0 0
3f00000 1 0c9 1 fc 0 1 0d4 1 0
2cfffff 0 0bb 1 b3 1 1 0c6 0 0
0009d61 1 109 1 9d 0 1 10a 1 0
000c3fb 1 13e 1 c3 1 1 13f 1 0
2300000 0 0dd 1 8c 0 1 0e8 0 0
00057a8 0 0cc 1 af 0 1 0cc 0 0
000664e 1 09e 1 cc 1 1 09e 1 0
0008b1b 0 124 1 8b 0 1 125 0 0
0009cec 1 12a 1 9c 1 1 12b 1 0
000bc7f 0 031 1 bc 0 1 032 0 0
0008f2f 1 138 1 8f 0 1 139 1 0
20c0000 1 0ba 1 83 0 1 0c5 1 0
000f22c 1 117 1 f2 0 1 118 1 0
3d40000 1 0b0 1 f5 0 1 0bb 1 0
377ffff 0 0ef 1 dd 1 1 0fa 0 0
2580000 0 072 1 96 0 1 07d 0 0
2a80000 0 0f1 1 aa 0 1 0fc 0 0
0007952 1 135 1 f2 1 1 135 1 0
3400000 0 0b6 1 d0 0 1 0c1 0 0
28bffff 0 081 1 a2 1 1 08c 0 0
000792c 1 102 1 f2 0 1 102 1 0
000b63f 1 0d3 1 b6 0 1 0d4 1 0
3800000 0 0a5 1 e0 0 1 0b0 0 0
20bffff 1 0ee 1 82 1 1 0f9 1 0
0005ef7 1 0f2 1 bd 1 1 0f2 1 0
00078ef 1 0e2 1 f1 1 1 0e2 1 0
333ffff 0 06d 1 cc 1 1 078 0 0
2b80000 1 3f7 1 ae 0 1 002 1 0
0008958 0 0fc 1 89 0 1 0fd 0 0
000725f 1 0b4 1 e4 1 1 0b4 1 0
00093ff 1 0d3 1 93 1 1 0d4 1 0
000bc83 0 069 1 bc 1 1 06a 0 0
2400000 0 0d1 1 90 0 1 0dc 0 0
34bffff 0 0be 1 d2 1 1 0c9 0 0
347ffff 0 0da 1 d1 1 1 0e5 0 0
20fffff 0 0ee 1 83 1 1 0f9 0 0
00068af 1 0b5 1 d1 0 1 0b5 1 0
31bffff 0 09b 1 c6 1 1 0a6 0 0
0005bfb 1 0e4 1 b7 1 1 0e4 1 0
2abffff 0 011 1 aa 1 1 01c 0 0
2c7ffff 1 0ee 1 b1 1 1 0f9 1 0
227ffff 1 0c8 1 89 1 1 0d3 1 0
000ccbf 1 08f 1 cc 1 1 090 1 0
00068be 1 042 1 d1 0 1 042 1 0
0f0a227 1 087 0 f0 1 1 090 1 0
2b7ffff 1 0a6 1 ad 1 1 0b1 1 0
2b00000 1 0dd 1 ac 0 1 0e8 1 0
3fc0000 0 0ce 1 ff 0 1 0d9 0 0
000826d 0 0b4 1 82 0 1 0b5 0 0
31bffff 0 084 1 c6 1 1 08f 0 0
3900000 1 0c0 1 e4 0 1 0cb 1 0
000e880 1 0c4 1 e8 1 1 0c5 1 0
0007b46 1 0f4 1 f6 1 1 0f4 1 0
2480000 0 052 1 92 0 1 05d 0 0
029f60c 1 0b4 0 a7 1 1 0bb 1 0
000937f 0 11d 1 93 0 1 11e 0 0
000914a 1 118 1 91 0 1 119 1 0
0006588 1 0af 1 cb 0 1 0af 1 0
000789f 1 077 1 f1 0 1 077 1 0
0005ae1 0 0d9 1 b5 1 1 0d9 0 0
0005758 1 09f 1 ae 1 1 09f 1 0
0008c72 0 0f0 1 8c 0 1 0f1 0 0
00074e8 1 075 1 e9 1 1 075 1 0
2e3ffff 0 07f 1 b8 1 1 08a 0 0
24fffff 1 0c8 1 93 1 1 0d3 1 0
0004e22 0 092 1 9c 0 1 092 0 0
0009934 0 0bc 1 99 0 1 0bd 0 0
2efffff 0 050 1 bb 1 1 05b 0 0
35bffff 1 0c7 1 d6 1 1 0d2 1 0
3780000 1 0aa 1 de 0 1 0b5 1 0
0007dda 0 0ae 1 fb 1 1 0ae 0 0
2280000 0 05b 1 8a 0 1 066 0 0
30c0000 0 0d5 1 c3 0 1 0e0 0 0
2080000 0 089 1 82 0 1 094 0 0
000d5ca 0 0d1 1 d5 1 1 0d2 0 0
2940000 0 08c 1 a5 0 1 097 0 0
000d3f7 1 0ac 1 d3 1 1 0ad 1 0
203ffff 1 05b 1 80 1 1 066 1 0
0006814 0 011 0 d0 0 1 011 0 0
217ffff 1 081 1 85 1 1 08c 1 0
27fffff 1 09b 1 9f 1 1 0a6 1 0
0007b83 0 0e8 1 f7 0 1 0e8 0 0
0007c46 0 091 0 f8 1 1 091 0 0
0006d70 0 0e0 1 da 1 1 0e0 0 0
000617f 1 0b4 1 c2 1 1 0b4 1 0
00185ac 1 07d 0 c2 1 1 07f 1 0
2800000 0 07e 1 a0 0 1 089 0 0
3bfffff 1 09a 1 ef 1 1 0a5 1 0
000abf6 0 050 1 ab 1 1 051 0 0
000b090 0 0ee 1 b0 1 1 0ef 0 0
0008903 1 117 1 89 0 1 118 1 0
29bffff 0 09c 1 a6 1 1 0a7 0 0
00087ed 0 0c9 1 87 1 1 0ca 0 0
3fbffff 1 090 1 fe 1 1 09b 1 0
00098bb 0 102 1 98 1 1 103 0 0
00099b2 1 0b6 1 99 1 1 0b7 1 0
287ffff 0 0aa 1 a1 1 1 0b5 0 0
3700000 0 078 1 dc 0 1 083 0 0
000e598 0 0d8 1 e5 1 1 0d9 0 0
000d885 0 07e 1 d8 1 1 07f 0 0
000cd3b 0 0fa 1 cd 0 1 0fb 0 0
0008b54 0 0c7 1 8b 0 1 0c8 0 0
000bddf 0 0f0 1 bd 1 1 0f1 0 0
006f6ac 0 079 0 de 1 1 07d 0 0
3500000 0 035 1 d4 0 1 040 0 0
2e00000 0 08a 1 b8 0 1 095 0 0
3d7ffff 0 072 1 f5 1 1 07d 0 0
297ffff 0 039 1 a5 1 1 044 0 0
0009921 1 06a 1 99 0 1 06b 1 0
243ffff 0 09c 1 90 1 1 0a7 0 0
2880000 1 0ac 1 a2 0 1 0b7 1 0
2800000 0 04f 1 a0 0 1 05a 0 0
000590d 0 116 1 b2 0 1 116 0 0
000843b 0 102 1 84 0 1 103 0 0
000c443 0 090 1 c4 0 1 091 0 0
0006fb3 0 0e8 1 df 0 1 0e8 0 0
0008dfb 1 0d3 1 8d 1 1 0d4 1 0
000b703 0 069 1 b7 0 1 06a 0 0
000d3ac 1 11c 1 d3 1 1 11d 1 0
0d29150 0 085 0 d2 1 1 08e 0 0
000a1b7 0 0c7 1 a1 1 1 0c8 0 0
000857a 1 0ad 1 85 0 1 0ae 1 0
00073c7 1 11c 1 e7 1 1 11c 1 0
000d22d 1 118 1 d2 0 1 119 1 0
22fffff 1 0eb 1 8b 1 1 0f6 1 0
0007e54 0 14f 1 fc 1 1 14f 0 0
000c9ee 1 0ef 1 c9 1 1 0f0 1 0
35fffff 0 0d5 1 d7 1 1 0e0 0 0
0006780 1 080 1 cf 0 1 080 1 0
2dbffff 0 051 1 b6 1 1 05c 0 0
21fffff 0 08a 1 87 1 1 095 0 0
2e80000 0 09a 1 ba 0 1 0a5 0 0
0006f28 0 0c3 1 de 0 1 0c3 0 0
2800000 1 0de 1 a0 0 1 0e9 1 0
2a80000 1 0b1 1 aa 0 1 0bc 1 0
2740000 1 095 1 9d 0 1 0a0 1 0
0007d73 1 093 1 fa 1 1 093 1 0
0007c98 1 138 1 f9 0 1 138 1 0
27fffff 0 07d 1 9f 1 1 088 0 0
3000000 1 089 1 c0 0 1 094 1 0
00080d0 0 133 1 80 1 1 134 0 0
01c1d4a 0 044 0 e0 1 1 04a 0 0
24c0000 1 0e2 1 93 0 1 0ed 1 0
000a67e 1 066 1 a6 0 1 067 1 0
0007ac4 1 06f 1 f5 1 1 06f 1 0
3280000 1 0ed 1 ca 0 1 0f8 1 0
243ffff 0 0e9 1 90 1 1 0f4 0 0
2200000 1 0de 1 88 0 1 0e9 1 0
33bffff 0 0a5 1 ce 1 1 0b0 0 0
3f40000 0 074 1 fd 0 1 07f 0 0
0009e33 0 0ec 1 9e 0 1 0ed 0 0
0007b5f 1 07b 1 f6 1 1 07b 1 0
000c4e0 0 10b 1 c4 1 1 10c 0 0
303ffff 1 093 1 c0 1 1 09e 1 0
0009caf 0 105 1 9c 1 1 106 0 0
2480000 0 0c4 1 92 0 1 0cf 0 0
32fffff 1 032 1 cb 1 1 03d 1 0
337ffff 0 0ee 1 cd 1 1 0f9 0 0
0152b75 0 084 0 a9 0 1 08a 0 0
333ffff 1 07e 1 cc 1 1 089 1 0
0008ade 1 088 1 8a 1 1 089 1 0
000a401 1 0fb 0 a4 0 1 0fc 1 0
00069f4 1 088 1 d3 1 1 088 1 0
38c0000 1 044 1 e3 0 1 04f 1 0
0006475 1 0b6 1 c8 1 1 0b6 1 0
2600000 1 0bf 1 98 0 1 0ca 1 0
0006563 1 098 1 ca 1 1 098 1 0
0006bca 1 0bd 1 d7 1 1 0bd 1 0
207ffff 0 0d8 1 81 1 1 0e3 0 0
00069b2 0 127 1 d3 0 1 127 0 0
2ec0000 0 053 1 bb 0 1 05e 0 0
000a59f 1 102 1 a5 1 1 103 1 0
3040000 1 086 1 c1 0 1 091 1 0
07b66e0 1 0ab 0 f6 1 1 0b3 1 0
3800000 1 0db 1 e0 0 1 0e6 1 0
2600000 0 08b 1 98 0 1 096 0 0
0009483 0 097 0 94 1 1 098 0 0
287ffff 1 3f9 1 a1 1 1 004 1 0
0005e5b 0 08c 1 bc 1 1 08c 0 0
0009ddb 0 013 1 9d 1 1 014 0 0
029ad30 1 0c4 0 a6 1 1 0cb 1 0
377ffff 0 0cc 1 dd 1 1 0d7 0 0
3fbffff 0 013 1 fe 1 1 01e 0 0
2780000 0 055 1 9e 0 1 060 0 0
0006139 0 12a 1 c2 0 1 12a 0 0
0006897 1 10d 1 d1 0 1 10d 1 0
000b487 1 101 1 b4 1 1 102 1 0
377ffff 0 0ef 1 dd 1 1 0fa 0 0
0009cb7 1 07e 1 9c 1 1 07f 1 0
000bc7f 1 12c 1 bc 0 1 12d 1 0
000e88f 0 09d 1 e8 1 1 09e 0 0
0008b8b 0 040 1 8b 1 1 041 0 0
000a919 1 122 1 a9 0 1 123 1 0
28c0000 1 0ca 1 a3 0 1 0d5 1 0
2180000 1 0ac 1 86 0 1 0b7 1 0
0007f1f 1 108 1 fe 0 1 108 1 0
2600000 1 0ca 1 98 0 1 0d5 1 0
3a7ffff 0 0df 1 e9 1 1 0ea 0 0
3300000 0 0a7 1 cc 0 1 0b2 0 0
3a80000 1 092 1 ea 0 1 09d 1 0
000c7f8 0 125 1 c7 1 1 126 0 0
000685b 0 0eb 1 d0 1 1 0eb 0 0
0008ebb 0 0f8 1 8e 1 1 0f9 0 0
000b258 1 0da 0 b2 0 1 0db 1 0
3180000 0 0ec 1 c6 0 1 0f7 0 0
00088cb 0 16c 1 88 1 1 16d 0 0
27fffff 1 0ea 1 9f 1 1 0f5 1 0
000b135 0 0ab 1 b1 0 1 0ac 0 0
000b451 1 0f9 1 b4 0 1 0fa 1 0
00087ef 0 0d2 1 87 1 1 0d3 0 0
2abffff 0 0da 1 aa 1 1 0e5 0 0
24bffff 1 0b8 1 92 1 1 0c3 1 0
0006a62 1 07b 1 d4 1 1 07b 1 0
3ebffff 1 0ab 1 fa 1 1 0b6 1 0
2540000 0 0ca 1 95 0 1 0d5 0 0
00081e9 1 0cd 1 81 1 1 0ce 1 0
0009c71 1 0ed 1 9c 0 1 0ee 1 0
00095ff 1 146 1 95 1 1 147 1 0
237ffff 0 0c1 1 8d 1 1 0cc 0 0
0008a20 1 0c4 1 8a 0 1 0c5 1 0
3506900 1 0d3 0 d4 0 1 0de 1 0
00096b7 0 0da 1 96 1 1 0db 0 0
00086aa 1 05e 1 86 1 1 05f 1 0
3600000 1 059 1 d8 0 1 064 1 0
00075b2 1 11e 1 eb 0 1 11e 1 0
0009aba 1 10b 1 9a 1 1 10c 1 0
000472f 0 0cc 1 8e 0 1 0cc 0 0
0008fba 0 030 1 8f 1 1 031 0 0
0009cbf 1 116 1 9c 1 1 117 1 0
0ef552a 0 083 0 ef 0 1 08c 0 0
2940000 0 020 1 a5 0 1 02b 0 0
000f708 1 158 1 f7 0 1 159 1 0
00086ab 1 0e6 1 86 1 1 0e7 1 0
3e00000 1 06a 1 f8 0 1 075 1 0
000923f 0 163 1 92 0 1 164 0 0
000bb44 1 119 1 bb 0 1 11a 1 0
00086f0 1 069 1 86 1 1 06a 1 0
2400000 0 05e 1 90 0 1 069 0 0
0007497 0 161 1 e9 0 1 161 0 0
3b40000 1 0b0 1 ed 0 1 0bb 1 0
000d183 1 13d 1 d1 1 1 13e 1 0
000a1c1 1 03c 0 a1 1 1 03d 1 0
2180000 0 091 1 86 0 1 09c 0 0
29c0000 0 0e9 1 a7 0 1 0f4 0 0
0009119 0 086 0 91 0 1 087 0 0
0009c36 1 0e7 1 9c 0 1 0e8 1 0
0008659 0 0ba 1 86 0 1 0bb 0 0
00093b1 0 100 1 93 1 1 101 0 0
233ffff 0 08b 1 8c 1 1 096 0 0
0008370 0 086 1 83 0 1 087 0 0
3780000 1 06e 1 de 0 1 079 1 0
000cc8c 0 0a1 1 cc 1 1 0a2 0 0
3640000 0 0a7 1 d9 0 1 0b2 0 0
28fffff 0 035 1 a3 1 1 040 0 0
000b00a 1 074 1 b0 0 1 075 1 0
000b2df 1 160 1 b2 1 1 161 1 0
000797f 1 151 1 f2 1 1 151 1 0
0007af9 1 07d 1 f5 1 1 07d 1 0
0008660 0 0e9 1 86 0 1 0ea 0 0
2300000 0 052 0 8c 0 0 05d 0 0
000a216 0 10a 1 a2 0 1 10b 0 0
28fffff 0 071 1 a3 1 1 07c 0 0
000b54a 1 10d 1 b5 0 1 10e 1 0
277ffff 0 0ce 1 9d 1 1 0d9 0 0
373ffff 1 045 1 dc 1 1 050 1 0
0004ea6 1 07b 0 9d 0 1 07b 1 0
2a00000 0 0ef 1 a8 0 1 0fa 0 0
2d40000 0 0d7 1 b5 0 1 0e2 0 0
293ffff 0 0a1 1 a4 1 1 0ac 0 0
0230e42 0 0d8 0 8c 0 1 0df 0 0
000bde9 1 14a 1 bd 1 1 14b 1 0
383ffff 0 088 1 e0 1 1 093 0 0
0005f81 1 0df 1 bf 0 1 0df 1 0
000b9aa 1 071 1 b9 1 1 072 1 0
000635e 1 0ce 1 c6 1 1 0ce 1 0
21bffff 0 0dd 1 86 1 1 0e8 0 0
213ffff 1 0d9 1 84 1 1 0e4 1 0
0005c2a 0 0d1 1 b8 0 1 0d1 0 0
2880000 0 07f 1 a2 0 1 08a 0 0
233ffff 1 08d 1 8c 1 1 098 1 0
000820a 1 048 1 82 0 1 049 1 0
2980000 1 026 1 a6 0 1 031 1 0
0006649 0 08f 0 cc 1 1 08f 0 0
000e3dc 0 009 0 e3 1 1 00a 0 0
2fbffff 1 07e 1 be 1 1 089 1 0
0008d3d 0 167 1 8d 0 1 168 0 0
000a6d0 0 111 1 a6 1 1 112 0 0
06954b8 1 04a 0 d2 1 1 052 1 0
3080000 1 0a1 1 c2 0 1 0ac 1 0
29fffff 0 0af 1 a7 1 1 0ba 0 0
3780000 1 0cb 1 de 0 1 0d6 1 0
3680000 1 0b8 1 da 0 1 0c3 1 0
2300000 0 0f1 1 8c 0 1 0fc 0 0
2e7ffff 0 077 1 b9 1 1 082 0 0
000755b 0 12b 1 ea 1 1 12b 0 0
000a41a 0 009 0 a4 0 1 00a 0 0
21fffff 1 023 1 87 1 1 02e 1 0
263ffff 1 0da 1 98 1 1 0e5 1 0
2f00000 1 0e3 1 bc 0 1 0ee 1 0
2a80000 0 0bd 1 aa 0 1 0c8 0 0
0008579 0 13d 1 85 0 1 13e 0 0
2100000 1 0e8 1 84 0 1 0f3 1 0
0006a40 1 114 1 d4 1 1 114 1 0
00ef43c 1 07b 0 ef 0 1 080 1 0
000814b 0 082 1 81 0 1 083 0 0
000a2c5 1 0c3 1 a2 1 1 0c4 1 0
28bffff 0 035 1 a2 1 1 040 0 0
000d5e3 0 0ac 1 d5 1 1 0ad 0 0
2200000 0 076 1 88 0 1 081 0 0
3c80000 1 086 1 f2 0 1 091 1 0
000b718 1 11e 1 b7 0 1 11f 1 0
0005fcf 0 092 1 bf 1 1 092 0 0
0005dff 0 039 1 bb 1 1 039 0 0
00069af 1 130 1 d3 0 1 130 1 0
0008cfb 1 07a 0 8c 1 1 07b 1 0
000881f 0 0ba 1 88 0 1 0bb 0 0
2900000 1 0ab 1 a4 0 1 0b6 1 0
000c7c9 0 0a8 1 c7 1 1 0a9 0 0
3f00000 0 060 1 fc 0 1 06b 0 0
00076fa 1 0c4 1 ed 1 1 0c4 1 0
2b00000 1 09e 1 ac 0 1 0a9 1 0
377ffff 0 0d8 1 dd 1 1 0e3 0 0
253ffff 0 069 1 94 1 1 074 0 0
000755d 1 0d5 1 ea 1 1 0d5 1 0
323ffff 0 0b3 1 c8 1 1 0be 0 0
000e94c 0 0fb 1 e9 0 1 0fc 0 0
0008f7f 1 09b 1 8f 0 1 09c 1 0
29fffff 0 0d1 1 a7 1 1 0dc 0 0
000b78a 0 15d 1 b7 1 1 15e 0 0
3280000 0 01e 1 ca 0 1 029 0 0
21fffff 1 0e8 1 87 1 1 0f3 1 0
343ffff 1 0da 1 d0 1 1 0e5 1 0
363ffff 1 041 1 d8 1 1 04c 1 0
2e40000 1 0be 1 b9 0 1 0c9 1 0
3d80000 1 0eb 1 f6 0 1 0f6 1 0
3c7ffff 1 09d 1 f1 1 1 0a8 1 0
2bfffff 1 067 1 af 1 1 072 1 0
2f00000 1 079 1 bc 0 1 084 1 0
237ffff 1 097 1 8d 1 1 0a2 1 0
2140000 1 095 1 85 0 1 0a0 1 0
0007d28 0 08e 1 fa 0 1 08e 0 0
2200000 1 00f 1 88 0 1 01a 1 0
0009415 0 0e9 1 94 0 1 0ea 0 0
000f422 0 107 1 f4 0 1 108 0 0
0006638 1 0b3 1 cc 0 1 0b3 1 0
0007583 1 0c4 1 eb 0 1 0c4 1 0
3d7ffff 0 07c 1 f5 1 1 087 0 0
0006841 0 0b6 1 d0 1 1 0b6 0 0
203ffff 0 0dc 1 80 1 1 0e7 0 0
000817e 0 0d6 1 81 0 1 0d7 0 0
2a80000 1 0e8 1 aa 0 1 0f3 1 0
0009857 0 0ed 1 98 0 1 0ee 0 0
000b9c9 0 098 1 b9 1 1 099 0 0
2bbffff 0 0a3 1 ae 1 1 0ae 0 0
20fffff 0 097 1 83 1 1 0a2 0 0
0008758 0 0ce 1 87 0 1 0cf 0 0
2b40000 0 0d7 1 ad 0 1 0e2 0 0
2ebffff 1 0ca 1 ba 1 1 0d5 1 0
3480000 1 0b8 1 d2 0 1 0c3 1 0
000d411 0 114 1 d4 0 1 115 0 0
30fffff 1 0ee 1 c3 1 1 0f9 1 0
000b1c6 1 10d 1 b1 1 1 10e 1 0
000742f 1 09d 1 e8 0 1 09d 1 0
0009d23 0 091 1 9d 0 1 092 0 0
3600000 1 08a 1 d8 0 1 095 1 0
0008064 0 0fb 1 80 0 1 0fc 0 0
00083a0 1 0ef 1 83 1 1 0f0 1 0
000c1ef 1 143 1 c1 1 1 144 1 0
000904a 0 13f 1 90 0 1 140 0 0
000a61d 0 0e4 1 a6 0 1 0e5 0 0
000820e 0 092 1 82 0 1 093 0 0
2380000 0 0ab 1 8e 0 1 0b6 0 0
03522d6 1 061 0 d4 1 1 068 1 0
000618c 0 01b 0 c3 0 1 01b 0 0
0007028 0 126 1 e0 0 1 126 0 0
0005b83 0 054 0 b7 0 1 054 0 0
0008d02 0 067 1 8d 0 1 068 0 0
3c80000 1 0c9 1 f2 0 1 0d4 1 0
0004a5f 1 088 1 94 1 1 088 1 0
3780000 1 069 1 de 0 1 074 1 0
3880000 0 0dd 1 e2 0 1 0e8 0 0
0004fb9 0 0cd 1 9f 0 1 0cd 0 0
00059e0 1 090 1 b3 1 1 090 1 0
000b460 0 07f 0 b4 0 1 080 0 0
00078a7 1 089 1 f1 0 1 089 1 0
0005c2a 0 105 1 b8 0 1 105 0 0
257ffff 1 04d 1 95 1 1 058 1 0
29bffff 0 0b7 1 a6 1 1 0c2 0 0
000a69d 0 0e1 1 a6 1 1 0e2 0 0
000ba5d 1 0a7 1 ba 0 1 0a8 1 0
0009009 0 11e 1 90 0 1 11f 0 0
2c7ffff 0 03d 1 b1 1 1 048 0 0
23fffff 0 0a1 1 8f 1 1 0ac 0 0
35bffff 0 0dc 1 d6 1 1 0e7 0 0
00085b6 1 05d 1 85 1 1 05e 1 0
3b7ffff 0 095 1 ed 1 1 0a0 0 0
34c0000 0 00c 1 d3 0 1 017 0 0
3e7ffff 0 0ad 1 f9 1 1 0b8 0 0
0008d81 0 0f5 1 8d 1 1 0f6 0 0
000b648 0 0ff 1 b6 0 1 100 0 0
2ebffff 1 0d1 1 ba 1 1 0dc 1 0
21bffff 0 0dc 1 86 1 1 0e7 0 0
2680000 0 0af 1 9a 0 1 0ba 0 0
0009de8 0 088 1 9d 1 1 089 0 0
000c2c5 0 046 1 c2 1 1 047 0 0
2b00000 1 0eb 1 ac 0 1 0f6 1 0
0007a57 0 121 1 f4 1 1 121 0 0
2e7ffff 1 0e0 1 b9 1 1 0eb 1 0
2540000 1 015 1 95 0 1 020 1 0
0009f81 0 053 1 9f 1 1 054 0 0
3d40000 0 07d 1 f5 0 1 088 0 0
2280000 0 0dd 1 8a 0 1 0e8 0 0
3f00000 0 081 1 fc 0 1 08c 0 0
000cdc3 1 0cf 1 cd 1 1 0d0 1 0
0004dc3 1 016 0 9b 1 1 016 1 0
37fffff 1 0a2 1 df 1 1 0ad 1 0
000829c 1 0d0 0 82 1 1 0d1 1 0
3380000 0 099 1 ce 0 1 0a4 0 0
0005811 1 11c 1 b0 0 1 11c 1 0
0006a58 1 03d 1 d4 1 1 03d 1 0
2d80000 0 0eb 1 b6 0 1 0f6 0 0
000941f 0 0d0 1 94 0 1 0d1 0 0
2580000 1 094 1 96 0 1 09f 1 0
31bffff 1 0d0 1 c6 1 1 0db 1 0
2180000 0 0bd 1 86 0 1 0c8 0 0
0009920 1 049 0 99 0 1 04a 1 0
373ffff 1 0c0 1 dc 1 1 0cb 1 0
2a00000 1 040 1 a8 0 1 04b 1 0
0007b3c 1 053 1 f6 0 1 053 1 0
3bc0000 1 0ec 0 ef 0 0 0f7 1 0
0005a3f 1 049 0 b4 0 1 049 1 0
313ffff 0 0c3 1 c4 1 1 0ce 0 0
000cdbc 1 168 1 cd 1 1 169 1 0
000bef8 0 0ed 1 be 1 1 0ee 0 0
03f8cc4 1 0cc 0 fe 0 1 0d3 1 0
000a562 0 095 0 a5 0 1 096 0 0
0009e70 1 108 1 9e 0 1 109 1 0
000d628 0 0b1 1 d6 0 1 0b2 0 0
000a40f 0 163 1 a4 0 1 164 0 0
2540000 0 0c3 1 95 0 1 0ce 0 0
00073fd 0 176 1 e7 1 1 176 0 0
0009f5f 0 133 1 9f 0 1 134 0 0
3400000 1 038 1 d0 0 1 043 1 0
000c030 1 0e1 1 c0 0 1 0e2 1 0
000c825 1 060 0 c8 0 1 061 1 0
000586e 0 0ce 1 b0 1 1 0ce 0 0
00093e0 0 09b 0 93 1 1 09c 0 0
0008a04 1 0d6 1 8a 0 1 0d7 1 0
00082d1 1 0b9 1 82 1 1 0ba 1 0
000832e 1 129 1 83 0 1 12a 1 0
3f40000 1 057 0 fd 0 0 062 1 0
2c80000 0 0d8 1 b2 0 1 0e3 0 0
000a050 1 104 1 a0 0 1 105 1 0
0008a2b 1 168 1 8a 0 1 169 1 0
000d2c0 1 0e1 0 d2 1 1 0e2 1 0
2000000 0 01e 1 80 0 1 029 0 0
0009602 1 132 1 96 0 1 133 1 0
000aad6 0 0c2 1 aa 1 1 0c3 0 0
3400000 0 07b 1 d0 0 1 086 0 0
2880000 0 0ca 1 a2 0 1 0d5 0 0
0009081 1 118 1 90 1 1 119 1 0
00072d1 0 10a 1 e5 1 1 10a 0 0
273ffff 0 0ae 1 9c 1 1 0b9 0 0
3afffff 0 057 1 eb 1 1 062 0 0
0008713 0 0fa 1 87 0 1 0fb 0 0
0004580 0 142 1 8b 0 1 142 0 0
0007500 0 142 1 ea 0 1 142 0 0
000b797 0 109 1 b7 1 1 10a 0 0
0007a1d 1 0f3 1 f4 0 1 0f3 1 0
000cd78 1 037 0 cd 0 1 038 1 0
2840000 0 0bc 1 a1 0 1 0c7 0 0
3940000 0 07c 1 e5 0 1 087 0 0
2000000 0 06f 1 80 0 1 07a 0 0
000a24f 0 0ac 1 a2 0 1 0ad 0 0
343ffff 0 085 1 d0 1 1 090 0 0
2900000 1 3fc 1 a4 0 1 007 1 0
0008388 0 0ce 1 83 1 1 0cf 0 0
01f399d 1 025 0 f9 1 1 02b 1 0
2240000 1 033 1 89 0 1 03e 1 0
000862d 1 098 1 86 0 1 099 1 0
0008091 0 078 1 80 1 1 079 0 0
000a747 1 13e 1 a7 0 1 13f 1 0
0007faf 1 14d 1 ff 0 1 14d 1 0
010dca2 1 047 0 86 1 1 04d 1 0
2740000 0 048 1 9d 0 1 053 0 0
36c0000 1 00d 1 db 0 1 018 1 0
393ffff 1 0af 1 e4 1 1 0ba 1 0
0005bea 1 0e5 1 b7 1 1 0e5 1 0
3b3ffff 0 0ec 1 ec 1 1 0f7 0 0
2bbffff 0 09e 1 ae 1 1 0a9 0 0
000847d 0 06f 1 84 0 1 070 0 0
000667f 0 0b4 1 cc 1 1 0b4 0 0
36bffff 0 005 1 da 1 1 010 0 0
2d00000 1 0b4 1 b4 0 1 0bf 1 0
38bffff 1 095 1 e2 1 1 0a0 1 0
000d7d2 1 0fa 1 d7 1 1 0fb 1 0
002a9c4 0 030 0 aa 0 1 033 0 0
000cd62 0 0aa 1 cd 0 1 0ab 0 0
000d2e0 0 136 1 d2 1 1 137 0 0
000b1c6 1 0dc 1 b1 1 1 0dd 1 0
22bffff 1 079 1 8a 1 1 084 1 0
0007cb0 1 146 1 f9 0 1 146 1 0
000e03b 1 037 1 e0 0 1 038 1 0
000d32c 1 0dd 1 d3 0 1 0de 1 0
27fffff 0 05d 1 9f 1 1 068 0 0
2c40000 0 04a 1 b1 0 1 055 0 0
3500000 1 0ae 1 d4 0 1 0b9 1 0
24fffff 1 020 1 93 1 1 02b 1 0
2c40000 0 021 1 b1 0 1 02c 0 0
2ffffff 1 0e1 1 bf 1 1 0ec 1 0
0005369 1 07a 1 a6 1 1 07a 1 0
253ffff 0 0e1 1 94 1 1 0ec 0 0
0005811 1 0fc 1 b0 0 1 0fc 1 0
3cbffff 0 0a4 1 f2 1 1 0af 0 0
00070bd 0 0da 1 e1 0 1 0da 0 0
2e3ffff 1 0da 1 b8 1 1 0e5 1 0
000705a 1 043 1 e0 1 1 043 1 0
2ac0000 1 0be 1 ab 0 1 0c9 1 0
2d7ffff 0 09d 1 b5 1 1 0a8 0 0
24c0000 0 00e 1 93 0 1 019 0 0
000882c 1 10d 1 88 0 1 10e 1 0
000f20d 1 11b 1 f2 0 1 11c 1 0
0007ee3 1 02a 0 fd 1 1 02a 1 0
357ffff 1 0d0 1 d5 1 1 0db 1 0
00067a3 1 071 1 cf 0 1 071 1 0
0006b90 0 07e 1 d7 0 1 07e 0 0
0009a38 1 163 1 9a 0 1 164 1 0
000b04f 0 11c 1 b0 0 1 11d 0 0
3d80000 1 08b 1 f6 0 1 096 1 0
0007485 0 124 1 e9 0 1 124 0 0
2e40000 0 0d3 1 b9 0 1 0de 0 0
207ffff 1 004 1 81 1 1 00f 1 0
3200000 1 063 1 c8 0 1 06e 1 0
000cca7 1 116 1 cc 1 1 117 1 0
000a812 1 0fb 1 a8 0 1 0fc 1 0
3540000 1 058 1 d5 0 1 063 1 0
26bffff 0 09e 1 9a 1 1 0a9 0 0
3380000 1 055 1 ce 0 1 060 1 0
0002bc0 0 0ee 0 af 0 0 0ed 0 0
000648b 0 035 1 c9 0 1 035 0 0
0006300 0 14d 1 c6 0 1 14d 0 0
000ee50 0 08d 1 ee 0 1 08e 0 0
203ffff 0 05e 1 80 1 1 069 0 0
38bffff 0 0e2 1 e2 1 1 0ed 0 0
0007328 0 0a5 1 e6 0 1 0a5 0 0
112b0a4 1 038 0 89 0 1 042 1 0
3dbffff 1 0d3 1 f6 1 1 0de 1 0
000b608 1 0c1 1 b6 0 1 0c2 1 0
00068a5 0 0e3 1 d1 0 1 0e3 0 0
0009119 0 0bd 1 91 0 1 0be 0 0
06a8c5a 1 087 0 d5 0 1 08f 1 0
0009a34 0 058 1 9a 0 1 059 0 0
2640000 1 0cc 1 99 0 1 0d7 1 0
3b7ffff 1 00a 1 ed 1 1 015 1 0
000ef45 1 13c 1 ef 0 1 13d 1 0
39fffff 0 0eb 1 e7 1 1 0f6 0 0
283ffff 1 0ed 1 a0 1 1 0f8 1 0
247ffff 1 0e5 1 91 1 1 0f0 1 0
3d40000 0 0ee 1 f5 0 1 0f9 0 0
34bffff 1 02e 1 d2 1 1 039 1 0
2600000 0 081 1 98 0 1 08c 0 0
3040000 0 0ed 1 c1 0 1 0f8 0 0
247ffff 0 3fe 1 91 1 1 009 0 0
0008cf8 1 115 1 8c 1 1 116 1 0
0006bf0 1 083 1 d7 1 1 083 1 0
000acc1 0 0fb 1 ac 1 1 0fc 0 0
27bffff 0 0c2 1 9e 1 1 0cd 0 0
2c00000 1 0a9 1 b0 0 1 0b4 1 0
00079b2 1 0fb 1 f3 0 1 0fb 1 0
2f7ffff 1 0aa 1 bd 1 1 0b5 1 0
3b40000 1 067 1 ed 0 1 072 1 0
0008a30 0 04f 1 8a 0 1 050 0 0
0008722 0 142 1 87 0 1 143 0 0
000ce5a 1 0be 0 ce 0 1 0bf 1 0
2cbffff 0 037 1 b2 1 1 042 0 0
000b43f 1 0e6 1 b4 0 1 0e7 1 0
263ffff 0 0a7 1 98 1 1 0b2 0 0
2700000 0 007 1 9c 0 1 012 0 0
3480000 1 0b3 1 d2 0 1 0be 1 0
000adab 0 067 1 ad 1 1 068 0 0
2fbffff 0 0ae 1 be 1 1 0b9 0 0
2dfffff 1 02d 1 b7 1 1 038 1 0
00093a7 0 0a4 1 93 1 1 0a5 0 0
2abffff 0 09c 1 aa 1 1 0a7 0 0
0008edf 0 15d 1 8e 1 1 15e 0 0
33bffff 0 066 1 ce 1 1 071 0 0
3c00000 0 04f 1 f0 0 1 05a 0 0
0007e6f 0 0ed 1 fc 1 1 0ed 0 0
0009894 0 072 1 98 1 1 073 0 0
000a020 0 12f 1 a0 0 1 130 0 0
3dc0000 0 0bf 1 f7 0 1 0ca 0 0
000c364 0 170 1 c3 0 1 171 0 0
0007115 0 07a 1 e2 0 1 07a 0 0
2a7ffff 1 018 1 a9 1 1 023 1 0
00073a9 0 073 1 e7 0 1 073 0 0
0008ee6 0 0cd 1 8e 1 1 0ce 0 0
3e7ffff 1 09f 1 f9 1 1 0aa 1 0
3240000 1 01e 0 c9 0 0 029 1 0
2600000 0 0aa 1 98 0 1 0b5 0 0
23fffff 0 0bc 1 8f 1 1 0c7 0 0
000aea2 0 0c0 1 ae 1 1 0c1 0 0
0008709 1 0d5 1 87 0 1 0d6 1 0
3d3ffff 0 0ea 1 f4 1 1 0f5 0 0
0007b18 0 13e 1 f6 0 1 13e 0 0
00082c0 1 09d 1 82 1 1 09e 1 0
0007c57 1 0d7 1 f8 1 1 0d7 1 0
00071fd 1 099 1 e3 1 1 099 1 0
3abffff 1 099 1 ea 1 1 0a4 1 0
0008a40 0 10c 1 8a 0 1 10d 0 0
3100000 0 0b4 1 c4 0 1 0bf 0 0
23c0000 0 080 1 8f 0 1 08b 0 0
31bffff 0 0b5 1 c6 1 1 0c0 0 0
0008b99 1 0c2 1 8b 1 1 0c3 1 0
0006527 0 075 1 ca 0 1 075 0 0
000b8a6 0 0b5 1 b8 1 1 0b6 0 0
3a00000 0 0e9 1 e8 0 1 0f4 0 0
0009966 0 0a2 1 99 0 1 0a3 0 0
000eb25 1 104 1 eb 0 1 105 1 0
000b460 1 088 1 b4 0 1 089 1 0
3600000 1 0d3 1 d8 0 1 0de 1 0
2ac0000 0 06a 1 ab 0 1 075 0 0
0005c36 0 07d 1 b8 0 1 07d 0 0
37c0000 0 04a 0 df 0 0 055 0 0
24fffff 0 0cb 1 93 1 1 0d6 0 0
0006719 0 0d7 1 ce 0 1 0d7 0 0
2e7ffff 0 0d3 1 b9 1 1 0de 0 0
000cddf 1 072 1 cd 1 1 073 1 0
000771c 0 05f 1 ee 0 1 05f 0 0
000ec62 1 0ab 1 ec 0 1 0ac 1 0
3280000 1 036 0 ca 0 0 041 1 0
35fffff 1 04c 1 d7 1 1 057 1 0
3f7ffff 0 0e5 1 fd 1 1 0f0 0 0
0008374 1 0d7 1 83 0 1 0d8 1 0
25fffff 0 0eb 1 97 1 1 0f6 0 0
0005832 0 0e0 1 b0 0 1 0e0 0 0
000952d 1 10b 1 95 0 1 10c 1 0
0009514 0 051 1 95 0 1 052 0 0
26bffff 1 089 1 9a 1 1 094 1 0
2b3ffff 0 092 1 ac 1 1 09d 0 0
00074df 1 0e2 1 e9 1 1 0e2 1 0
000adf0 1 070 1 ad 1 1 071 1 0
3400000 0 026 1 d0 0 1 031 0 0
000e717 0 079 1 e7 0 1 07a 0 0
0005ee0 1 0e3 1 bd 1 1 0e3 1 0
2800000 0 04a 1 a0 0 1 055 0 0
2b00000 0 0eb 1 ac 0 1 0f6 0 0
000d183 0 144 1 d1 1 1 145 0 0
000a977 0 0bd 1 a9 0 1 0be 0 0
2d40000 1 0e4 1 b5 0 1 0ef 1 0
000b27f 0 125 1 b2 0 1 126 0 0
0009d02 1 0c9 1 9d 0 1 0ca 1 0
3f7ffff 1 0cd 1 fd 1 1 0d8 1 0
05c59a6 0 055 0 b8 1 1 05d 0 0
37fffff 0 089 1 df 1 1 094 0 0
2a7ffff 1 0e2 1 a9 1 1 0ed 1 0
000544c 1 0d3 1 a8 1 1 0d3 1 0
0083336 0 0a4 0 83 0 1 0a9 0 0
0006f6d 1 071 1 de 1 1 071 1 0
2ac0000 1 058 1 ab 0 1 063 1 0
2900000 1 0c9 1 a4 0 1 0d4 1 0
3ec0000 1 015 1 fb 0 1 020 1 0
000939e 0 0da 1 93 1 1 0db 0 0
000cd3a 1 0f4 1 cd 0 1 0f5 1 0
00054a2 0 09b 1 a9 0 1 09b 0 0
2140000 0 08d 1 85 0 1 098 0 0
3d40000 0 0f2 1 f5 0 1 0fd 0 0
3680000 1 0d6 1 da 0 1 0e1 1 0
3500000 0 0d5 1 d4 0 1 0e0 0 0
3b80000 0 0d1 1 ee 0 1 0dc 0 0
3dbffff 1 0ad 1 f6 1 1 0b8 1 0
0005bc1 1 075 1 b7 1 1 075 1 0
27c0000 1 0e1 1 9f 0 1 0ec 1 0
2a40000 1 091 1 a9 0 1 09c 1 0
25fffff 1 0cf 1 97 1 1 0da 1 0
3e40000 0 0a9 1 f9 0 1 0b4 0 0
2380000 1 08c 1 8e 0 1 097 1 0
0007dae 0 0b2 1 fb 0 1 0b2 0 0
3d40000 0 0ca 1 f5 0 1 0d5 0 0
3240000 1 0a9 1 c9 0 1 0b4 1 0
30c0000 0 0dd 1 c3 0 1 0e8 0 0
2bbffff 1 09c 1 ae 1 1 0a7 1 0
3e00000 1 068 1 f8 0 1 073 1 0
2300000 0 09b 1 8c 0 1 0a6 0 0
000919e 1 08a 1 91 1 1 08b 1 0
000b554 0 12d 1 b5 0 1 12e 0 0
243ffff 1 0c4 1 90 1 1 0cf 1 0
28fffff 1 093 1 a3 1 1 09e 1 0
2380000 0 0e8 1 8e 0 1 0f3 0 0
00081ef 0 068 1 81 1 1 069 0 0
00053cf 1 01f 1 a7 1 1 01f 1 0
0007f3a 0 0f8 1 fe 0 1 0f8 0 0
213ffff 0 0a1 1 84 1 1 0ac 0 0
0006ba7 1 10a 1 d7 0 1 10a 1 0
0008935 1 0c5 1 89 0 1 0c6 1 0
3c3ffff 1 0de 1 f0 1 1 0e9 1 0
3a7ffff 1 0c0 1 e9 1 1 0cb 1 0
000582c 1 0df 1 b0 0 1 0df 1 0
0007f00 0 10b 1 fe 0 1 10b 0 0
3900000 1 0e7 1 e4 0 1 0f2 1 0
000a26c 0 0cb 1 a2 0 1 0cc 0 0
27fffff 0 00a 1 9f 1 1 015 0 0
3140000 0 07d 1 c5 0 1 088 0 0
207ffff 0 09e 1 81 1 1 0a9 0 0
2940000 1 0be 1 a5 0 1 0c9 1 0
00076ff 1 0e6 1 ed 1 1 0e6 1 0
0006d65 0 0cc 1 da 1 1 0cc 0 0
2cc0000 1 0d4 1 b3 0 1 0df 1 0
397ffff 1 02b 1 e5 1 1 036 1 0
0008d5b 1 0b0 1 8d 0 1 0b1 1 0
3c7ffff 0 0b7 1 f1 1 1 0c2 0 0
000b120 0 0e6 1 b1 0 1 0e7 0 0
233ffff 1 02d 1 8c 1 1 038 1 0
0006180 1 0a0 1 c3 0 1 0a0 1 0
2a7ffff 1 0d2 1 a9 1 1 0dd 1 0
000be64 0 099 1 be 0 1 09a 0 0
2f40000 1 3fc 1 bd 0 1 007 1 0
0009d44 0 0a7 1 9d 0 1 0a8 0 0
000a2b1 1 0d7 1 a2 1 1 0d8 1 0
2bfffff 0 0d8 1 af 1 1 0e3 0 0
000d8a3 0 14c 1 d8 1 1 14d 0 0
3fbffff 0 0d0 1 fe 1 1 0db 0 0
0008dcc 0 151 1 8d 1 1 152 0 0
000b03f 0 147 1 b0 0 1 148 0 0
00ada0b 1 0aa 0 ad 1 1 0af 1 0
3e7ffff 1 0b0 1 f9 1 1 0bb 1 0
00099cf 0 13f 1 99 1 1 140 0 0
000a45a 0 09c 1 a4 0 1 09d 0 0
0008a1f 1 0ee 1 8a 0 1 0ef 1 0
0008c71 1 146 1 8c 0 1 147 1 0
00091fa 0 0c0 1 91 1 1 0c1 0 0
0008a1f 0 06b 1 8a 0 1 06c 0 0
000728a 1 11f 1 e5 0 1 11f 1 0
00058b7 0 0fa 1 b1 0 1 0fa 0 0
2704696 0 083 0 9c 0 1 08e 0 0
000aa9f 1 0ac 1 aa 1 1 0ad 1 0
3640000 0 0b7 1 d9 0 1 0c2 0 0
3cfffff 1 0e9 1 f3 1 1 0f4 1 0
000847b 1 094 1 84 0 1 095 1 0
000a471 1 099 1 a4 0 1 09a 1 0
00081cc 0 0e8 1 81 1 1 0e9 0 0
000a074 0 0de 1 a0 0 1 0df 0 0
0005b6f 1 0cb 1 b6 1 1 0cb 1 0
000e88b 1 0a5 1 e8 1 1 0a6 1 0
38c0000 1 0c8 1 e3 0 1 0d3 1 0
005ec78 1 0f9 0 bd 1 1 0fd 1 0
383ffff 0 060 1 e0 1 1 06b 0 0
37c0000 1 0e4 1 df 0 1 0ef 1 0
000abdf 0 157 1 ab 1 1 158 0 0
000b636 0 108 1 b6 0 1 109 0 0
2680000 0 055 1 9a 0 1 060 0 0
0006f35 1 110 1 de 0 1 110 1 0
000827f 0 081 0 82 0 1 082 0 0
000c6c0 0 08b 1 c6 1 1 08c 0 0
0009155 1 0ee 1 91 0 1 0ef 1 0
0007f3d 1 123 1 fe 0 1 123 1 0
00082cf 0 13e 1 82 1 1 13f 0 0
000a32c 0 08e 1 a3 0 1 08f 0 0
2fc0000 1 0e6 1 bf 0 1 0f1 1 0
0007a07 0 0f7 1 f4 0 1 0f7 0 0
3980000 1 0f1 1 e6 0 1 0fc 1 0
2dc0000 0 0c2 1 b7 0 1 0cd 0 0
000d9e9 0 097 0 d9 1 1 098 0 0
000726e 0 05d 1 e4 1 1 05d 0 0
0007d0f 1 0d8 1 fa 0 1 0d8 1 0
25bffff 0 05a 1 96 1 1 065 0 0
0007512 1 0e1 1 ea 0 1 0e1 1 0
2a80000 0 0e8 1 aa 0 1 0f3 0 0
0007c17 0 0aa 1 f8 0 1 0aa 0 0
000ac2a 0 0a1 1 ac 0 1 0a2 0 0
000893f 0 0c8 1 89 0 1 0c9 0 0
3c40000 0 0af 1 f1 0 1 0ba 0 0
32fffff 0 07b 1 cb 1 1 086 0 0
0008ffe 0 111 1 8f 1 1 112 0 0
23fffff 0 04b 1 8f 1 1 056 0 0
30bffff 1 0bf 1 c2 1 1 0ca 1 0
000a4fc 1 0ed 1 a4 1 1 0ee 1 0
2100000 1 09f 1 84 0 1 0aa 1 0
3cbffff 1 072 1 f2 1 1 07d 1 0
0004cf1 0 0bd 1 99 1 1 0bd 0 0
000a8e7 1 124 1 a8 1 1 125 1 0
3f3ffff 0 0ce 1 fc 1 1 0d9 0 0
000ac44 0 14a 1 ac 0 1 14b 0 0
3e40000 0 066 1 f9 0 1 071 0 0
3380000 1 0e6 1 ce 0 1 0f1 1 0
0007139 1 11c 1 e2 0 1 11c 1 0
0009380 0 03e 0 93 1 0 03f 0 0
2480000 0 0a0 1 92 0 1 0ab 0 0
2d00000 1 00b 1 b4 0 1 016 1 0
0009798 1 081 1 97 1 1 082 1 0
2940000 0 089 1 a5 0 1 094 0 0
3bfffff 0 0d0 1 ef 1 1 0db 0 0
2ec0000 0 0c5 1 bb 0 1 0d0 0 0
3cfffff 0 093 1 f3 1 1 09e 0 0
000766a 0 0b8 1 ec 1 1 0b8 0 0
3f00000 0 017 1 fc 0 1 022 0 0
000c363 0 02e 1 c3 0 1 02f 0 0
0007856 1 10e 1 f0 1 1 10e 1 0
0009ed0 1 0b7 1 9e 1 1 0b8 1 0
0006444 0 085 1 c8 1 1 085 0 0
000942c 1 103 1 94 0 1 104 1 0
010b088 0 048 0 85 1 1 04e 0 0
0005f41 1 0b1 1 be 1 1 0b1 1 0
005d76e 0 0c0 0 ba 1 1 0c4 0 0
000c6a5 1 0b7 1 c6 1 1 0b8 1 0
0005dc8 1 172 1 bb 1 1 172 1 0
1ada308 1 0ad 0 d6 1 1 0b7 1 0
0007f87 0 0a2 1 ff 0 1 0a2 0 0
2bfffff 1 09f 1 af 1 1 0aa 1 0
000b11d 1 0c3 1 b1 0 1 0c4 1 0
0005e9c 1 082 1 bd 0 1 082 1 0
0008d60 1 0a8 1 8d 0 1 0a9 1 0
0007bc3 0 121 1 f7 1 1 121 0 0
00059b2 0 0f6 1 b3 0 1 0f6 0 0
000bef7 0 0cf 1 be 1 1 0d0 0 0
000a480 1 07f 1 a4 1 1 080 1 0
000b074 0 0a9 1 b0 0 1 0aa 0 0
0009f83 1 102 1 9f 1 1 103 1 0
000a027 0 15b 1 a0 0 1 15c 0 0
000505c 0 0d9 1 a0 1 1 0d9 0 0
000a2ee 0 10c 1 a2 1 1 10d 0 0
0009f5f 1 0d9 1 9f 0 1 0da 1 0
000e531 0 05c 1 e5 0 1 05d 0 0
0006bbc 0 126 1 d7 0 1 126 0 0
3c7ffff 1 0ab 1 f1 1 1 0b6 1 0
006455f 0 0e2 0 c8 1 1 0e6 0 0
3c40000 0 0a1 1 f1 0 1 0ac 0 0
000c155 0 061 1 c1 0 1 062 0 0
2400000 1 03c 1 90 0 1 047 1 0
0007bd9 1 118 1 f7 1 1 118 1 0
2abffff 0 059 1 aa 1 1 064 0 0
3340000 0 0a8 1 cd 0 1 0b3 0 0
000d890 0 14d 1 d8 1 1 14e 0 0
0009947 0 09f 1 99 0 1 0a0 0 0
000b1fa 0 056 0 b1 1 1 057 0 0
00086ce 0 074 1 86 1 1 075 0 0
0007efb 0 0b0 1 fd 1 1 0b0 0 0
0005d83 1 067 1 bb 0 1 067 1 0
00096b0 0 112 1 96 1 1 113 0 0
3580000 0 02e 0 d6 0 0 039 0 0
2cbffff 0 0e1 1 b2 1 1 0ec 0 0
000675c 0 09e 1 ce 1 1 09e 0 0
000db68 0 120 1 db 0 1 121 0 0
3140000 1 0b8 1 c5 0 1 0c3 1 0
393ffff 0 060 1 e4 1 1 06b 0 0
00080d0 0 097 1 80 1 1 098 0 0
2a00000 1 01f 1 a8 0 1 02a 1 0
22fffff 1 086 1 8b 1 1 091 1 0
327ffff 1 0e9 1 c9 1 1 0f4 1 0
0006c47 1 093 1 d8 1 1 093 1 0
2c7ffff 1 0a2 1 b1 1 1 0ad 1 0
000af8b 0 07d 0 af 1 1 07e 0 0
26c0000 1 0c3 1 9b 0 1 0ce 1 0
000a515 0 0a4 1 a5 0 1 0a5 0 0
000537b 0 05a 1 a6 1 1 05a 0 0
00095c9 0 0b1 1 95 1 1 0b2 0 0
01caddc 1 018 0 e5 0 1 01e 1 0
207ffff 1 0dc 1 81 1 1 0e7 1 0
0007dc2 0 091 1 fb 1 1 091 0 0
3040000 1 07e 1 c1 0 1 089 1 0
3540000 0 03c 1 d5 0 1 047 0 0
000dbfc 1 0ce 1 db 1 1 0cf 1 0
000c2b1 0 064 1 c2 1 1 065 0 0
21fffff 0 0d5 1 87 1 1 0e0 0 0
25c0000 1 0bc 1 97 0 1 0c7 1 0
00054e6 0 104 1 a9 1 1 104 0 0
3ac0000 0 09a 1 eb 0 1 0a5 0 0
28fffff 1 0e5 1 a3 1 1 0f0 1 0
00124a8 1 063 0 92 0 1 065 1 0
2fbffff 1 0a0 1 be 1 1 0ab 1 0
0007a2b 0 07d 1 f4 0 1 07d 0 0
0009966 1 110 1 99 0 1 111 1 0
000ef43 1 08d 1 ef 0 1 08e 1 0
0007d82 0 070 1 fb 0 1 070 0 0
23fffff 0 0d6 1 8f 1 1 0e1 0 0
0010b74 0 017 0 85 1 1 019 0 0
2e80000 1 094 1 ba 0 1 09f 1 0
0007961 0 043 1 f2 1 1 043 0 0
000b758 1 0d2 1 b7 0 1 0d3 1 0
3180000 1 0e9 1 c6 0 1 0f4 1 0
0008844 1 0af 1 88 0 1 0b0 1 0
2380000 0 0e9 1 8e 0 1 0f4 0 0
0009ab1 0 151 1 9a 1 1 152 0 0
2e7ffff 1 0d1 1 b9 1 1 0dc 1 0
0005f28 1 088 1 be 0 1 088 1 0
0009c2f 1 138 1 9c 0 1 139 1 0
2f00000 0 0b9 1 bc 0 1 0c4 0 0
2f7ffff 0 0da 1 bd 1 1 0e5 0 0
000f712 0 082 1 f7 0 1 083 0 0
293ffff 1 0ac 1 a4 1 1 0b7 1 0
000b892 1 0ae 1 b8 1 1 0af 1 0
31fffff 0 001 1 c7 1 1 00c 0 0
000914a 1 09c 1 91 0 1 09d 1 0
000a434 1 108 1 a4 0 1 109 1 0
000a4bc 0 078 1 a4 1 1 079 0 0
0f7a870 1 0dc 0 f7 1 1 0e5 1 0
00064fd 1 085 0 c9 1 1 085 1 0
0004fdf 0 127 1 9f 1 1 127 0 0
0007a0b 0 08a 1 f4 0 1 08a 0 0
30fffff 1 071 1 c3 1 1 07c 1 0
00075df 1 14e 1 eb 1 1 14e 1 0
0008258 0 15e 1 82 0 1 15f 0 0
000c4c0 1 0a9 1 c4 1 1 0aa 1 0
2000000 1 06f 1 80 0 1 07a 1 0
0008066 0 122 1 80 0 1 123 0 0
0008d80 1 0e9 1 8d 1 1 0ea 1 0
2e3ffff 0 0e6 1 b8 1 1 0f1 0 0
243ffff 1 0ef 1 90 1 1 0fa 1 0
2dbffff 0 0e1 1 b6 1 1 0ec 0 0
0008c10 0 14b 1 8c 0 1 14c 0 0
0007208 1 0b2 1 e4 0 1 0b2 1 0
3e40000 1 0cf 1 f9 0 1 0da 1 0
3c3ffff 1 01d 1 f0 1 1 028 1 0
27c0000 1 086 1 9f 0 1 091 1 0
000f608 1 0b7 1 f6 0 1 0b8 1 0
32fffff 0 083 1 cb 1 1 08e 0 0
3dbffff 1 093 1 f6 1 1 09e 1 0
0008084 1 081 1 80 1 1 082 1 0
00070b9 0 052 1 e1 0 1 052 0 0
00068c4 0 048 1 d1 1 1 048 0 0
016d9e3 1 047 0 b6 1 1 04d 1 0
33097e0 1 04a 0 cc 0 1 055 1 0
293ffff 1 0de 1 a4 1 1 0e9 1 0
267ffff 1 047 1 99 1 1 052 1 0
0018a3a 1 058 0 c5 0 1 05a 1 0
317ffff 1 0d5 1 c5 1 1 0e0 1 0
0009ff5 1 0e0 1 9f 1 1 0e1 1 0
36bffff 0 02c 1 da 1 1 037 0 0
0008083 1 0f9 1 80 1 1 0fa 1 0
000d2e4 0 03d 1 d2 1 1 03e 0 0
0009514 0 086 1 95 0 1 087 0 0
3200000 0 0b1 1 c8 0 1 0bc 0 0
2bc0000 0 0b7 1 af 0 1 0c2 0 0
000abc8 1 118 1 ab 1 1 119 1 0
347ffff 1 05b 1 d1 1 1 066 1 0
0008a80 0 09c 1 8a 1 1 09d 0 0
000b8be 0 0d9 1 b8 1 1 0da 0 0
000c47a 1 116 1 c4 0 1 117 1 0
000ccd9 0 08d 1 cc 1 1 08e 0 0
2e80000 1 0b8 1 ba 0 1 0c3 1 0
0006492 1 06e 1 c9 0 1 06e 1 0
000cdfb 1 054 1 cd 1 1 055 1 0
000c5f4 1 138 1 c5 1 1 139 1 0
343ffff 0 08b 1 d0 1 1 096 0 0
38bffff 0 097 1 e2 1 1 0a2 0 0
00072d0 1 040 0 e5 1 1 040 1 0
297ffff 0 0db 1 a5 1 1 0e6 0 0
000b2db 1 073 1 b2 1 1 074 1 0
000a9c3 0 125 1 a9 1 1 126 0 0
00054fb 0 0da 1 a9 1 1 0da 0 0
0009683 1 087 1 96 1 1 088 1 0
00085cf 1 0c6 1 85 1 1 0c7 1 0
000d3d0 1 08f 1 d3 1 1 090 1 0
00094c7 0 0a9 1 94 1 1 0aa 0 0
0007f17 1 115 1 fe 0 1 115 1 0
000a71c 1 0e4 1 a7 0 1 0e5 1 0
3780000 1 08d 1 de 0 1 098 1 0
000b718 0 16d 1 b7 0 1 16e 0 0
27fffff 0 0eb 1 9f 1 1 0f6 0 0
0006b3f 0 090 1 d6 0 1 090 0 0
0007e5f 1 03c 1 fc 1 1 03c 1 0
00097bb 1 0ce 1 97 1 1 0cf 1 0
2efffff 0 0a6 1 bb 1 1 0b1 0 0
213ffff 1 0bb 1 84 1 1 0c6 1 0
000c4e0 0 08d 1 c4 1 1 08e 0 0
0008757 0 123 1 87 0 1 124 0 0
2240000 0 0a4 1 89 0 1 0af 0 0
3bfffff 1 0bd 1 ef 1 1 0c8 1 0
22bffff 1 0af 1 8a 1 1 0ba 1 0
38c0000 1 0cc 1 e3 0 1 0d7 1 0
00062cf 1 0bc 1 c5 1 1 0bc 1 0
000beec 0 0ab 1 be 1 1 0ac 0 0
32bffff 0 04f 1 ca 1 1 05a 0 0
0008880 0 14a 1 88 1 1 14b 0 0
00063e9 0 120 1 c7 1 1 120 0 0
23c0000 1 0bf 1 8f 0 1 0ca 1 0
0007f0c 0 09d 1 fe 0 1 09d 0 0
0006158 1 0bb 1 c2 1 1 0bb 1 0
28c0000 0 0c3 1 a3 0 1 0ce 0 0
363ffff 0 0b6 1 d8 1 1 0c1 0 0
000ac58 0 124 1 ac 0 1 125 0 0
3b00000 0 0ca 1 ec 0 1 0d5 0 0
000c75f 1 095 1 c7 0 1 096 1 0
0004fdf 0 0b8 1 9f 1 1 0b8 0 0
3880000 0 0a9 1 e2 0 1 0b4 0 0
2900000 1 0df 1 a4 0 1 0ea 1 0
3c7ffff 1 042 1 f1 1 1 04d 1 0
393ffff 0 09a 1 e4 1 1 0a5 0 0
3380000 1 0a2 1 ce 0 1 0ad 1 0
00057ae 0 09c 0 af 0 1 09c 0 0
23bffff 0 0d6 1 8e 1 1 0e1 0 0
32bffff 0 052 1 ca 1 1 05d 0 0
000b147 1 110 1 b1 0 1 111 1 0
2800000 1 036 1 a0 0 1 041 1 0
0009684 0 150 1 96 1 1 151 0 0
34c0000 1 010 1 d3 0 1 01b 1 0
1b30fe4 1 018 0 d9 1 1 022 1 0
0006654 0 0ca 1 cc 1 1 0ca 0 0
000caab 0 135 1 ca 1 1 136 0 0
29bffff 1 0da 1 a6 1 1 0e5 1 0
243ffff 0 09b 1 90 1 1 0a6 0 0
3d3ffff 1 049 1 f4 1 1 054 1 0
000640a 1 129 1 c8 0 1 129 1 0
2ec0000 1 0a5 1 bb 0 1 0b0 1 0
233ffff 1 034 1 8c 1 1 03f 1 0
2600000 0 09e 1 98 0 1 0a9 0 0
2b3ffff 1 0aa 1 ac 1 1 0b5 1 0
0007dff 0 097 1 fb 1 1 097 0 0
0006ebe 0 01a 1 dd 0 1 01a 0 0
000a6d9 1 0b4 1 a6 1 1 0b5 1 0
3fc0000 0 0ba 1 ff 0 1 0c5 0 0
273ffff 1 0dd 1 9c 1 1 0e8 1 0
0006590 0 097 1 cb 0 1 097 0 0
2d80000 1 0bc 1 b6 0 1 0c7 1 0
3440000 0 049 1 d1 0 1 054 0 0
3f80000 0 0d3 1 fe 0 1 0de 0 0
00069e1 0 083 1 d3 1 1 083 0 0
0006540 0 0b0 1 ca 1 1 0b0 0 0
000af76 0 0ac 1 af 0 1 0ad 0 0
000ae3c 1 0eb 1 ae 0 1 0ec 1 0
243ffff 1 087 1 90 1 1 092 1 0
3140000 1 0e2 1 c5 0 1 0ed 1 0
3f00000 1 091 1 fc 0 1 09c 1 0
000a332 0 0c9 1 a3 0 1 0ca 0 0
29fffff 1 0ee 1 a7 1 1 0f9 1 0
00079f9 1 0d3 0 f3 1 1 0d3 1 0
000c581 0 0cb 1 c5 1 1 0cc 0 0
2d80000 1 077 1 b6 0 1 082 1 0
2cc0000 1 074 1 b3 0 1 07f 1 0
0007b52 0 140 1 f6 1 1 140 0 0
0008164 0 120 1 81 0 1 121 0 0
00081a0 1 071 1 81 1 1 072 1 0
3f00000 1 072 0 fc 0 0 07d 1 0
24bffff 1 0d4 1 92 1 1 0df 1 0
000bf67 0 0be 1 bf 0 1 0bf 0 0
38c0000 0 061 1 e3 0 1 06c 0 0
0009de8 1 082 1 9d 1 1 083 1 0
00eed30 0 0d7 0 ee 1 1 0dc 0 0
233ffff 0 054 1 8c 1 1 05f 0 0
3cfffff 0 3f7 1 f3 1 1 002 0 0
207ffff 1 0d9 1 81 1 1 0e4 1 0
000a8e6 1 13b 1 a8 1 1 13c 1 0
2afffff 0 073 1 ab 1 1 07e 0 0
2e40000 1 04b 1 b9 0 1 056 1 0
2400000 1 0a9 1 90 0 1 0b4 1 0
000872a 1 13b 1 87 0 1 13c 1 0
000ca20 0 0f6 1 ca 0 1 0f7 0 0
2cfffff 1 0eb 1 b3 1 1 0f6 1 0
34c0000 1 085 1 d3 0 1 090 1 0
0008300 1 0c1 0 83 0 0 0c2 1 0
3140000 0 0e9 1 c5 0 1 0f4 0 0
000607d 1 120 1 c0 1 1 120 1 0
000736a 1 031 1 e6 1 1 031 1 0
0007e7f 1 070 1 fc 1 1 070 1 0
0009740 0 0a4 1 97 0 1 0a5 0 0
000a020 0 122 1 a0 0 1 123 0 0
3700000 1 0f1 1 dc 0 1 0fc 1 0
347ffff 0 09c 1 d1 1 1 0a7 0 0
000736a 0 078 1 e6 1 1 078 0 0
000bd16 1 04e 0 bd 0 1 04f 1 0
000b98a 0 15e 1 b9 1 1 15f 0 0
000a202 1 09e 1 a2 0 1 09f 1 0
000cb00 1 08b 1 cb 0 1 08c 1 0
0007f6b 1 0df 1 fe 1 1 0df 1 0
323ffff 1 06d 1 c8 1 1 078 1 0
000c082 0 0ea 1 c0 1 1 0eb 0 0
3380000 1 025 1 ce 0 1 030 1 0
2240000 1 0a7 1 89 0 1 0b2 1 0
30bffff 1 0c1 1 c2 1 1 0cc 1 0
0007bf5 0 03f 1 f7 1 1 03f 0 0
00089bb 1 0ac 1 89 1 1 0ad 1 0
2c3ffff 0 0ed 1 b0 1 1 0f8 0 0
00068ca 0 128 1 d1 1 1 128 0 0
000ef45 0 077 1 ef 0 1 078 0 0
000619d 0 080 1 c3 0 1 080 0 0
0006e40 0 0f2 1 dc 1 1 0f2 0 0
2b7ffff 1 047 1 ad 1 1 052 1 0
2480000 1 0bf 1 92 0 1 0ca 1 0
3f3ffff 1 037 1 fc 1 1 042 1 0
3f7ffff 1 0eb 1 fd 1 1 0f6 1 0
3fbffff 1 0a9 1 fe 1 1 0b4 1 0
0007cb0 1 0de 1 f9 0 1 0de 1 0
00094bf 1 120 1 94 1 1 121 1 0
22fffff 0 0d1 1 8b 1 1 0dc 0 0
0006fe3 0 084 1 df 1 1 084 0 0
2200000 1 07d 1 88 0 1 088 1 0
2c40000 0 02d 1 b1 0 1 038 0 0
21c0000 0 0ed 1 87 0 1 0f8 0 0
29bffff 1 085 1 a6 1 1 090 1 0
2500000 1 034 1 94 0 1 03f 1 0
000a5af 1 0f7 1 a5 1 1 0f8 1 0
00073ef 1 05d 1 e7 1 1 05d 1 0
27c0000 1 031 1 9f 0 1 03c 1 0
0009333 1 108 1 93 0 1 109 1 0
2680000 1 095 1 9a 0 1 0a0 1 0
000b26b 0 0f5 1 b2 0 1 0f6 0 0
0006d97 1 0e2 1 db 0 1 0e2 1 0
237ffff 1 084 1 8d 1 1 08f 1 0
0009fd0 1 0e2 1 9f 1 1 0e3 1 0
0007b10 1 0b4 1 f6 0 1 0b4 1 0
2380000 1 0ed 1 8e 0 1 0f8 1 0
000da7a 0 0d0 1 da 0 1 0d1 0 0
0007733 1 0e8 0 ee 0 1 0e8 1 0
0004f7d 0 040 1 9e 1 1 040 0 0
2fbffff 0 032 1 be 1 1 03d 0 0
0006716 1 0e1 1 ce 0 1 0e1 1 0
3900000 0 0c0 1 e4 0 1 0cb 0 0
000531f 0 10b 1 a6 0 1 10b 0 0
303ffff 0 0ad 1 c0 1 1 0b8 0 0
000c76d 0 0d4 1 c7 0 1 0d5 0 0
253ffff 1 051 1 94 1 1 05c 1 0
000494d 0 0ed 1 92 1 1 0ed 0 0
3e80000 0 0d2 1 fa 0 1 0dd 0 0
0007e6c 1 060 1 fc 1 1 060 1 0
2ffffff 1 075 1 bf 1 1 080 1 0
3d80000 1 0c6 1 f6 0 1 0d1 1 0
2bc0000 1 0d6 1 af 0 1 0e1 1 0
00090bd 1 0ac 1 90 1 1 0ad 1 0
37c0000 1 0ee 1 df 0 1 0f9 1 0
2080000 1 06f 1 82 0 1 07a 1 0
2240000 1 0bf 1 89 0 1 0ca 1 0
233ffff 1 063 1 8c 1 1 06e 1 0
0008b24 1 108 1 8b 0 1 109 1 0
35c0000 1 051 1 d7 0 1 05c 1 0
000d1f6 0 13e 1 d1 1 1 13f 0 0
243ffff 0 05d 1 90 1 1 068 0 0
0009e16 1 0f2 1 9e 0 1 0f3 1 0
000c886 1 060 1 c8 1 1 061 1 0
000b7d4 1 066 1 b7 1 1 067 1 0
0007ffa 1 0fa 1 ff 1 1 0fa 1 0
377ffff 0 0ac 1 dd 1 1 0b7 0 0
0007d6f 0 043 1 fa 1 1 043 0 0
37bffff 1 099 1 de 1 1 0a4 1 0
3400000 1 031 0 d0 0 0 03c 1 0
2540000 1 0da 1 95 0 1 0e5 1 0
2c40000 1 094 1 b1 0 1 09f 1 0
3c7ffff 0 031 1 f1 1 1 03c 0 0
273ffff 0 0e6 1 9c 1 1 0f1 0 0
3d7ffff 0 08d 1 f5 1 1 098 0 0
000aaa0 1 0be 1 aa 1 1 0bf 1 0
3c80000 1 0b5 1 f2 0 1 0c0 1 0
000d155 1 0bb 1 d1 0 1 0bc 1 0
00099f3 1 08e 1 99 1 1 08f 1 0
38c0000 1 07c 0 e3 0 0 087 1 0
00046ff 1 074 1 8d 1 1 074 1 0
2480000 0 0e7 1 92 0 1 0f2 0 0
000943d 0 07c 1 94 0 1 07d 0 0
3700000 1 081 1 dc 0 1 08c 1 0
2e80000 1 0ca 1 ba 0 1 0d5 1 0
000acfe 1 0ed 1 ac 1 1 0ee 1 0
3240000 1 0d4 1 c9 0 1 0df 1 0
00067b6 1 099 1 cf 0 1 099 1 0
0006b61 1 05f 1 d6 1 1 05f 1 0
00080c9 1 0fa 1 80 1 1 0fb 1 0
000ca50 0 031 1 ca 0 1 032 0 0
0007199 0 134 1 e3 0 1 134 0 0
000b208 1 0a1 1 b2 0 1 0a2 1 0
3980000 1 08c 1 e6 0 1 097 1 0
2bfffff 0 0a7 1 af 1 1 0b2 0 0
0008a04 0 0ee 1 8a 0 1 0ef 0 0
3480000 1 0d4 1 d2 0 1 0df 1 0
0006203 0 0e5 1 c4 0 1 0e5 0 0
34c0000 0 05b 1 d3 0 1 066 0 0
0005d20 0 0f8 1 ba 0 1 0f8 0 0
3000000 1 099 1 c0 0 1 0a4 1 0
0008536 1 0b3 1 85 0 1 0b4 1 0
0009fc0 1 07c 1 9f 1 1 07d 1 0
3a40000 0 060 1 e9 0 1 06b 0 0
0005f85 1 0ee 1 bf 0 1 0ee 1 0
000a8f6 1 119 1 a8 1 1 11a 1 0
30bffff 1 0e8 1 c2 1 1 0f3 1 0
000879f 0 12a 1 87 1 1 12b 0 0
3a3ffff 0 09d 1 e8 1 1 0a8 0 0
00070b6 1 0de 1 e1 0 1 0de 1 0
2880000 0 004 1 a2 0 1 00f 0 0
2b7ffff 0 3fb 1 ad 1 1 006 0 0
3380000 1 0b2 1 ce 0 1 0bd 1 0
0008f6a 0 0ff 1 8f 0 1 100 0 0
0006e3f 0 11e 1 dc 0 1 11e 0 0
3100000 0 0f1 1 c4 0 1 0fc 0 0
0292ec0 0 0a7 0 a4 1 1 0ae 0 0
0007d10 0 020 1 fa 0 1 020 0 0
000c5a0 1 0c6 1 c5 1 1 0c7 1 0
00069ec 1 0ad 1 d3 1 1 0ad 1 0
0009af4 1 083 1 9a 1 1 084 1 0
0007970 1 0c1 1 f2 1 1 0c1 1 0
2ac0000 0 08c 1 ab 0 1 097 0 0
0009dd0 0 115 1 9d 1 1 116 0 0
000684e 0 058 1 d0 1 1 058 0 0
2980000 1 0e0 1 a6 0 1 0eb 1 0
2840000 0 082 1 a1 0 1 08d 0 0
26fffff 1 07e 1 9b 1 1 089 1 0
000ad51 1 09e 1 ad 0 1 09f 1 0
000674f 0 09c 1 ce 1 1 09c 0 0
27c0000 0 01c 1 9f 0 1 027 0 0
3bfffff 0 0e5 1 ef 1 1 0f0 0 0
313ffff 1 076 1 c4 1 1 081 1 0
3cfffff 1 065 1 f3 1 1 070 1 0
0007a22 0 091 1 f4 0 1 091 0 0
2afffff 0 03e 1 ab 1 1 049 0 0
000729b 0 096 1 e5 0 1 096 0 0
00069a8 1 0f3 1 d3 0 1 0f3 1 0
00084d0 1 105 1 84 1 1 106 1 0
3bfffff 0 03e 1 ef 1 1 049 0 0
3abffff 0 0de 1 ea 1 1 0e9 0 0
000bb2e 0 119 1 bb 0 1 11a 0 0
000b272 1 11a 1 b2 0 1 11b 1 0
000db59 1 053 1 db 0 1 054 1 0
2f00000 1 0bf 1 bc 0 1 0ca 1 0
3240000 0 0a1 1 c9 0 1 0ac 0 0
3fbffff 1 07b 1 fe 1 1 086 1 0
0006c61 0 034 1 d8 1 1 034 0 0
2b00000 0 0be 1 ac 0 1 0c9 0 0
000a950 0 015 0 a9 0 1 016 0 0
267ffff 0 0a7 1 99 1 1 0b2 0 0
000926d 1 0cc 1 92 0 1 0cd 1 0
0008186 0 092 1 81 1 1 093 0 0
0009209 0 0a8 1 92 0 1 0a9 0 0
0009c8b 1 0da 1 9c 1 1 0db 1 0
2580000 0 074 1 96 0 1 07f 0 0
0008653 0 0d4 1 86 0 1 0d5 0 0
0007c0d 1 0ca 1 f8 0 1 0ca 1 0
0007327 0 153 1 e6 0 1 153 0 0
3ac0000 1 07a 1 eb 0 1 085 1 0
3340000 1 0ef 1 cd 0 1 0fa 1 0
2b7ffff 1 08b 1 ad 1 1 096 1 0
2dbffff 0 037 1 b6 1 1 042 0 0
36c0000 0 0c6 1 db 0 1 0d1 0 0
0006e81 1 01f 1 dd 0 1 01f 1 0
3640000 1 0e2 1 d9 0 1 0ed 1 0
2480000 1 0cc 1 92 0 1 0d7 1 0
0006bac 0 09e 1 d7 0 1 09e 0 0
00092eb 1 14d 1 92 1 1 14e 1 0
387ffff 1 0cc 1 e1 1 1 0d7 1 0
3b80000 0 08c 1 ee 0 1 097 0 0
2bfffff 0 0d2 1 af 1 1 0dd 0 0
000aa20 1 090 0 aa 0 1 091 1 0
0004cd3 1 0b7 1 99 1 1 0b7 1 0
357ffff 1 0c5 1 d5 1 1 0d0 1 0
3740000 0 015 1 dd 0 1 020 0 0
34fffff 0 0ae 1 d3 1 1 0b9 0 0
327ffff 0 0b8 1 c9 1 1 0c3 0 0
00084b2 0 053 1 84 1 1 054 0 0
000a29e 0 105 1 a2 1 1 106 0 0
3600000 1 050 1 d8 0 1 05b 1 0
0005166 1 0bd 1 a2 1 1 0bd 1 0
2a80000 0 092 1 aa 0 1 09d 0 0
0006044 0 0c4 1 c0 1 1 0c4 0 0
2e80000 0 0ce 1 ba 0 1 0d9 0 0
2380000 1 0ea 1 8e 0 1 0f5 1 0
33bffff 1 04d 1 ce 1 1 058 1 0
333ffff 1 09f 1 cc 1 1 0aa 1 0
0006c65 0 0d9 1 d8 1 1 0d9 0 0
25fffff 0 097 1 97 1 1 0a2 0 0
0009e1f 0 0a5 1 9e 0 1 0a6 0 0
000697f 0 088 1 d2 1 1 088 0 0
2dcc918 0 03f 0 b7 0 1 04a 0 0
000c7d3 0 11c 1 c7 1 1 11d 0 0
00084bf 1 0a3 1 84 1 1 0a4 1 0
2cbffff 1 0d0 1 b2 1 1 0db 1 0
3600000 1 0e3 1 d8 0 1 0ee 1 0
0007bbf 1 0fe 1 f7 0 1 0fe 1 0
000de40 1 13d 1 de 0 1 13e 1 0
2cbffff 0 0b8 1 b2 1 1 0c3 0 0
283ffff 1 0c5 1 a0 1 1 0d0 1 0
0009558 1 034 1 95 0 1 035 1 0
000a13f 0 120 1 a1 0 1 121 0 0
000c947 1 124 1 c9 0 1 125 1 0
383ffff 1 064 1 e0 1 1 06f 1 0
2780000 0 08f 1 9e 0 1 09a 0 0
3380000 0 0a0 1 ce 0 1 0ab 0 0
3000000 1 0d8 1 c0 0 1 0e3 1 0
263ffff 1 027 1 98 1 1 032 1 0
34c0000 0 0d2 1 d3 0 1 0dd 0 0
00091b0 1 085 1 91 1 1 086 1 0
3e00000 1 0ce 1 f8 0 1 0d9 1 0
2ebffff 0 0d9 1 ba 1 1 0e4 0 0
2cbffff 0 091 1 b2 1 1 09c 0 0
00091bd 0 0d0 1 91 1 1 0d1 0 0
2fc0000 0 049 1 bf 0 1 054 0 0
3e3ffff 0 07f 1 f8 1 1 08a 0 0
000813f 1 0e3 1 81 0 1 0e4 1 0
000ef41 0 0aa 1 ef 0 1 0ab 0 0
00050fe 0 0cd 1 a1 1 1 0cd 0 0
2f3ffff 0 08b 1 bc 1 1 096 0 0
0009b5e 1 0e3 1 9b 0 1 0e4 1 0
22c0000 1 01c 1 8b 0 1 027 1 0
2b40000 0 098 1 ad 0 1 0a3 0 0
00098cd 1 0de 1 98 1 1 0df 1 0
0008652 1 09e 1 86 0 1 09f 1 0
0006a48 1 081 1 d4 1 1 081 1 0
000ac60 1 063 1 ac 0 1 064 1 0
3280000 0 0c8 1 ca 0 1 0d3 0 0
26fffff 1 0b7 1 9b 1 1 0c2 1 0
0009cc7 0 0d1 1 9c 1 1 0d2 0 0
30c0000 1 012 1 c3 0 1 01d 1 0
0007b2f 1 09d 1 f6 0 1 09d 1 0
000be53 1 071 1 be 0 1 072 1 0
3700000 0 06d 1 dc 0 1 078 0 0
0005622 1 082 1 ac 0 1 082 1 0
0006c77 1 0ec 1 d8 1 1 0ec 1 0
367ffff 0 08a 1 d9 1 1 095 0 0
39c0000 0 08d 1 e7 0 1 098 0 0
000a417 1 13f 1 a4 0 1 140 1 0
000b855 0 082 1 b8 0 1 083 0 0
000db58 1 132 1 db 0 1 133 1 0
3c7ffff 1 01d 1 f1 1 1 028 1 0
0006b37 1 09a 1 d6 0 1 09a 1 0
2e00000 0 0dd 1 b8 0 1 0e8 0 0
0054510 0 090 0 a8 1 1 094 0 0
283ffff 0 0ec 1 a0 1 1 0f7 0 0
00098f2 1 0c3 1 98 1 1 0c4 1 0
2ac0000 0 09d 1 ab 0 1 0a8 0 0
000a80b 1 0a1 1 a8 0 1 0a2 1 0
000a4f4 1 0a6 1 a4 1 1 0a7 1 0
000c780 1 0a9 1 c7 1 1 0aa 1 0
0007ddc 0 0c6 1 fb 1 1 0c6 0 0
0006b08 1 0bc 1 d6 0 1 0bc 1 0
397ffff 0 057 1 e5 1 1 062 0 0
000a9b0 0 12b 1 a9 1 1 12c 0 0
207ffff 0 006 1 81 1 1 011 0 0
000833f 0 0c8 1 83 0 1 0c9 0 0
2e3ffff 0 0cf 1 b8 1 1 0da 0 0
34bffff 1 091 1 d2 1 1 09c 1 0
21fffff 1 020 1 87 1 1 02b 1 0
000acb4 1 0dc 1 ac 1 1 0dd 1 0
0006fc4 0 0a3 0 df 1 1 0a3 0 0
000677b 1 07a 1 ce 1 1 07a 1 0
347ffff 0 096 1 d1 1 1 0a1 0 0
36fffff 0 00c 1 db 1 1 017 0 0
000a844 0 0f0 1 a8 0 1 0f1 0 0
000b69e 0 0ad 1 b6 1 1 0ae 0 0
34bffff 0 0d5 1 d2 1 1 0e0 0 0
0005fa9 1 0e9 1 bf 0 1 0e9 1 0
32fffff 0 075 1 cb 1 1 080 0 0
0006ae0 1 07d 1 d5 1 1 07d 1 0
2440000 1 006 1 91 0 1 011 1 0
00087d8 1 068 1 87 1 1 069 1 0
2d3ffff 0 0d5 1 b4 1 1 0e0 0 0
0007523 1 05c 1 ea 0 1 05c 1 0
23bffff 1 0d6 1 8e 1 1 0e1 1 0
0009bac 1 0d7 1 9b 1 1 0d8 1 0
3a00000 1 038 1 e8 0 1 043 1 0
000d1f5 0 11b 1 d1 1 1 11c 0 0
00059e7 1 097 1 b3 1 1 097 1 0
2000000 1 0cb 1 80 0 1 0d6 1 0
25fffff 1 06a 1 97 1 1 075 1 0
0004bbc 1 139 1 97 0 1 139 1 0
2380000 0 08d 1 8e 0 1 098 0 0
30bffff 0 041 1 c2 1 1 04c 0 0
38fffff 0 0e5 1 e3 1 1 0f0 0 0
000e03b 0 10d 1 e0 0 1 10e 0 0
2c3ffff 0 036 1 b0 1 1 041 0 0
2f7ffff 0 085 1 bd 1 1 090 0 0
000883b 1 0e5 1 88 0 1 0e6 1 0
2dbffff 1 057 1 b6 1 1 062 1 0
0005e2f 0 027 1 bc 0 1 027 0 0
2980000 0 0d7 1 a6 0 1 0e2 0 0
2680000 0 07e 1 9a 0 1 089 0 0
3f3ffff 1 082 1 fc 1 1 08d 1 0
3f80000 0 0d0 1 fe 0 1 0db 0 0
2c80000 1 0b7 1 b2 0 1 0c2 1 0
000d144 1 070 1 d1 0 1 071 1 0
000785d 1 09a 1 f0 1 1 09a 1 0
0007fab 1 0e5 1 ff 0 1 0e5 1 0
00076ac 0 091 1 ed 0 1 091 0 0
3c40000 1 080 1 f1 0 1 08b 1 0
23fffff 1 0e0 1 8f 1 1 0eb 1 0
2500000 0 081 1 94 0 1 08c 0 0
3bfffff 0 099 1 ef 1 1 0a4 0 0
000c07c 0 109 1 c0 0 1 10a 0 0
000a608 0 117 1 a6 0 1 118 0 0
0009e9b 0 098 1 9e 1 1 099 0 0
25c0000 0 06e 1 97 0 1 079 0 0
217ffff 0 0bb 1 85 1 1 0c6 0 0
207ffff 1 0e9 1 81 1 1 0f4 1 0
000bef3 1 0d8 1 be 1 1 0d9 1 0
000b4b2 1 0ad 1 b4 1 1 0ae 1 0
000b274 0 086 1 b2 0 1 087 0 0
283ffff 0 030 1 a0 1 1 03b 0 0
000d3e9 1 0b5 1 d3 1 1 0b6 1 0
237ffff 0 06d 1 8d 1 1 078 0 0
00081d2 1 0aa 1 81 1 1 0ab 1 0
3280000 1 0ed 1 ca 0 1 0f8 1 0
000563d 0 15f 1 ac 0 1 15f 0 0
233ffff 0 0de 1 8c 1 1 0e9 0 0
000713d 0 0b7 1 e2 0 1 0b7 0 0
0008381 0 03f 1 83 1 1 040 0 0
26c0000 0 0de 1 9b 0 1 0e9 0 0
34c0000 1 0ca 1 d3 0 1 0d5 1 0
000c125 1 07e 1 c1 0 1 07f 1 0
000998f 0 072 1 99 1 1 073 0 0
2b7ffff 1 024 1 ad 1 1 02f 1 0
3a7ffff 1 0b3 1 e9 1 1 0be 1 0
36c0000 1 0d8 1 db 0 1 0e3 1 0
2800000 0 0de 1 a0 0 1 0e9 0 0
2c00000 1 0be 1 b0 0 1 0c9 1 0
2d40000 0 087 1 b5 0 1 092 0 0
0006e32 0 13d 1 dc 0 1 13d 0 0
32fffff 1 0e4 1 cb 1 1 0ef 1 0
34c0000 1 0ea 1 d3 0 1 0f5 1 0
2b40000 0 099 1 ad 0 1 0a4 0 0
00065e1 0 089 1 cb 1 1 089 0 0
39c0000 0 06e 1 e7 0 1 079 0 0
000d200 0 0c6 1 d2 0 1 0c7 0 0
0006c0f 1 036 1 d8 0 1 036 1 0
0007d6d 0 105 1 fa 1 1 105 0 0
20bffff 0 0c0 1 82 1 1 0cb 0 0
363ffff 1 037 1 d8 1 1 042 1 0
0c07680 0 084 0 c0 0 1 08d 0 0
000ad89 1 077 1 ad 1 1 078 1 0
0005ecd 1 090 1 bd 1 1 090 1 0
000f618 0 0a5 1 f6 0 1 0a6 0 0
000acf8 1 05d 1 ac 1 1 05e 1 0
00088a1 0 040 0 88 1 1 041 0 0
0008ffe 1 07e 1 8f 1 1 07f 1 0
000d4e6 1 113 1 d4 1 1 114 1 0
31c0000 0 050 1 c7 0 1 05b 0 0
3dfffff 1 019 1 f7 1 1 024 1 0
000bebf 0 11b 1 be 1 1 11c 0 0
00083e8 1 0e6 1 83 1 1 0e7 1 0
2c80000 1 015 1 b2 0 1 020 1 0
0006fe4 1 0b6 1 df 1 1 0b6 1 0
3340000 1 04c 1 cd 0 1 057 1 0
3cfffff 0 05a 1 f3 1 1 065 0 0
0007f31 0 0fc 1 fe 0 1 0fc 0 0
21c0000 1 0d1 1 87 0 1 0dc 1 0
3cfffff 1 08a 1 f3 1 1 095 1 0
383ffff 1 0d7 1 e0 1 1 0e2 1 0
30c0000 1 0c2 1 c3 0 1 0cd 1 0
2200000 1 06c 1 88 0 1 077 1 0
3d3ffff 0 0c5 1 f4 1 1 0d0 0 0
21fffff 0 0ca 1 87 1 1 0d5 0 0
00096b5 0 0c5 1 96 1 1 0c6 0 0
363ffff 1 080 1 d8 1 1 08b 1 0
22c0000 0 02e 1 8b 0 1 039 0 0
25080e8 1 0f3 0 94 0 1 0fe 1 0
000d7af 0 0ff 1 d7 1 1 100 0 0
000595f 0 0ff 1 b2 1 1 0ff 0 0
21c0000 1 09b 1 87 0 1 0a6 1 0
233ffff 0 0a1 1 8c 1 1 0ac 0 0
23bffff 1 03f 1 8e 1 1 04a 1 0
23fffff 1 070 1 8f 1 1 07b 1 0
000a91a 1 0e1 1 a9 0 1 0e2 1 0
2d40000 1 0ea 1 b5 0 1 0f5 1 0
0007c50 0 0c0 1 f8 1 1 0c0 0 0
3cbffff 1 061 1 f2 1 1 06c 1 0
223ffff 1 0d4 1 88 1 1 0df 1 0
000b4e0 0 0c7 1 b4 1 1 0c8 0 0
0007596 1 05e 1 eb 0 1 05e 1 0
000c897 0 0ad 1 c8 1 1 0ae 0 0
2780000 0 0b9 1 9e 0 1 0c4 0 0
0007c54 0 0fb 1 f8 1 1 0fb 0 0
35fffff 0 085 1 d7 1 1 090 0 0
00078ff 1 0e8 1 f1 1 1 0e8 1 0
3840000 1 0f0 1 e1 0 1 0fb 1 0
000ccec 1 13e 1 cc 1 1 13f 1 0
3e00000 1 037 1 f8 0 1 042 1 0
000c200 0 0df 1 c2 0 1 0e0 0 0
2780000 0 08d 1 9e 0 1 098 0 0
3780000 1 05e 1 de 0 1 069 1 0
3ebffff 0 097 1 fa 1 1 0a2 0 0
000c033 1 09f 1 c0 0 1 0a0 1 0
2d3ffff 1 031 1 b4 1 1 03c 1 0
0007c08 1 0c7 0 f8 0 1 0c7 1 0
000851b 1 112 1 85 0 1 113 1 0
0006fe4 0 087 1 df 1 1 087 0 0
000e2a1 0 0bd 1 e2 1 1 0be 0 0
000587f 1 0b6 1 b0 1 1 0b6 1 0
3b80000 1 0dd 1 ee 0 1 0e8 1 0
2f00000 0 0c1 1 bc 0 1 0cc 0 0
000aecd 0 063 1 ae 1 1 064 0 0
00078d0 0 05b 1 f1 1 1 05b 0 0
0006989 0 0ed 1 d3 0 1 0ed 0 0
000c2f5 1 08f 1 c2 1 1 090 1 0
3d7ffff 1 0af 1 f5 1 1 0ba 1 0
2ac0000 0 0de 1 ab 0 1 0e9 0 0
0008051 0 095 1 80 0 1 096 0 0
000890c 0 0bc 1 89 0 1 0bd 0 0
0008fc8 1 0c1 1 8f 1 1 0c2 1 0
000c2b7 0 0ba 1 c2 1 1 0bb 0 0
0006ac7 0 0c5 1 d5 1 1 0c5 0 0
2480000 1 07e 0 92 0 0 089 1 0
000a5b1 0 069 1 a5 1 1 06a 0 0
2880000 1 0b2 1 a2 0 1 0bd 1 0
3b3ffff 1 080 1 ec 1 1 08b 1 0
293ffff 1 01a 1 a4 1 1 025 1 0
0007c57 1 0be 0 f8 1 1 0be 1 0
000a64a 1 0fe 1 a6 0 1 0ff 1 0
0004d90 1 0e4 1 9b 0 1 0e4 1 0
347ffff 0 0d9 1 d1 1 1 0e4 0 0
000b9ef 0 0fb 1 b9 1 1 0fc 0 0
000c350 0 09a 1 c3 0 1 09b 0 0
0006d13 1 150 1 da 0 1 150 1 0
00090a2 0 132 1 90 1 1 133 0 0
000d618 0 122 1 d6 0 1 123 0 0
3d3ffff 0 0bd 1 f4 1 1 0c8 0 0
30c0000 1 0c5 1 c3 0 1 0d0 1 0
29bffff 1 0f2 1 a6 1 1 0fd 1 0
2840000 0 0ea 1 a1 0 1 0f5 0 0
2800000 0 007 1 a0 0 1 012 0 0
2f00000 0 0db 1 bc 0 1 0e6 0 0
2b3ffff 0 0d9 1 ac 1 1 0e4 0 0
37c0000 0 070 1 df 0 1 07b 0 0
000ca01 1 12b 1 ca 0 1 12c 1 0
000d807 1 118 1 d8 0 1 119 1 0
2300000 1 077 1 8c 0 1 082 1 0
2000000 0 08c 1 80 0 1 097 0 0
000c17c 0 0ab 1 c1 0 1 0ac 0 0
0007012 1 0bc 1 e0 0 1 0bc 1 0
22bffff 1 09e 1 8a 1 1 0a9 1 0
000a2dd 0 0ff 1 a2 1 1 100 0 0
0009c8a 0 09b 1 9c 1 1 09c 0 0
000b07c 1 0ef 1 b0 0 1 0f0 1 0
000803e 0 145 1 80 0 1 146 0 0
000ad0f 0 0d6 1 ad 0 1 0d7 0 0
00062b0 1 0ee 1 c5 0 1 0ee 1 0
0006b00 0 151 1 d6 0 1 151 0 0
34c0000 1 0d7 1 d3 0 1 0e2 1 0
32fffff 0 0b1 1 cb 1 1 0bc 0 0
227ffff 1 0f0 1 89 1 1 0fb 1 0
000d226 0 098 1 d2 0 1 099 0 0
000e51a 0 120 1 e5 0 1 121 0 0
28fffff 0 0e8 1 a3 1 1 0f3 0 0
39c0000 1 009 1 e7 0 1 014 1 0
38bffff 1 0a0 1 e2 1 1 0ab 1 0
000b450 0 104 1 b4 0 1 105 0 0
33bffff 0 027 1 ce 1 1 032 0 0
247ffff 1 0ad 1 91 1 1 0b8 1 0
0006c53 0 081 1 d8 1 1 081 0 0
000dcb3 1 152 1 dc 1 1 153 1 0
0005bec 0 0ad 1 b7 1 1 0ad 0 0
0005866 0 08f 1 b0 1 1 08f 0 0
2b7ffff 0 0be 1 ad 1 1 0c9 0 0
3800000 1 0ae 1 e0 0 1 0b9 1 0
000709e 1 14e 1 e1 0 1 14e 1 0
257ffff 1 04c 1 95 1 1 057 1 0
0007380 1 0db 1 e7 0 1 0db 1 0
0007e1a 1 0d3 1 fc 0 1 0d3 1 0
000a9e9 0 0d8 1 a9 1 1 0d9 0 0
2cfffff 1 0c6 1 b3 1 1 0d1 1 0
3800000 1 0e6 1 e0 0 1 0f1 1 0
3d80000 1 0e8 1 f6 0 1 0f3 1 0
0005739 1 0ad 1 ae 0 1 0ad 1 0
000d0ab 0 043 1 d0 1 1 044 0 0
3440000 1 015 1 d1 0 1 020 1 0
3d80000 1 02a 1 f6 0 1 035 1 0
000585b 0 02b 1 b0 1 1 02b 0 0
36c0000 0 067 1 db 0 1 072 0 0
0009b5a 1 0a7 1 9b 0 1 0a8 1 0
3a7ffff 0 0b0 1 e9 1 1 0bb 0 0
3e3ffff 1 083 1 f8 1 1 08e 1 0
37bffff 0 031 1 de 1 1 03c 0 0
000c6a4 0 0fc 1 c6 1 1 0fd 0 0
0007484 0 051 0 e9 0 1 051 0 0
000be29 1 0bc 1 be 0 1 0bd 1 0
3540000 0 056 1 d5 0 1 061 0 0
3d00000 1 0d5 1 f4 0 1 0e0 1 0
3540000 0 064 1 d5 0 1 06f 0 0
38bffff 0 0ba 1 e2 1 1 0c5 0 0
293ffff 0 0d7 1 a4 1 1 0e2 0 0
000b694 1 060 1 b6 1 1 061 1 0
000b20d 0 055 1 b2 0 1 056 0 0
0009484 1 134 1 94 1 1 135 1 0
33bffff 0 008 1 ce 1 1 013 0 0
2d3ffff 1 0e0 1 b4 1 1 0eb 1 0
3dbffff 1 0d0 1 f6 1 1 0db 1 0
26c0000 1 027 1 9b 0 1 032 1 0
3340000 0 0ab 1 cd 0 1 0b6 0 0
3900000 0 0f0 1 e4 0 1 0fb 0 0
0007150 1 13d 1 e2 1 1 13d 1 0
000f70d 0 0a9 1 f7 0 1 0aa 0 0
0009eaf 0 0ce 1 9e 1 1 0cf 0 0
0007c4f 0 0f4 1 f8 1 1 0f4 0 0
227ffff 1 0e0 1 89 1 1 0eb 1 0
35c0000 1 0d1 1 d7 0 1 0dc 1 0
0007c98 1 0db 1 f9 0 1 0db 1 0
0007484 1 0f6 1 e9 0 1 0f6 1 0
213ffff 1 0f3 1 84 1 1 0fe 1 0
0008aef 0 0f5 1 8a 1 1 0f6 0 0
36c0000 0 0d1 1 db 0 1 0dc 0 0
2880000 0 0e7 1 a2 0 1 0f2 0 0
0008c10 0 07e 1 8c 0 1 07f 0 0
000741d 1 0b0 1 e8 0 1 0b0 1 0
000e056 1 0bb 1 e0 0 1 0bc 1 0
000c05c 1 0f6 1 c0 0 1 0f7 1 0
0006027 1 15b 1 c0 0 1 15b 1 0
393ffff 0 0d0 1 e4 1 1 0db 0 0
3e3ffff 1 068 1 f8 1 1 073 1 0
3580000 0 022 1 d6 0 1 02d 0 0
3980000 0 0c6 1 e6 0 1 0d1 0 0
2d3ffff 1 0b7 1 b4 1 1 0c2 1 0
0009802 0 0f4 1 98 0 1 0f5 0 0
3ec0000 0 057 1 fb 0 1 062 0 0
35bffff 1 0bf 1 d6 1 1 0ca 1 0
0007bb6 0 0bb 1 f7 0 1 0bb 0 0
00074ab 0 058 1 e9 0 1 058 0 0
3800000 1 0b9 1 e0 0 1 0c4 1 0
0005a00 1 063 1 b4 0 1 063 1 0
3abffff 1 0bb 1 ea 1 1 0c6 1 0
307ffff 1 0cd 1 c1 1 1 0d8 1 0
3cfffff 1 049 1 f3 1 1 054 1 0
000ee10 1 0a3 1 ee 0 1 0a4 1 0
002d4b3 1 03c 0 b5 0 1 03f 1 0
0006a3a 1 0cb 1 d4 0 1 0cb 1 0
3880000 0 0e8 1 e2 0 1 0f3 0 0
000b458 0 0dc 1 b4 0 1 0dd 0 0
237ffff 0 0a2 1 8d 1 1 0ad 0 0
00078fe 1 067 1 f1 1 1 067 1 0
27fffff 0 0bf 1 9f 1 1 0ca 0 0
3b00000 0 0dd 1 ec 0 1 0e8 0 0
3d40000 1 089 1 f5 0 1 094 1 0
3f7ffff 0 086 1 fd 1 1 091 0 0
24c0000 0 08b 1 93 0 1 096 0 0
3700000 1 07a 1 dc 0 1 085 1 0
00734b2 0 03c 0 e6 1 1 040 0 0
2b80000 1 3f9 1 ae 0 1 004 1 0
2580000 0 055 1 96 0 1 060 0 0
2ac0000 0 0ad 1 ab 0 1 0b8 0 0
213ffff 1 05f 1 84 1 1 06a 1 0
001c694 0 09d 0 e3 0 1 09f 0 0
000b18f 0 01f 0 b1 1 1 020 0 0
3080000 1 029 1 c2 0 1 034 1 0
0005490 0 0cf 1 a9 0 1 0cf 0 0
000652c 0 0b7 1 ca 0 1 0b7 0 0
000d8a2 1 0d8 1 d8 1 1 0d9 1 0
39c0000 1 0ab 1 e7 0 1 0b6 1 0
2300000 0 0bf 1 8c 0 1 0ca 0 0
0007d78 0 094 1 fa 1 1 094 0 0
307ffff 1 0a3 1 c1 1 1 0ae 1 0
3940000 0 08a 1 e5 0 1 095 0 0
2ac0000 0 0db 1 ab 0 1 0e6 0 0
000cd39 0 107 1 cd 0 1 108 0 0
0005c4c 0 11d 1 b8 1 1 11d 0 0
00079eb 1 0b0 1 f3 1 1 0b0 1 0
297ffff 0 09f 1 a5 1 1 0aa 0 0
357ffff 1 023 1 d5 1 1 02e 1 0
3c40000 1 08f 1 f1 0 1 09a 1 0
00089a3 0 0e9 1 89 1 1 0ea 0 0
2f00000 0 0c3 1 bc 0 1 0ce 0 0
2fbffff 1 0d8 1 be 1 1 0e3 1 0
000ba6c 1 04a 1 ba 0 1 04b 1 0
3540000 1 0df 1 d5 0 1 0ea 1 0
2080000 1 0ab 1 82 0 1 0b6 1 0
2780000 0 0bf 1 9e 0 1 0ca 0 0
000d925 1 0f6 1 d9 0 1 0f7 1 0
3a3ffff 1 04e 1 e8 1 1 059 1 0
267ffff 0 054 1 99 1 1 05f 0 0
26bffff 0 076 1 9a 1 1 081 0 0
0006bac 1 0ec 1 d7 0 1 0ec 1 0
2f7ffff 1 0a7 1 bd 1 1 0b2 1 0
3bfffff 1 028 1 ef 1 1 033 1 0
000a418 1 15c 1 a4 0 1 15d 1 0
3bb95ec 1 021 0 ee 1 1 02c 1 0
0008198 0 0e0 1 81 1 1 0e1 0 0
0009024 0 0a3 1 90 0 1 0a4 0 0
303ffff 0 01a 1 c0 1 1 025 0 0
2b7ffff 0 0f2 1 ad 1 1 0fd 0 0
00049d3 0 13d 1 93 1 1 13d 0 0
0007efe 1 033 1 fd 1 1 033 1 0
3580000 1 0b5 1 d6 0 1 0c0 1 0
0008978 0 0d0 1 89 0 1 0d1 0 0
0006301 1 0ec 1 c6 0 1 0ec 1 0
253ffff 0 079 1 94 1 1 084 0 0
3300000 0 039 1 cc 0 1 044 0 0
000a7e2 0 108 1 a7 1 1 109 0 0
37fffff 1 07b 1 df 1 1 086 1 0
000624f 0 08b 1 c4 1 1 08b 0 0
22fffff 0 045 1 8b 1 1 050 0 0
2c80000 0 0ea 1 b2 0 1 0f5 0 0
2cbffff 1 021 1 b2 1 1 02c 1 0
00079b0 0 0d5 1 f3 0 1 0d5 0 0
0008f18 0 11d 1 8f 0 1 11e 0 0
000a25f 0 0b1 1 a2 0 1 0b2 0 0
0006b06 0 0da 1 d6 0 1 0da 0 0
3080000 0 0d1 1 c2 0 1 0dc 0 0
33fffff 0 0c1 1 cf 1 1 0cc 0 0
3780000 1 0e2 1 de 0 1 0ed 1 0
2600000 0 0a5 1 98 0 1 0b0 0 0
000532a 0 15d 1 a6 0 1 15d 0 0
0009dd5 0 065 1 9d 1 1 066 0 0
000c744 1 0ef 1 c7 0 1 0f0 1 0
2d3ffff 1 0da 1 b4 1 1 0e5 1 0
000a584 0 083 1 a5 1 1 084 0 0
0009e3c 1 0f0 1 9e 0 1 0f1 1 0
2b80000 1 0d2 1 ae 0 1 0dd 1 0
0007fe0 0 080 1 ff 1 1 080 0 0
00082db 0 086 1 82 1 1 087 0 0
000858c 0 088 0 85 1 1 089 0 0
00052df 1 0b8 1 a5 1 1 0b8 1 0
0009b40 0 06d 1 9b 0 1 06e 0 0
0005b67 0 03a 1 b6 1 1 03a 0 0
3f80000 0 059 1 fe 0 1 064 0 0
0008879 1 124 1 88 0 1 125 1 0
0005f6a 1 07f 1 be 1 1 07f 1 0
327ffff 1 3fe 1 c9 1 1 009 1 0
000494c 0 030 1 92 1 1 030 0 0
0009a8c 0 073 1 9a 1 1 074 0 0
3bbffff 1 0a7 1 ee 1 1 0b2 1 0
000744a 1 077 1 e8 1 1 077 1 0
213ffff 0 0b0 1 84 1 1 0bb 0 0
0004100 0 0d1 1 82 0 1 0d1 0 0
22bffff 0 03e 1 8a 1 1 049 0 0
000891c 0 0c7 1 89 0 1 0c8 0 0
28bffff 0 053 1 a2 1 1 05e 0 0
21c0000 0 064 1 87 0 1 06f 0 0
00078ef 1 089 1 f1 1 1 089 1 0
00080cc 0 0d9 0 80 1 1 0da 0 0
0006b5e 1 0e2 0 d6 1 1 0e2 1 0
00057da 0 059 1 af 1 1 059 0 0
207ffff 0 080 1 81 1 1 08b 0 0
004ac44 1 03b 0 95 1 1 03f 1 0
3880000 0 02d 1 e2 0 1 038 0 0
0007ff8 1 0cb 1 ff 1 1 0cb 1 0
0005ca2 1 12d 1 b9 0 1 12d 1 0
3400000 0 0ac 1 d0 0 1 0b7 0 0
0007eae 1 06a 1 fd 0 1 06a 1 0
000c23c 1 051 1 c2 0 1 052 1 0
000a50a 0 098 1 a5 0 1 099 0 0
2b80000 1 036 1 ae 0 1 041 1 0
2d3ffff 0 0c4 1 b4 1 1 0cf 0 0
2c3ffff 1 098 1 b0 1 1 0a3 1 0
00084b1 0 0ba 1 84 1 1 0bb 0 0
3980000 1 0a8 1 e6 0 1 0b3 1 0
297ffff 1 3ff 1 a5 1 1 00a 1 0
0007ccb 0 101 1 f9 1 1 101 0 0
0008f16 0 092 1 8f 0 1 093 0 0
263ffff 0 093 1 98 1 1 09e 0 0
3e40000 1 02b 1 f9 0 1 036 1 0
000c242 0 06a 1 c2 0 1 06b 0 0
26bffff 1 0c0 1 9a 1 1 0cb 1 0
25c0000 0 086 1 97 0 1 091 0 0
0491db8 0 076 0 92 0 1 07e 0 0
2fc0000 1 004 1 bf 0 1 00f 1 0
000a710 1 08b 1 a7 0 1 08c 1 0
0007ab0 1 0fc 1 f5 0 1 0fc 1 0
0009a53 0 08d 1 9a 0 1 08e 0 0
35fffff 1 001 1 d7 1 1 00c 1 0
000c948 0 054 1 c9 0 1 055 0 0
20bffff 1 0f1 1 82 1 1 0fc 1 0
3e80000 0 0a5 1 fa 0 1 0b0 0 0
2680000 1 0e4 1 9a 0 1 0ef 1 0
2a40000 1 0be 1 a9 0 1 0c9 1 0
2dfffff 0 09a 1 b7 1 1 0a5 0 0
2980000 1 087 1 a6 0 1 092 1 0
247ffff 1 0f2 1 91 1 1 0fd 1 0
0030a80 0 03c 0 c2 1 1 03f 0 0
0007322 0 0c8 1 e6 0 1 0c8 0 0
2900000 1 083 1 a4 0 1 08e 1 0
3940000 0 0c5 1 e5 0 1 0d0 0 0
33c0000 1 06d 1 cf 0 1 078 1 0
3f40000 1 0de 1 fd 0 1 0e9 1 0
37fffff 1 070 1 df 1 1 07b 1 0
3d00000 1 052 1 f4 0 1 05d 1 0
0007c86 1 121 1 f9 0 1 121 1 0
363ffff 1 073 1 d8 1 1 07e 1 0
393ffff 1 0e3 1 e4 1 1 0ee 1 0
3480000 0 098 1 d2 0 1 0a3 0 0
3fbffff 0 074 1 fe 1 1 07f 0 0
27bffff 0 0a2 1 9e 1 1 0ad 0 0
3f7ffff 0 0e5 1 fd 1 1 0f0 0 0
26c0000 0 0a3 1 9b 0 1 0ae 0 0
3200000 1 033 1 c8 0 1 03e 1 0
3e3ffff 0 0dd 1 f8 1 1 0e8 0 0
3e40000 1 0c0 1 f9 0 1 0cb 1 0
0055f74 1 076 0 ab 1 1 07a 1 0
3700000 1 0e0 1 dc 0 1 0eb 1 0
000c2c5 1 0c8 1 c2 1 1 0c9 1 0
0009e27 1 095 1 9e 0 1 096 1 0
243ffff 1 0af 1 90 1 1 0ba 1 0
0009b54 1 122 1 9b 0 1 123 1 0
000da44 0 086 1 da 0 1 087 0 0
327ffff 1 0e5 1 c9 1 1 0f0 1 0
0007aa7 1 08c 1 f5 0 1 08c 1 0
0009775 1 096 1 97 0 1 097 1 0
00073e6 0 049 1 e7 1 1 049 0 0
033854a 0 0e4 0 ce 0 1 0eb 0 0
000b280 0 071 1 b2 1 1 072 0 0
22c0000 1 0e1 1 8b 0 1 0ec 1 0
3e00000 0 0b1 1 f8 0 1 0bc 0 0
000afe0 1 10e 1 af 1 1 10f 1 0
2d00000 0 0b4 1 b4 0 1 0bf 0 0
000847b 1 04b 1 84 0 1 04c 1 0
00059dc 1 08d 1 b3 1 1 08d 1 0
3ebffff 0 0d8 1 fa 1 1 0e3 0 0
357ffff 1 08e 1 d5 1 1 099 1 0
000dbd2 0 102 1 db 1 1 103 0 0
00061f7 1 0e8 1 c3 1 1 0e8 1 0
3fc0000 0 0a2 1 ff 0 1 0ad 0 0
0007757 1 04e 1 ee 1 1 04e 1 0
00070e2 0 05e 1 e1 1 1 05e 0 0
0008464 0 031 1 84 0 1 032 0 0
2100000 1 099 1 84 0 1 0a4 1 0
0007174 0 0d3 1 e2 1 1 0d3 0 0
3a40000 0 0a5 1 e9 0 1 0b0 0 0
0007ef9 1 158 1 fd 1 1 158 1 0
3b40000 1 06b 1 ed 0 1 076 1 0
00060b7 0 07a 1 c1 0 1 07a 0 0
000cf76 0 035 1 cf 0 1 036 0 0
24bffff 1 0ea 1 92 1 1 0f5 1 0
0005fb9 1 0fe 1 bf 0 1 0fe 1 0
213ffff 1 0b0 1 84 1 1 0bb 1 0
0008658 0 10d 1 86 0 1 10e 0 0
00074b4 1 0d3 1 e9 0 1 0d3 1 0
0006323 0 0cf 1 c6 0 1 0cf 0 0
3b80000 1 048 1 ee 0 1 053 1 0
000a218 0 041 1 a2 0 1 042 0 0
377ffff 0 0ab 1 dd 1 1 0b6 0 0
2500000 0 06b 1 94 0 1 076 0 0
2f40000 0 0cf 1 bd 0 1 0da 0 0
3680000 1 054 1 da 0 1 05f 1 0
0005550 1 028 1 aa 1 1 028 1 0
0007a00 0 0f9 1 f4 0 1 0f9 0 0
387ffff 0 0d1 1 e1 1 1 0dc 0 0
213ffff 1 0cb 1 84 1 1 0d6 1 0
05f0571 0 018 0 be 0 1 020 0 0
367ffff 0 0aa 1 d9 1 1 0b5 0 0
267ffff 1 0c9 1 99 1 1 0d4 1 0
000bde6 0 0a1 1 bd 1 1 0a2 0 0
0005492 0 06d 0 a9 0 1 06d 0 0
000a155 1 069 1 a1 0 1 06a 1 0
000960f 1 117 1 96 0 1 118 1 0
000c174 0 045 0 c1 0 1 046 0 0
00082b5 1 144 1 82 1 1 145 1 0
3afffff 1 052 1 eb 1 1 05d 1 0
0021f42 0 0d9 0 87 1 1 0dc 0 0
333ffff 0 01b 1 cc 1 1 026 0 0
387ffff 0 0cd 1 e1 1 1 0d8 0 0
3440000 1 0ef 1 d1 0 1 0fa 1 0
30c0000 1 0ab 1 c3 0 1 0b6 1 0
2a00000 0 05a 1 a8 0 1 065 0 0
000bdb4 0 0fd 0 bd 1 1 0fe 0 0
2580000 0 0c9 1 96 0 1 0d4 0 0
000f058 0 072 0 f0 0 1 073 0 0
28c0000 0 09b 1 a3 0 1 0a6 0 0
0037048 1 0f3 0 dc 0 1 0f6 1 0
3afffff 0 093 1 eb 1 1 09e 0 0
3300000 1 092 1 cc 0 1 09d 1 0
000845d 1 0af 1 84 0 1 0b0 1 0
39fffff 1 0bb 1 e7 1 1 0c6 1 0
000ab99 0 0bb 1 ab 1 1 0bc 0 0
000bfa3 1 112 1 bf 1 1 113 1 0
3abffff 1 0ec 1 ea 1 1 0f7 1 0
3c7ffff 1 0d0 1 f1 1 1 0db 1 0
0007d28 1 0a7 1 fa 0 1 0a7 1 0
2c7ffff 0 0a3 1 b1 1 1 0ae 0 0
000a1b8 0 0be 0 a1 1 1 0bf 0 0
0008274 1 0d5 1 82 0 1 0d6 1 0
2e00000 0 047 1 b8 0 1 052 0 0
24c0000 1 062 1 93 0 1 06d 1 0
2840000 0 095 1 a1 0 1 0a0 0 0
333ffff 1 09f 1 cc 1 1 0aa 1 0
3fbffff 1 0d1 1 fe 1 1 0dc 1 0
000a65c 0 0b7 1 a6 0 1 0b8 0 0
000c144 0 0ff 1 c1 0 1 100 0 0
3fbffff 1 0db 1 fe 1 1 0e6 1 0
2880000 0 0be 1 a2 0 1 0c9 0 0
000749a 1 0e7 1 e9 0 1 0e7 1 0
223ffff 0 0ab 1 88 1 1 0b6 0 0
2fc0000 0 083 1 bf 0 1 08e 0 0
0009dac 1 0d1 1 9d 1 1 0d2 1 0
2d3ffff 1 057 1 b4 1 1 062 1 0
277ffff 1 09f 1 9d 1 1 0aa 1 0
000526a 1 086 1 a4 1 1 086 1 0
3a7ffff 1 0bf 1 e9 1 1 0ca 1 0
39c0000 0 08b 1 e7 0 1 096 0 0
000748b 0 11a 1 e9 0 1 11a 0 0
2040000 0 0ee 1 81 0 1 0f9 0 0
000a4b7 0 0b4 1 a4 1 1 0b5 0 0
0009220 0 050 1 92 0 1 051 0 0
0004f28 0 029 1 9e 0 1 029 0 0
000b12f 0 0e8 1 b1 0 1 0e9 0 0
0008624 1 108 1 86 0 1 109 1 0
2fc0000 1 09b 1 bf 0 1 0a6 1 0
0008319 0 02f 1 83 0 1 030 0 0
000813a 0 10c 1 81 0 1 10d 0 0
373ffff 1 08e 1 dc 1 1 099 1 0
3f40000 0 059 1 fd 0 1 064 0 0
2d7ffff 1 0cd 1 b5 1 1 0d8 1 0
24bffff 1 088 1 92 1 1 093 1 0
283ffff 0 0ce 1 a0 1 1 0d9 0 0
0007b02 1 096 1 f6 0 1 096 1 0
2afffff 0 0a7 1 ab 1 1 0b2 0 0
36bffff 0 0dd 1 da 1 1 0e8 0 0
2cfffff 0 094 1 b3 1 1 09f 0 0
3540000 1 0b0 1 d5 0 1 0bb 1 0
3340000 0 0c5 1 cd 0 1 0d0 0 0
2bc0000 0 0f1 1 af 0 1 0fc 0 0
307ffff 1 0ac 1 c1 1 1 0b7 1 0
3080000 1 0b7 1 c2 0 1 0c2 1 0
20fffff 0 05f 1 83 1 1 06a 0 0
2380000 0 07e 1 8e 0 1 089 0 0
0006414 0 09b 1 c8 0 1 09b 0 0
0005d38 1 0de 1 ba 0 1 0de 1 0
2f00000 1 09a 1 bc 0 1 0a5 1 0
29bffff 1 095 1 a6 1 1 0a0 1 0
000a8ff 1 12f 1 a8 1 1 130 1 0
0004cfd 0 10a 1 99 1 1 10a 0 0
0008123 0 081 1 81 0 1 082 0 0
000dc22 1 0bd 1 dc 0 1 0be 1 0
000a100 0 0a6 1 a1 0 1 0a7 0 0
0007247 0 15b 1 e4 1 1 15b 0 0
000b4aa 0 04d 1 b4 1 1 04e 0 0
0006c1a 0 08d 1 d8 0 1 08d 0 0
0006d96 0 023 1 db 0 1 023 0 0
000a5f8 1 0f0 1 a5 1 1 0f1 1 0
00099f4 0 092 0 99 1 1 093 0 0
2c40000 1 3fc 1 b1 0 1 007 1 0
000ea48 1 157 1 ea 0 1 158 1 0
00075dd 0 0fd 1 eb 1 1 0fd 0 0
0007f17 1 0a9 1 fe 0 1 0a9 1 0
3e80000 0 03c 1 fa 0 1 047 0 0
0007f0f 0 122 1 fe 0 1 122 0 0
3c80000 1 0c7 1 f2 0 1 0d2 1 0
0004c76 0 0ed 1 98 1 1 0ed 0 0
000b090 1 0ea 1 b0 1 1 0eb 1 0
29bffff 0 0e7 1 a6 1 1 0f2 0 0
3c80000 0 029 1 f2 0 1 034 0 0
24fffff 1 0b6 1 93 1 1 0c1 1 0
000501e 1 110 1 a0 0 1 110 1 0
2f40000 0 0ca 1 bd 0 1 0d5 0 0
000911d 0 09c 1 91 0 1 09d 0 0
000ef10 0 0e1 1 ef 0 1 0e2 0 0
25c0000 1 0d8 1 97 0 1 0e3 1 0
00083dc 1 112 1 83 1 1 113 1 0
3cc0000 0 086 1 f3 0 1 091 0 0
000aa7f 0 06c 1 aa 0 1 06d 0 0
2d80000 0 0ce 0 b6 0 0 0d9 0 0
1ffffff 0 0bc 1 ff 1 1 0c6 0 0
3c7ffff 1 0ab 1 f1 1 1 0b6 1 0
0009b55 0 046 1 9b 0 1 047 0 0
00076dd 1 075 1 ed 1 1 075 1 0
00076d4 1 0c5 1 ed 1 1 0c5 1 0
000483b 0 0c7 1 90 0 1 0c7 0 0
3bc0000 1 000 1 ef 0 1 00b 1 0
000dd34 1 0d4 1 dd 0 1 0d5 1 0
000a320 1 0ca 1 a3 0 1 0cb 1 0
343ffff 0 0a5 1 d0 1 1 0b0 0 0
000c3fb 0 130 1 c3 1 1 131 0 0
3540000 0 0db 1 d5 0 1 0e6 0 0
2040000 0 082 1 81 0 1 08d 0 0
3d40000 1 094 1 f5 0 1 09f 1 0
00076e6 0 11a 1 ed 1 1 11a 0 0
393ffff 0 0d5 1 e4 1 1 0e0 0 0
3700000 1 074 1 dc 0 1 07f 1 0
2d80000 1 0ce 1 b6 0 1 0d9 1 0
019ef2c 0 0d1 0 cf 0 1 0d7 0 0
000aa22 0 02b 1 aa 0 1 02c 0 0
2900000 0 032 1 a4 0 1 03d 0 0
2d00000 1 0ad 1 b4 0 1 0b8 1 0
207ffff 1 097 1 81 1 1 0a2 1 0
373ffff 1 0c4 1 dc 1 1 0cf 1 0
36bffff 0 05e 1 da 1 1 069 0 0
2c80000 1 0af 1 b2 0 1 0ba 1 0
000eb13 1 0d8 1 eb 0 1 0d9 1 0
0009341 1 087 1 93 0 1 088 1 0
29bffff 1 09f 1 a6 1 1 0aa 1 0
32c0000 0 0db 1 cb 0 1 0e6 0 0
000998f 0 08d 1 99 1 1 08e 0 0
000d01f 0 107 1 d0 0 1 108 0 0
000d7a8 0 090 1 d7 1 1 091 0 0
25bffff 0 0ce 1 96 1 1 0d9 0 0
2dbffff 1 0aa 1 b6 1 1 0b5 1 0
00359f6 0 012 0 d6 0 1 015 0 0
000601c 0 0d3 1 c0 0 1 0d3 0 0
0006c0c 0 0ee 1 d8 0 1 0ee 0 0
35bffff 0 042 1 d6 1 1 04d 0 0
0040ff8 1 0d3 0 81 1 1 0d7 1 0
007eca0 0 0b0 0 fd 1 1 0b4 0 0
0008213 0 085 1 82 0 1 086 0 0
0009aa1 1 111 1 9a 1 1 112 1 0
337ffff 1 0a5 1 cd 1 1 0b0 1 0
0009095 0 07d 1 90 1 1 07e 0 0
000b300 1 0a2 1 b3 0 1 0a3 1 0
2c40000 1 07b 1 b1 0 1 086 1 0
2fbffff 1 075 1 be 1 1 080 1 0
3f80000 1 056 1 fe 0 1 061 1 0
0007449 1 13f 1 e8 1 1 13f 1 0
2ac0000 0 073 1 ab 0 1 07e 0 0
0008a5b 1 12a 1 8a 0 1 12b 1 0
377ffff 0 0b4 1 dd 1 1 0bf 0 0
000b3ff 0 158 1 b3 1 1 159 0 0
0004b54 0 0e4 1 96 1 1 0e4 0 0
353ffff 0 06f 1 d4 1 1 07a 0 0
3400000 1 013 1 d0 0 1 01e 1 0
318adcc 1 000 0 c6 0 1 00b 1 0
33c0000 1 0e9 1 cf 0 1 0f4 1 0
000574c 0 096 1 ae 1 1 096 0 0
11f67a4 0 096 0 8f 1 1 0a0 0 0
000701c 1 06f 0 e0 0 1 06f 1 0
000b09b 0 0a2 1 b0 1 1 0a3 0 0
00070db 0 0d1 1 e1 1 1 0d1 0 0
3cfffff 0 067 1 f3 1 1 072 0 0
07581c0 1 0c4 0 eb 0 1 0cc 1 0
2040000 1 0ed 1 81 0 1 0f8 1 0
3640000 1 0c9 1 d9 0 1 0d4 1 0
37fffff 0 0ed 1 df 1 1 0f8 0 0
000ae9f 0 140 1 ae 1 1 141 0 0
0007aa8 1 0a3 1 f5 0 1 0a3 1 0
000a39f 0 11a 1 a3 1 1 11b 0 0
000a298 1 0d5 1 a2 1 1 0d6 1 0
0005b70 0 154 1 b6 1 1 154 0 0
000a067 0 119 1 a0 0 1 11a 0 0
000ac31 0 0fe 1 ac 0 1 0ff 0 0
27bffff 1 0d4 1 9e 1 1 0df 1 0
000b4cc 1 109 1 b4 1 1 10a 1 0
2c00000 1 0d9 1 b0 0 1 0e4 1 0
393ffff 0 0b4 1 e4 1 1 0bf 0 0
2c7ffff 0 07c 1 b1 1 1 087 0 0
02952f4 1 082 0 a5 0 1 089 1 0
0009e05 0 104 1 9e 0 1 105 0 0
3240000 0 0c8 1 c9 0 1 0d3 0 0
0006f7f 0 170 1 de 1 1 170 0 0
2680000 0 0d9 1 9a 0 1 0e4 0 0
3e00000 1 08a 1 f8 0 1 095 1 0
2c3ffff 1 05d 1 b0 1 1 068 1 0
2dbffff 0 0ae 1 b6 1 1 0b9 0 0
30c0000 0 0b5 1 c3 0 1 0c0 0 0
000c15f 0 067 1 c1 0 1 068 0 0
3600000 1 0df 1 d8 0 1 0ea 1 0
3940000 0 099 1 e5 0 1 0a4 0 0
000ba60 1 0fb 1 ba 0 1 0fc 1 0
1eaea70 1 09c 0 f5 0 1 0a6 1 0
000b9db 1 09e 1 b9 1 1 09f 1 0
26bffff 1 02a 1 9a 1 1 035 1 0
0005300 1 06b 1 a6 0 1 06b 1 0
36c0000 0 034 1 db 0 1 03f 0 0
0008123 0 103 1 81 0 1 104 0 0
2fc0000 1 0e1 1 bf 0 1 0ec 1 0
38fffff 1 05e 1 e3 1 1 069 1 0
21c0000 0 059 0 87 0 0 064 0 0
3d3ffff 0 059 1 f4 1 1 064 0 0
000ddae 0 09f 1 dd 1 1 0a0 0 0
0006e2e 1 0d5 1 dc 0 1 0d5 1 0
3100000 0 0aa 1 c4 0 1 0b5 0 0
237ffff 0 08e 1 8d 1 1 099 0 0
2240000 0 06a 1 89 0 1 075 0 0
000c5ca 0 0cb 1 c5 1 1 0cc 0 0
3cc0000 1 0b0 1 f3 0 1 0bb 1 0
0007b4b 1 0a0 1 f6 1 1 0a0 1 0
29fffff 0 0b4 1 a7 1 1 0bf 0 0
2ffffff 1 0e6 1 bf 1 1 0f1 1 0
2900000 0 0cf 1 a4 0 1 0da 0 0
33bffff 1 0f3 1 ce 1 1 0fe 1 0
0006ee8 0 0e1 0 dd 1 1 0e1 0 0
2a40000 0 09f 1 a9 0 1 0aa 0 0
0008c5b 0 06d 1 8c 0 1 06e 0 0
31bffff 0 09e 1 c6 1 1 0a9 0 0
0007207 0 075 1 e4 0 1 075 0 0
000a7bf 0 117 1 a7 1 1 118 0 0
00081f9 0 163 1 81 1 1 164 0 0
29fffff 1 074 1 a7 1 1 07f 1 0
0006a7f 1 100 1 d4 1 1 100 1 0
0008a96 0 0b4 1 8a 1 1 0b5 0 0
3280000 0 048 1 ca 0 1 053 0 0
000a343 0 0c3 1 a3 0 1 0c4 0 0
357ffff 0 0e1 1 d5 1 1 0ec 0 0
0006c47 1 12b 1 d8 1 1 12b 1 0
00078f0 1 0fc 1 f1 1 1 0fc 1 0
000ce57 1 0df 1 ce 0 1 0e0 1 0
000803f 0 0ad 1 80 0 1 0ae 0 0
2c3ffff 1 0c4 1 b0 1 1 0cf 1 0
00073a6 1 097 1 e7 0 1 097 1 0
37bffff 0 047 1 de 1 1 052 0 0
3b40000 0 0b2 0 ed 0 0 0bd 0 0
000691e 0 0e4 1 d2 0 1 0e4 0 0
3400000 0 0b1 1 d0 0 1 0bc 0 0
00082fd 0 0e6 1 82 1 1 0e7 0 0
2d40000 1 0c1 1 b5 0 1 0cc 1 0
2b3ffff 0 0e5 1 ac 1 1 0f0 0 0
0007b40 0 09c 0 f6 1 0 09c 0 0
323ffff 1 0b3 1 c8 1 1 0be 1 0
383ffff 0 030 1 e0 1 1 03b 0 0
0007428 1 071 1 e8 0 1 071 1 0
3cfffff 0 073 1 f3 1 1 07e 0 0
3680000 1 3fd 1 da 0 1 008 1 0
3a7ffff 1 0f0 1 e9 1 1 0fb 1 0
327ffff 0 01a 1 c9 1 1 025 0 0
247ffff 1 07c 1 91 1 1 087 1 0
2840000 0 06b 1 a1 0 1 076 0 0
0006400 0 107 1 c8 0 1 107 0 0
327ffff 0 092 1 c9 1 1 09d 0 0
0007010 1 0a6 1 e0 0 1 0a6 1 0
0007598 0 157 1 eb 0 1 157 0 0
0009907 0 0f4 1 99 0 1 0f5 0 0
3f3ffff 0 0ec 1 fc 1 1 0f7 0 0
000e796 0 09d 1 e7 1 1 09e 0 0
3c00000 1 088 1 f0 0 1 093 1 0
0006ef8 0 0bd 1 dd 1 1 0bd 0 0
000b054 0 065 1 b0 0 1 066 0 0
000caa9 1 0ce 0 ca 1 1 0cf 1 0
000c5a7 0 08c 1 c5 1 1 08d 0 0
377ffff 1 0be 1 dd 1 1 0c9 1 0
0029be4 0 090 0 a6 1 1 093 0 0
004ff0e 1 0ba 0 9f 1 1 0be 1 0
00066f5 0 0a4 1 cd 1 1 0a4 0 0
2f80000 0 09e 1 be 0 1 0a9 0 0
0009d23 1 091 1 9d 0 1 092 1 0
387ffff 1 02f 1 e1 1 1 03a 1 0
000a758 1 12d 1 a7 0 1 12e 1 0
2580000 1 0a8 1 96 0 1 0b3 1 0
000e46e 1 055 1 e4 0 1 056 1 0
0009669 1 0c4 1 96 0 1 0c5 1 0
000438c 1 104 1 87 0 1 104 1 0
000dbba 0 06b 1 db 1 1 06c 0 0
0006f50 1 146 1 de 1 1 146 1 0
3dc0000 0 02f 1 f7 0 1 03a 0 0
30fffff 1 065 1 c3 1 1 070 1 0
000acfe 0 143 1 ac 1 1 144 0 0
2abffff 1 0df 1 aa 1 1 0ea 1 0
37c0000 1 090 1 df 0 1 09b 1 0
0009da3 1 00d 1 9d 1 1 00e 1 0
000a9ea 0 107 1 a9 1 1 108 0 0
0009b71 0 0d7 1 9b 0 1 0d8 0 0
353ffff 1 040 1 d4 1 1 04b 1 0
00064cd 0 069 1 c9 1 1 069 0 0
23fffff 1 074 1 8f 1 1 07f 1 0
3280000 1 065 1 ca 0 1 070 1 0
2c3ffff 0 09e 1 b0 1 1 0a9 0 0
00099dd 0 08a 1 99 1 1 08b 0 0
3b3ffff 1 0ef 1 ec 1 1 0fa 1 0
2480000 1 09a 1 92 0 1 0a5 1 0
0007e1b 1 0d0 0 fc 0 1 0d0 1 0
257ffff 1 03d 1 95 1 1 048 1 0
2dfffff 1 0cf 1 b7 1 1 0da 1 0
303ffff 0 0e1 1 c0 1 1 0ec 0 0
0008a99 0 144 1 8a 1 1 145 0 0
2540000 1 049 1 95 0 1 054 1 0
34fffff 0 072 1 d3 1 1 07d 0 0
243ffff 1 021 1 90 1 1 02c 1 0
3fc0000 1 0e5 0 ff 0 0 0f0 1 0
2240000 0 0e1 1 89 0 1 0ec 0 0
00089cf 0 050 1 89 1 1 051 0 0
000cc5f 0 0f1 1 cc 0 1 0f2 0 0
000a607 1 0b9 1 a6 0 1 0ba 1 0
0008aa8 0 094 1 8a 1 1 095 0 0
3d00000 0 0c8 1 f4 0 1 0d3 0 0
0034af5 0 0a4 0 d2 1 1 0a7 0 0
0008969 1 117 1 89 0 1 118 1 0
00092dc 0 125 1 92 1 1 126 0 0
0006562 1 106 1 ca 1 1 106 1 0
1ffffff 0 0b6 1 ff 1 1 0c0 0 0
04f0cb6 0 06f 0 9e 0 1 077 0 0
000c743 1 03b 1 c7 0 1 03c 1 0
000978b 0 09f 1 97 1 1 0a0 0 0
0008aa2 1 0cd 1 8a 1 1 0ce 1 0
000aca4 1 14f 1 ac 1 1 150 1 0
00091e3 0 068 1 91 1 1 069 0 0
327ffff 0 05d 1 c9 1 1 068 0 0
000b813 1 051 1 b8 0 1 052 1 0
000990f 1 0de 1 99 0 1 0df 1 0
000755c 1 095 1 ea 1 1 095 1 0
2d00000 0 0e5 1 b4 0 1 0f0 0 0
2440000 1 0b8 1 91 0 1 0c3 1 0
00098c1 0 05d 1 98 1 1 05e 0 0
000c980 1 0cb 1 c9 1 1 0cc 1 0
3ac0000 1 0b0 1 eb 0 1 0bb 1 0
0007dd6 0 0a8 1 fb 1 1 0a8 0 0
34bffff 1 0f2 1 d2 1 1 0fd 1 0
000586c 1 02c 0 b0 1 1 02c 1 0
2080000 1 02e 1 82 0 1 039 1 0
253ffff 1 0d7 1 94 1 1 0e2 1 0
0006c0c 1 071 1 d8 0 1 071 1 0
2540000 0 0c7 1 95 0 1 0d2 0 0
38fffff 1 0b2 1 e3 1 1 0bd 1 0
3f80000 0 09b 1 fe 0 1 0a6 0 0
2efffff 0 078 1 bb 1 1 083 0 0
000867c 0 032 1 86 0 1 033 0 0
2e80000 0 0ea 1 ba 0 1 0f5 0 0
000b44b 0 10d 1 b4 0 1 10e 0 0
24c0000 0 0eb 1 93 0 1 0f6 0 0
0000000 0 3f5 1 00 0 1 3e7 0 1
303ffff 1 0c3 1 c0 1 1 0ce 1 0
3880000 0 09f 1 e2 0 1 0aa 0 0
00098c0 1 087 1 98 1 1 088 1 0
2540000 1 0e2 1 95 0 1 0ed 1 0
227ffff 1 0a5 1 89 1 1 0b0 1 0
297ffff 0 078 1 a5 1 1 083 0 0
34fffff 1 089 1 d3 1 1 094 1 0
037ed70 1 077 0 df 1 1 07e 1 0
38bffff 0 0eb 1 e2 1 1 0f6 0 0
00061ea 0 0e4 1 c3 1 1 0e4 0 0
000aabb 1 139 1 aa 1 1 13a 1 0
000561b 0 0fa 1 ac 0 1 0fa 0 0
3e7ffff 1 0c4 1 f9 1 1 0cf 1 0
000a5d7 0 13a 1 a5 1 1 13b 0 0
2b40000 1 096 1 ad 0 1 0a1 1 0
36bffff 1 07b 1 da 1 1 086 1 0
0007812 0 06e 1 f0 0 1 06e 0 0
35c0000 0 0ed 1 d7 0 1 0f8 0 0
0004ddb 0 0f5 1 9b 1 1 0f5 0 0
0008822 0 086 1 88 0 1 087 0 0
2280000 1 0ee 1 8a 0 1 0f9 1 0
39fffff 0 059 1 e7 1 1 064 0 0
000771b 1 0c2 1 ee 0 1 0c2 1 0
000a32b 1 04d 1 a3 0 1 04e 1 0
0007a7f 1 0de 1 f4 1 1 0de 1 0
000daa5 1 0d6 1 da 1 1 0d7 1 0
000a55f 1 0a3 1 a5 0 1 0a4 1 0
0008abf 1 127 1 8a 1 1 128 1 0
00076ce 1 0a5 1 ed 1 1 0a5 1 0
000d444 1 078 1 d4 0 1 079 1 0
0004c87 0 0f5 1 99 0 1 0f5 0 0
00053c9 1 065 1 a7 1 1 065 1 0
21fffff 0 0ac 1 87 1 1 0b7 0 0
2b40000 1 089 1 ad 0 1 094 1 0
000af76 1 10f 1 af 0 1 110 1 0
0006ad3 1 04d 1 d5 1 1 04d 1 0
24bffff 1 0e0 1 92 1 1 0eb 1 0
0006900 0 110 1 d2 0 1 110 0 0
20bffff 0 3f8 1 82 1 1 003 0 0
00081d0 0 08d 1 81 1 1 08e 0 0
3e40000 1 067 1 f9 0 1 072 1 0
0004492 0 085 1 89 0 1 085 0 0
000b6d0 0 148 1 b6 1 1 149 0 0
000d6cd 1 075 1 d6 1 1 076 1 0
000c8d5 0 0c5 1 c8 1 1 0c6 0 0
30fffff 0 0a7 1 c3 1 1 0b2 0 0
2cfffff 0 0ac 1 b3 1 1 0b7 0 0
0008a63 0 0de 1 8a 0 1 0df 0 0
383ffff 0 088 1 e0 1 1 093 0 0
000bcb1 0 0ab 1 bc 1 1 0ac 0 0
000d9c7 1 01b 0 d9 1 1 01c 1 0
35bffff 1 0ef 1 d6 1 1 0fa 1 0
2c3ffff 1 0e7 1 b0 1 1 0f2 1 0
237ffff 0 088 1 8d 1 1 093 0 0
00082e3 0 0bd 1 82 1 1 0be 0 0
000b846 0 05f 1 b8 0 1 060 0 0
0006545 0 054 1 ca 1 1 054 0 0
000a238 0 114 1 a2 0 1 115 0 0
247ffff 0 079 1 91 1 1 084 0 0
000c23d 0 087 1 c2 0 1 088 0 0
000ceb8 0 08f 1 ce 1 1 090 0 0
0009bc0 0 0d8 1 9b 1 1 0d9 0 0
2d00000 0 0ab 1 b4 0 1 0b6 0 0
000b19f 0 0dd 1 b1 1 1 0de 0 0
2380000 1 034 1 8e 0 1 03f 1 0
3200000 1 09e 1 c8 0 1 0a9 1 0
217ffff 0 0d5 1 85 1 1 0e0 0 0
000a271 1 0d2 1 a2 0 1 0d3 1 0
0007dee 0 073 1 fb 1 1 073 0 0
2340000 1 0e8 1 8d 0 1 0f3 1 0
3340000 1 0e7 1 cd 0 1 0f2 1 0
34fffff 0 03a 1 d3 1 1 045 0 0
3a00000 1 019 1 e8 0 1 024 1 0
0ce406c 1 0e1 0 ce 0 1 0ea 1 0
3280000 1 0b3 1 ca 0 1 0be 1 0
32c0000 1 019 1 cb 0 1 024 1 0
2e3ffff 1 0c7 1 b8 1 1 0d2 1 0
2000000 1 0b4 1 80 0 1 0bf 1 0
0007f76 0 105 1 fe 1 1 105 0 0
000a791 1 142 1 a7 1 1 143 1 0
29bffff 0 048 1 a6 1 1 053 0 0
00099bf 1 07c 1 99 1 1 07d 1 0
0007404 1 055 1 e8 0 1 055 1 0
35c0000 0 0b2 1 d7 0 1 0bd 0 0
35c0000 0 094 1 d7 0 1 09f 0 0
0008353 1 103 1 83 0 1 104 1 0
0007dbd 0 118 1 fb 0 1 118 0 0
2dc0000 0 095 1 b7 0 1 0a0 0 0
00077ac 0 126 1 ef 0 1 126 0 0
3080000 1 0b9 1 c2 0 1 0c4 1 0
00073ff 0 0d0 1 e7 1 1 0d0 0 0
00070a9 1 0d4 1 e1 0 1 0d4 1 0
2d80000 0 046 1 b6 0 1 051 0 0
0008870 1 09b 1 88 0 1 09c 1 0
3300000 0 0c1 1 cc 0 1 0cc 0 0
3e00000 0 09f 1 f8 0 1 0aa 0 0
2300000 1 097 1 8c 0 1 0a2 1 0
2c80000 0 084 1 b2 0 1 08f 0 0
00067c5 0 0ed 1 cf 1 1 0ed 0 0
3dc0000 0 0da 1 f7 0 1 0e5 0 0
39fffff 0 0b5 1 e7 1 1 0c0 0 0
363ffff 1 01a 1 d8 1 1 025 1 0
34fffff 0 0a8 1 d3 1 1 0b3 0 0
0009f33 1 0ef 1 9f 0 1 0f0 1 0
0005f8f 1 073 1 bf 0 1 073 1 0
3cfffff 1 091 1 f3 1 1 09c 1 0
2a40000 0 050 1 a9 0 1 05b 0 0
0009dcf 1 07f 1 9d 1 1 080 1 0
3b00000 0 02f 1 ec 0 1 03a 0 0
000daef 0 10c 1 da 1 1 10d 0 0
000937e 0 116 1 93 0 1 117 0 0
2a7ffff 1 0c1 1 a9 1 1 0cc 1 0
2ebffff 0 0b5 1 ba 1 1 0c0 0 0
38fffff 1 0cd 1 e3 1 1 0d8 1 0
2040000 1 0b1 1 81 0 1 0bc 1 0
000b401 0 0c2 1 b4 0 1 0c3 0 0
00095f9 1 0ef 1 95 1 1 0f0 1 0
38c0000 0 0e3 1 e3 0 1 0ee 0 0
0008324 1 09d 1 83 0 1 09e 1 0
000a035 1 105 1 a0 0 1 106 1 0
2efffff 1 0c9 1 bb 1 1 0d4 1 0
2880000 1 031 1 a2 0 1 03c 1 0
0004ebb 0 0e9 1 9d 0 1 0e9 0 0
2300000 0 0cc 1 8c 0 1 0d7 0 0
000b42f 1 0e4 1 b4 0 1 0e5 1 0
000c969 1 0b1 1 c9 0 1 0b2 1 0
0009159 1 0fe 1 91 0 1 0ff 1 0
0007b97 0 0b7 1 f7 0 1 0b7 0 0
000b05d 1 10b 1 b0 0 1 10c 1 0
2780000 1 016 1 9e 0 1 021 1 0
3500000 1 0bb 1 d4 0 1 0c6 1 0
000ae6f 1 131 1 ae 0 1 132 1 0
0009f40 1 0b9 1 9f 0 1 0ba 1 0
2e7ffff 1 09b 1 b9 1 1 0a6 1 0
000bc15 1 0f2 1 bc 0 1 0f3 1 0
0009f53 0 128 1 9f 0 1 129 0 0
000607c 1 0e9 1 c0 1 1 0e9 1 0
0008f6e 0 0fc 1 8f 0 1 0fd 0 0
3dbffff 1 0b5 1 f6 1 1 0c0 1 0
000d06c 0 175 1 d0 0 1 176 0 0
000648b 1 13e 1 c9 0 1 13e 1 0
00081ef 1 09a 1 81 1 1 09b 1 0
00043f6 0 0ae 1 87 1 1 0ae 0 0
0006dc6 1 05a 1 db 1 1 05a 1 0
24c0000 1 032 1 93 0 1 03d 1 0
21c0000 1 014 1 87 0 1 01f 1 0
00053d6 0 0c2 1 a7 1 1 0c2 0 0
00b7192 1 041 0 b7 0 1 046 1 0
0008d9b 0 0a8 1 8d 1 1 0a9 0 0
3bc0000 1 08f 1 ef 0 1 09a 1 0
000703c 0 086 0 e0 0 1 086 0 0
2afffff 0 0bd 1 ab 1 1 0c8 0 0
32bffff 1 0d3 1 ca 1 1 0de 1 0
34bffff 1 016 1 d2 1 1 021 1 0
000ad25 1 0de 1 ad 0 1 0df 1 0
000b486 0 105 1 b4 1 1 106 0 0
0008e67 0 0f1 1 8e 0 1 0f2 0 0
33fffff 1 0d7 1 cf 1 1 0e2 1 0
2dc0000 0 0de 1 b7 0 1 0e9 0 0
0005acb 0 0d0 1 b5 1 1 0d0 0 0
0006ab6 0 0e2 1 d5 0 1 0e2 0 0
00099ca 1 096 1 99 1 1 097 1 0
0009966 1 0de 1 99 0 1 0df 1 0
0006388 0 140 1 c7 0 1 140 0 0
3980000 1 091 1 e6 0 1 09c 1 0
00062bc 1 0aa 1 c5 0 1 0aa 1 0
237ffff 0 085 1 8d 1 1 090 0 0
000855f 0 09c 1 85 0 1 09d 0 0
21bffff 0 07e 1 86 1 1 089 0 0
3040000 1 0f3 1 c1 0 1 0fe 1 0
2780000 0 097 1 9e 0 1 0a2 0 0
0009a53 1 0e3 1 9a 0 1 0e4 1 0
3e40000 1 0ab 1 f9 0 1 0b6 1 0
0005900 1 0d6 1 b2 0 1 0d6 1 0
37bffff 1 04c 1 de 1 1 057 1 0
0006eff 1 0fb 1 dd 1 1 0fb 1 0
207ffff 1 0af 1 81 1 1 0ba 1 0
0009c10 1 0cb 1 9c 0 1 0cc 1 0
000ac3b 1 089 1 ac 0 1 08a 1 0
0005820 0 160 1 b0 0 1 160 0 0
3dbffff 0 05e 1 f6 1 1 069 0 0
2e7ffff 1 018 1 b9 1 1 023 1 0
3ec0000 1 087 1 fb 0 1 092 1 0
2bbffff 1 0b0 1 ae 1 1 0bb 1 0
0006280 1 023 1 c5 0 1 023 1 0
00080ad 1 0bc 1 80 1 1 0bd 1 0
000a955 0 0e3 1 a9 0 1 0e4 0 0
253ffff 1 092 1 94 1 1 09d 1 0
39bffff 0 055 1 e6 1 1 060 0 0
2cc0000 0 0b8 1 b3 0 1 0c3 0 0
3f80000 0 0b6 1 fe 0 1 0c1 0 0
247ffff 1 0ad 1 91 1 1 0b8 1 0
0007cd8 1 0d8 1 f9 1 1 0d8 1 0
2e40000 0 093 1 b9 0 1 09e 0 0
000c2bb 0 0e3 1 c2 1 1 0e4 0 0
0009c4e 1 158 1 9c 0 1 159 1 0
2d7ffff 1 0b4 1 b5 1 1 0bf 1 0
36fffff 0 0c1 1 db 1 1 0cc 0 0
000b747 0 107 1 b7 0 1 108 0 0
0795ca4 1 0f5 0 f2 1 1 0fd 1 0
0007acf 1 09a 1 f5 1 1 09a 1 0
217ffff 0 05d 1 85 1 1 068 0 0
2b3ffff 1 0ef 1 ac 1 1 0fa 1 0
3efffff 0 0c9 1 fb 1 1 0d4 0 0
2cfffff 0 064 1 b3 1 1 06f 0 0
000bcd0 0 061 1 bc 1 1 062 0 0
387ffff 1 062 1 e1 1 1 06d 1 0
3dfffff 0 0b3 1 f7 1 1 0be 0 0
000945b 0 058 1 94 0 1 059 0 0
3ac0000 1 0a1 1 eb 0 1 0ac 1 0
387ffff 1 0ee 1 e1 1 1 0f9 1 0
00089c0 1 09c 1 89 1 1 09d 1 0
3240000 1 033 1 c9 0 1 03e 1 0
3580000 1 092 1 d6 0 1 09d 1 0
3c7ffff 1 0c5 1 f1 1 1 0d0 1 0
0007d81 0 06b 1 fb 0 1 06b 0 0
3fc0000 1 035 1 ff 0 1 040 1 0
0008c34 1 13b 1 8c 0 1 13c 1 0
323ffff 0 0e5 1 c8 1 1 0f0 0 0
3ac0000 1 0a2 1 eb 0 1 0ad 1 0
0009cc0 0 0d8 1 9c 1 1 0d9 0 0
000969c 1 06d 0 96 1 1 06e 1 0
28c0000 1 04f 1 a3 0 1 05a 1 0
0006ba4 0 114 1 d7 0 1 114 0 0
0006248 1 084 1 c4 1 1 084 1 0
0007037 1 128 1 e0 0 1 128 1 0
000a217 0 0bc 1 a2 0 1 0bd 0 0
2f40000 0 046 1 bd 0 1 051 0 0
000acf7 1 0fe 1 ac 1 1 0ff 1 0
32c0000 0 079 1 cb 0 1 084 0 0
0005ab9 0 072 1 b5 0 1 072 0 0
22fffff 0 047 1 8b 1 1 052 0 0
3840000 0 0ad 1 e1 0 1 0b8 0 0
2e80000 0 0a4 1 ba 0 1 0af 0 0
000a89a 0 031 0 a8 1 1 032 0 0
000a801 1 0dc 1 a8 0 1 0dd 1 0
31bffff 1 09c 1 c6 1 1 0a7 1 0
253ffff 1 0b6 1 94 1 1 0c1 1 0
000a5d0 0 0be 1 a5 1 1 0bf 0 0
243ffff 1 07f 1 90 1 1 08a 1 0
35c0000 1 0d9 1 d7 0 1 0e4 1 0
000d7a9 1 092 1 d7 1 1 093 1 0
0cfaa28 1 00d 0 cf 1 1 016 1 0
000898e 0 0c4 0 89 1 1 0c5 0 0
00055a9 1 06a 1 ab 0 1 06a 1 0
0007580 0 0f0 1 eb 0 1 0f0 0 0
0009840 1 0d1 1 98 0 1 0d2 1 0
357ffff 1 057 1 d5 1 1 062 1 0
000e77d 1 0ab 1 e7 0 1 0ac 1 0
29fffff 1 098 1 a7 1 1 0a3 1 0
32bffff 1 09c 1 ca 1 1 0a7 1 0
0007ac3 1 071 1 f5 1 1 071 1 0
2c7ffff 1 0e5 1 b1 1 1 0f0 1 0
0005e8e 1 088 1 bd 0 1 088 1 0
000c4a8 0 11e 1 c4 1 1 11f 0 0
00075e0 1 0c2 1 eb 1 1 0c2 1 0
000e1ef 1 0b5 1 e1 1 1 0b6 1 0
0005d3c 0 0ac 1 ba 0 1 0ac 0 0
2880000 1 0f1 1 a2 0 1 0fc 1 0
26c0000 0 0bd 1 9b 0 1 0c8 0 0
367ffff 1 03b 1 d9 1 1 046 1 0
3d00000 1 063 1 f4 0 1 06e 1 0
3d7ffff 0 0df 1 f5 1 1 0ea 0 0
2efffff 1 0c4 1 bb 1 1 0cf 1 0
0007fab 1 110 1 ff 0 1 110 1 0
000599c 1 0fd 1 b3 0 1 0fd 1 0
3040000 0 0e1 1 c1 0 1 0ec 0 0
000c5a7 0 0fe 1 c5 1 1 0ff 0 0
2f3ffff 1 06d 1 bc 1 1 078 1 0
000ad37 0 0ad 1 ad 0 1 0ae 0 0
0dac302 1 0db 0 da 1 1 0e4 1 0
0009de8 0 0b0 1 9d 1 1 0b1 0 0
3e00000 1 023 1 f8 0 1 02e 1 0
2c7ffff 1 0aa 1 b1 1 1 0b5 1 0
2dfffff 1 0e0 1 b7 1 1 0eb 1 0
000d59b 0 0d0 1 d5 1 1 0d1 0 0
2300000 0 0b9 1 8c 0 1 0c4 0 0
2940000 0 09d 1 a5 0 1 0a8 0 0
32c0000 0 0e5 1 cb 0 1 0f0 0 0
27bffff 1 0ef 1 9e 1 1 0fa 1 0
000d409 1 035 1 d4 0 1 036 1 0
30fffff 0 0b8 1 c3 1 1 0c3 0 0
2840000 0 0c9 1 a1 0 1 0d4 0 0
000b167 0 0a9 1 b1 0 1 0aa 0 0
00083ff 0 0ab 1 83 1 1 0ac 0 0
22bffff 1 0a4 1 8a 1 1 0af 1 0
2a7ffff 1 078 1 a9 1 1 083 1 0
000b908 0 0c5 1 b9 0 1 0c6 0 0
0009146 0 0b2 1 91 0 1 0b3 0 0
0007a5b 1 0d9 1 f4 1 1 0d9 1 0
000a8f7 1 078 1 a8 1 1 079 1 0
0004b96 1 13b 1 97 0 1 13b 1 0
00047b6 0 137 1 8f 0 1 137 0 0
23c0000 1 0e5 1 8f 0 1 0f0 1 0
0005002 0 120 1 a0 0 1 120 0 0
000878f 1 14b 1 87 1 1 14c 1 0
2ebffff 1 0da 1 ba 1 1 0e5 1 0
3abffff 0 03b 1 ea 1 1 046 0 0
000a068 0 0e0 1 a0 0 1 0e1 0 0
0137ca1 1 02e 0 9b 1 1 034 1 0
3400000 0 084 1 d0 0 1 08f 0 0
000b813 1 0ee 1 b8 0 1 0ef 1 0
000aca8 1 0b2 1 ac 1 1 0b3 1 0
3500000 0 07b 1 d4 0 1 086 0 0
00063e7 0 0ec 1 c7 1 1 0ec 0 0
3f3ffff 0 0e4 1 fc 1 1 0ef 0 0
000a5a6 1 147 1 a5 1 1 148 1 0
393ffff 1 0cf 1 e4 1 1 0da 1 0
0008c6f 1 111 1 8c 0 1 112 1 0
0007889 1 051 1 f1 0 1 051 1 0
31bffff 0 05f 1 c6 1 1 06a 0 0
0006b4e 0 05b 1 d6 1 1 05b 0 0
3b7ffff 1 03f 1 ed 1 1 04a 1 0
0007700 0 0a3 1 ee 0 1 0a3 0 0
2f00000 1 02d 1 bc 0 1 038 1 0
0008d17 0 113 1 8d 0 1 114 0 0
0007a19 0 07e 1 f4 0 1 07e 0 0
227ffff 1 0ab 1 89 1 1 0b6 1 0
387ffff 1 0db 1 e1 1 1 0e6 1 0
2e7ffff 0 090 1 b9 1 1 09b 0 0
00081fc 0 137 1 81 1 1 138 0 0
0009dde 0 0ed 1 9d 1 1 0ee 0 0
26fffff 1 0c6 1 9b 1 1 0d1 1 0
000df8c 0 140 1 df 1 1 141 0 0
0005580 1 0b9 1 ab 0 1 0b9 1 0
2c7ffff 0 070 1 b1 1 1 07b 0 0
000ca4c 1 0c4 1 ca 0 1 0c5 1 0
0009adc 0 131 1 9a 1 1 132 0 0
000626f 0 11b 1 c4 1 1 11b 0 0
0007b9c 1 0d1 0 f7 0 1 0d1 1 0
004de1c 0 02c 0 9b 1 1 030 0 0
2700000 0 014 1 9c 0 1 01f 0 0
000bc2e 0 0cc 1 bc 0 1 0cd 0 0
01764c0 0 03e 0 bb 0 1 044 0 0
21fffff 1 0bb 1 87 1 1 0c6 1 0
2500000 1 07c 1 94 0 1 087 1 0
0008d8f 0 0d7 1 8d 1 1 0d8 0 0
2e40000 0 0a0 1 b9 0 1 0ab 0 0
3300000 1 08b 1 cc 0 1 096 1 0
22bffff 0 045 1 8a 1 1 050 0 0
26c0000 1 007 1 9b 0 1 012 1 0
2e80000 1 0d3 1 ba 0 1 0de 1 0
34bffff 1 070 1 d2 1 1 07b 1 0
001549a 1 088 0 aa 0 1 08a 1 0
000aff5 0 0c0 1 af 1 1 0c1 0 0
35fffff 1 08e 1 d7 1 1 099 1 0
0008b69 1 144 1 8b 0 1 145 1 0
000a5ba 0 0dd 1 a5 1 1 0de 0 0
000ae1b 1 02f 0 ae 0 1 030 1 0
0001148 0 0f1 0 8a 0 1 0ef 0 0
00097f0 0 0b3 1 97 1 1 0b4 0 0
0009d43 1 134 1 9d 0 1 135 1 0
2800000 1 0b5 1 a0 0 1 0c0 1 0
0004a3f 1 139 1 94 0 1 139 1 0
000ca9d 0 0ef 1 ca 1 1 0f0 0 0
000c847 1 113 1 c8 0 1 114 1 0
373ffff 0 068 1 dc 1 1 073 0 0
000a7c2 1 126 1 a7 1 1 127 1 0
287ffff 1 014 1 a1 1 1 01f 1 0
000aca8 0 0a8 1 ac 1 1 0a9 0 0
267ffff 0 0c3 1 99 1 1 0ce 0 0
00089db 0 054 1 89 1 1 055 0 0
3b00000 1 043 1 ec 0 1 04e 1 0
0006b0c 0 13b 1 d6 0 1 13b 0 0
0007348 1 0b7 1 e6 1 1 0b7 1 0
000521c 1 043 1 a4 0 1 043 1 0
0007dc3 1 06d 1 fb 1 1 06d 1 0
0008afe 1 08a 0 8a 1 1 08b 1 0
2e80000 0 0c7 1 ba 0 1 0d2 0 0
3600000 1 02f 1 d8 0 1 03a 1 0
000dc2b 0 0b3 1 dc 0 1 0b4 0 0
3f40000 1 0e0 1 fd 0 1 0eb 1 0
00059b1 0 113 1 b3 0 1 113 0 0
000ac5f 1 036 1 ac 0 1 037 1 0
39b3a24 0 0b7 0 e6 1 1 0c2 0 0
3e80000 0 079 1 fa 0 1 084 0 0
0006723 0 0d9 1 ce 0 1 0d9 0 0
0008857 0 078 1 88 0 1 079 0 0
0006a7f 0 058 1 d4 1 1 058 0 0
2dbffff 0 0a7 1 b6 1 1 0b2 0 0
3280000 1 0ad 1 ca 0 1 0b8 1 0
00088db 0 157 1 88 1 1 158 0 0
000bc31 0 097 1 bc 0 1 098 0 0
0007df3 1 0a2 1 fb 1 1 0a2 1 0
383ffff 0 0d2 1 e0 1 1 0dd 0 0
000b17a 1 09b 1 b1 0 1 09c 1 0
3780000 1 0e5 1 de 0 1 0f0 1 0
38bffff 0 0b7 1 e2 1 1 0c2 0 0
31bffff 1 0b9 1 c6 1 1 0c4 1 0
00060f1 0 05d 1 c1 1 1 05d 0 0
0007357 1 011 0 e6 1 1 011 1 0
0089e1e 0 072 0 89 1 1 077 0 0
0037e43 0 096 0 df 1 1 099 0 0
000c6ea 0 0cd 1 c6 1 1 0ce 0 0
2b00000 0 0f3 1 ac 0 1 0fe 0 0
2540000 0 0ee 1 95 0 1 0f9 0 0
3c80000 0 03c 1 f2 0 1 047 0 0
0007d75 1 0ca 1 fa 1 1 0ca 1 0
000d98e 1 0db 1 d9 1 1 0dc 1 0
3040000 0 059 1 c1 0 1 064 0 0
000730c 0 0b7 1 e6 0 1 0b7 0 0
00776ea 1 00b 0 ee 1 1 00f 1 0
000adc5 1 089 1 ad 1 1 08a 1 0
35c0000 0 04b 1 d7 0 1 056 0 0
29c0000 0 0e6 1 a7 0 1 0f1 0 0
000a35a 0 0c5 1 a3 0 1 0c6 0 0
2cfffff 1 0a4 1 b3 1 1 0af 1 0
337ffff 1 09c 1 cd 1 1 0a7 1 0
22bffff 0 0bb 1 8a 1 1 0c6 0 0
3b3ffff 1 0e8 1 ec 1 1 0f3 1 0
24fffff 1 0a8 1 93 1 1 0b3 1 0
21c0000 1 091 1 87 0 1 09c 1 0
00098d2 1 13f 1 98 1 1 140 1 0
000b63f 1 0ca 1 b6 0 1 0cb 1 0
0005faa 0 0f7 1 bf 0 1 0f7 0 0
000b2cb 1 121 1 b2 1 1 122 1 0
383b380 0 0d4 0 e0 1 1 0df 0 0
24c0000 1 0c8 1 93 0 1 0d3 1 0
0009240 1 09d 1 92 0 1 09e 1 0
0009aa0 0 0bf 1 9a 1 1 0c0 0 0
3bfffff 1 0d4 1 ef 1 1 0df 1 0
2d40000 0 068 1 b5 0 1 073 0 0
2a3ffff 0 0a9 1 a8 1 1 0b4 0 0
2b00000 1 0b6 1 ac 0 1 0c1 1 0
37bffff 1 054 1 de 1 1 05f 1 0
237ffff 1 09a 1 8d 1 1 0a5 1 0
2a40000 0 060 1 a9 0 1 06b 0 0
0006715 1 132 1 ce 0 1 132 1 0
357ffff 0 054 1 d5 1 1 05f 0 0
0006b9e 1 114 1 d7 0 1 114 1 0
000e956 1 086 0 e9 0 1 087 1 0
3d7ffff 1 050 1 f5 1 1 05b 1 0
000d794 0 08f 1 d7 1 1 090 0 0
20c0000 0 041 1 83 0 1 04c 0 0
2240000 0 0d0 1 89 0 1 0db 0 0
35fffff 1 048 1 d7 1 1 053 1 0
0006013 0 05b 1 c0 0 1 05b 0 0
23c0000 0 038 1 8f 0 1 043 0 0
000f31d 1 0f8 1 f3 0 1 0f9 1 0
26c0000 0 0f1 1 9b 0 1 0fc 0 0
327ffff 0 0d7 1 c9 1 1 0e2 0 0
2bfffff 1 02a 1 af 1 1 035 1 0
00082d0 0 0b5 1 82 1 1 0b6 0 0
0004b48 1 0ba 1 96 1 1 0ba 1 0
2b40000 1 0d6 1 ad 0 1 0e1 1 0
37c0000 1 013 1 df 0 1 01e 1 0
3300000 1 085 1 cc 0 1 090 1 0
2cc0000 1 0af 1 b3 0 1 0ba 1 0
207ffff 1 0aa 1 81 1 1 0b5 1 0
313ffff 1 0d0 1 c4 1 1 0db 1 0
000982b 0 095 1 98 0 1 096 0 0
2d7ffff 0 0ca 1 b5 1 1 0d5 0 0
3f7ffff 1 0f2 1 fd 1 1 0fd 1 0
00098e4 1 047 1 98 1 1 048 1 0
3500000 1 036 1 d4 0 1 041 1 0
0007a4e 0 0e0 1 f4 1 1 0e0 0 0
0005866 1 0ff 1 b0 1 1 0ff 1 0
0e8aeca 0 0d9 0 e8 1 1 0e2 0 0
3c7ffff 1 086 1 f1 1 1 091 1 0
000972f 1 082 1 97 0 1 083 1 0
0006127 1 0e3 1 c2 0 1 0e3 1 0
2fbffff 1 068 1 be 1 1 073 1 0
0005811 0 138 1 b0 0 1 138 0 0
3180000 0 045 1 c6 0 1 050 0 0
39bffff 1 08e 1 e6 1 1 099 1 0
3e3ffff 1 047 1 f8 1 1 052 1 0
0006d80 1 098 1 db 0 1 098 1 0
2b80000 0 0db 1 ae 0 1 0e6 0 0
22bffff 1 04e 1 8a 1 1 059 1 0
0006cac 0 177 1 d9 0 1 177 0 0
3c7ffff 0 081 1 f1 1 1 08c 0 0
30bffff 0 0b6 1 c2 1 1 0c1 0 0
3a3ffff 0 059 1 e8 1 1 064 0 0
333ffff 1 04a 1 cc 1 1 055 1 0
3c7ffff 1 054 1 f1 1 1 05f 1 0
31c0000 0 0d2 1 c7 0 1 0dd 0 0
0006936 0 0ca 1 d2 0 1 0ca 0 0
2b00000 1 056 1 ac 0 1 061 1 0
3a80000 1 08a 1 ea 0 1 095 1 0
000da52 0 080 1 da 0 1 081 0 0
00083e8 1 097 1 83 1 1 098 1 0
000ae95 1 0eb 1 ae 1 1 0ec 1 0
3380000 1 06b 1 ce 0 1 076 1 0
0009afa 0 130 1 9a 1 1 131 0 0
2b7ffff 1 0ba 1 ad 1 1 0c5 1 0
000b5c2 0 092 1 b5 1 1 093 0 0
3afffff 1 07e 1 eb 1 1 089 1 0
3500000 1 08c 1 d4 0 1 097 1 0
383ffff 0 0de 1 e0 1 1 0e9 0 0
0005c8a 0 0af 1 b9 0 1 0af 0 0
2c80000 0 068 1 b2 0 1 073 0 0
36c0000 1 030 1 db 0 1 03b 1 0
0000fa4 0 0be 0 fa 0 1 0bb 0 0
31bffff 0 068 1 c6 1 1 073 0 0
31bffff 1 0d8 1 c6 1 1 0e3 1 0
0007a76 1 0e8 1 f4 1 1 0e8 1 0
000a987 1 0d2 1 a9 1 1 0d3 1 0
0009627 0 15f 1 96 0 1 160 0 0
0008e26 0 091 0 8e 0 1 092 0 0
00082f7 1 0cc 1 82 1 1 0cd 1 0
2400000 1 0b5 1 90 0 1 0c0 1 0
0008040 1 089 1 80 0 1 08a 1 0
0007527 1 16e 1 ea 0 1 16e 1 0
2e3ffff 1 04c 1 b8 1 1 057 1 0
3a7ffff 1 077 1 e9 1 1 082 1 0
3140000 0 0bf 1 c5 0 1 0ca 0 0
2f7ffff 0 0df 1 bd 1 1 0ea 0 0
000f20d 0 086 1 f2 0 1 087 0 0
0006904 1 0f9 1 d2 0 1 0f9 1 0
00062c1 0 065 1 c5 1 1 065 0 0
32fffff 0 0f3 1 cb 1 1 0fe 0 0
00091e7 0 119 1 91 1 1 11a 0 0
2cbffff 1 0e1 1 b2 1 1 0ec 1 0
28bffff 1 0df 1 a2 1 1 0ea 1 0
3fbffff 1 088 1 fe 1 1 093 1 0
347ffff 0 0ba 1 d1 1 1 0c5 0 0
2f80000 1 030 0 be 0 0 03b 1 0
3dfffff 0 0f1 1 f7 1 1 0fc 0 0
3ec0000 0 0d7 1 fb 0 1 0e2 0 0
000dc1d 0 0d7 1 dc 0 1 0d8 0 0
27fffff 0 052 1 9f 1 1 05d 0 0
0009449 0 164 1 94 0 1 165 0 0
00074e0 1 0f6 1 e9 1 1 0f6 1 0
0009b51 1 0f4 1 9b 0 1 0f5 1 0
2e40000 0 030 1 b9 0 1 03b 0 0
000a3b7 0 092 1 a3 1 1 093 0 0
2ebffff 1 0af 1 ba 1 1 0ba 1 0
000895e 1 112 1 89 0 1 113 1 0
00096b9 0 095 1 96 1 1 096 0 0
21c0000 1 0b5 1 87 0 1 0c0 1 0
000bbc3 0 02b 1 bb 1 1 02c 0 0
36bffff 1 0a1 1 da 1 1 0ac 1 0
3940000 0 01e 1 e5 0 1 029 0 0
0009ba6 0 017 1 9b 1 1 018 0 0
0007f98 0 0be 1 ff 0 1 0be 0 0
00070d8 0 117 1 e1 1 1 117 0 0
3dfffff 1 015 1 f7 1 1 020 1 0
32c0000 0 0bf 1 cb 0 1 0ca 0 0
3480000 0 05e 1 d2 0 1 069 0 0
353ffff 0 098 1 d4 1 1 0a3 0 0
3340000 1 0b6 1 cd 0 1 0c1 1 0
3440000 1 09e 1 d1 0 1 0a9 1 0
000438b 1 0d9 1 87 0 1 0d9 1 0
2d40000 1 028 1 b5 0 1 033 1 0
0006531 0 03f 1 ca 0 1 03f 0 0
0005334 0 099 1 a6 0 1 099 0 0
2c7ffff 0 082 1 b1 1 1 08d 0 0
0008b49 0 083 1 8b 0 1 084 0 0
27bffff 1 016 1 9e 1 1 021 1 0
28bffff 0 069 1 a2 1 1 074 0 0
0006ea0 1 137 1 dd 0 1 137 1 0
3300000 0 09f 1 cc 0 1 0aa 0 0
000a70f 0 12b 1 a7 0 1 12c 0 0
3640000 1 0ec 1 d9 0 1 0f7 1 0
0d88058 1 015 0 d8 1 1 01e 1 0
0009fd8 1 10b 1 9f 1 1 10c 1 0
000beef 0 0c7 1 be 1 1 0c8 0 0
2fbffff 1 096 1 be 1 1 0a1 1 0
0006918 0 0e5 1 d2 0 1 0e5 0 0
00081cf 1 098 1 81 1 1 099 1 0
2c40000 0 085 0 b1 0 0 090 0 0
00071f4 1 062 1 e3 1 1 062 1 0
0007168 0 087 1 e2 1 1 087 0 0
3a80000 1 083 1 ea 0 1 08e 1 0
000af5e 1 0c0 1 af 0 1 0c1 1 0
20c0000 0 0a1 1 83 0 1 0ac 0 0
00049f0 0 03e 0 93 1 1 03e 0 0
000824a 1 0ac 1 82 0 1 0ad 1 0
0007c99 0 050 1 f9 0 1 050 0 0
000b440 0 03c 1 b4 0 1 03d 0 0
000e434 0 0bd 1 e4 0 1 0be 0 0
26c0000 0 021 1 9b 0 1 02c 0 0
0009794 0 076 1 97 1 1 077 0 0
29c0000 0 02c 0 a7 0 0 037 0 0
000776f 1 14d 1 ee 1 1 14d 1 0
0006f88 1 0b1 1 df 0 1 0b1 1 0
2100000 0 034 1 84 0 1 03f 0 0
000a3b0 0 05f 1 a3 1 1 060 0 0
0008e62 1 07f 1 8e 0 1 080 1 0
000d81f 1 08c 1 d8 0 1 08d 1 0
3fc0000 0 007 0 ff 0 0 012 0 0
21fffff 0 0b0 1 87 1 1 0bb 0 0
00077ed 0 0ce 1 ef 1 1 0ce 0 0
2cfffff 1 0c0 1 b3 1 1 0cb 1 0
00551c8 1 03b 0 aa 0 1 03f 1 0
0008969 0 086 1 89 0 1 087 0 0
207ffff 1 01b 1 81 1 1 026 1 0
000b98a 1 0b1 1 b9 1 1 0b2 1 0
3280000 0 0a5 1 ca 0 1 0b0 0 0
000c9fa 0 11a 1 c9 1 1 11b 0 0
2ec0000 1 07d 1 bb 0 1 088 1 0
2e80000 0 062 1 ba 0 1 06d 0 0
0007812 1 065 1 f0 0 1 065 1 0
0006a58 1 0e0 1 d4 1 1 0e0 1 0
2480000 1 0c0 1 92 0 1 0cb 1 0
000cb9a 1 07c 1 cb 1 1 07d 1 0
343ffff 1 0c0 1 d0 1 1 0cb 1 0
00090c8 0 0ac 0 90 1 1 0ad 0 0
3940000 1 0ef 1 e5 0 1 0fa 1 0
3740000 1 08b 1 dd 0 1 096 1 0
00087a0 1 0aa 1 87 1 1 0ab 1 0
297ffff 1 095 1 a5 1 1 0a0 1 0
0006812 1 0af 1 d0 0 1 0af 1 0
0009e89 1 04b 1 9e 1 1 04c 1 0
01740cc 0 062 0 ba 0 1 068 0 0
3b40000 0 0e1 1 ed 0 1 0ec 0 0
207ffff 0 063 1 81 1 1 06e 0 0
0006fcc 1 03b 1 df 1 1 03b 1 0
3440000 1 0f2 1 d1 0 1 0fd 1 0
0009882 0 15b 1 98 1 1 15c 0 0
317ffff 0 0ee 1 c5 1 1 0f9 0 0
3340000 1 0da 1 cd 0 1 0e5 1 0
2dbffff 0 0a9 1 b6 1 1 0b4 0 0
00062cd 0 0c0 1 c5 1 1 0c0 0 0
000b2de 0 0de 1 b2 1 1 0df 0 0
3e7ffff 1 0d5 1 f9 1 1 0e0 1 0
0008070 0 059 1 80 0 1 05a 0 0
000736a 0 098 1 e6 1 1 098 0 0
3bfffff 1 023 1 ef 1 1 02e 1 0
0004c5e 0 0df 1 98 1 1 0df 0 0
0008b3a 0 041 1 8b 0 1 042 0 0
00070ec 0 0e8 1 e1 1 1 0e8 0 0
0007211 0 0bb 1 e4 0 1 0bb 0 0
000875f 0 06e 1 87 0 1 06f 0 0
2540000 0 0ed 1 95 0 1 0f8 0 0
000d226 1 128 1 d2 0 1 129 1 0
2940000 1 013 1 a5 0 1 01e 1 0
0008d53 0 075 1 8d 0 1 076 0 0
2240000 1 0a6 1 89 0 1 0b1 1 0
3140000 0 0ac 1 c5 0 1 0b7 0 0
000c836 1 0be 1 c8 0 1 0bf 1 0
0031cf7 1 05d 0 c7 0 1 060 1 0
0005b6c 0 122 1 b6 1 1 122 0 0
0053af0 0 051 0 a7 0 1 055 0 0
393ffff 0 0eb 1 e4 1 1 0f6 0 0
000a9c0 0 064 1 a9 1 1 065 0 0
00061f8 0 117 1 c3 1 1 117 0 0
000a155 0 0a8 1 a1 0 1 0a9 0 0
000a1c3 1 0a4 1 a1 1 1 0a5 1 0
0007dc0 0 142 1 fb 1 1 142 0 0
39bffff 0 0cc 1 e6 1 1 0d7 0 0
000bb35 1 0c0 1 bb 0 1 0c1 1 0
2a40000 1 0a9 1 a9 0 1 0b4 1 0
0006ed4 0 0f9 1 dd 1 1 0f9 0 0
00079a3 0 0cf 1 f3 0 1 0cf 0 0
3080000 0 08e 1 c2 0 1 099 0 0
373ffff 1 0a9 1 dc 1 1 0b4 1 0
00069b3 1 114 1 d3 0 1 114 1 0
0035818 0 08f 0 d6 0 1 092 0 0
3900000 1 0be 1 e4 0 1 0c9 1 0
0009e60 1 0dd 1 9e 0 1 0de 1 0
0008af0 0 074 1 8a 1 1 075 0 0
3f00000 0 0ba 1 fc 0 1 0c5 0 0
0008dad 1 0ed 1 8d 1 1 0ee 1 0
2000000 0 097 1 80 0 1 0a2 0 0
0006904 1 101 1 d2 0 1 101 1 0
24c0000 1 0e5 1 93 0 1 0f0 1 0
317ffff 1 0e2 1 c5 1 1 0ed 1 0
000521f 1 108 1 a4 0 1 108 1 0
00055b8 0 0e3 1 ab 0 1 0e3 0 0
2940000 0 083 1 a5 0 1 08e 0 0
0590758 0 041 0 b2 0 1 049 0 0
0009797 0 07f 1 97 1 1 080 0 0
0004f68 0 07d 1 9e 1 1 07d 0 0
2bc0000 1 0f0 1 af 0 1 0fb 1 0
3afffff 1 0ed 1 eb 1 1 0f8 1 0
000aeb1 0 0a4 0 ae 1 1 0a5 0 0
000c00a 0 0c7 1 c0 0 1 0c8 0 0
000d327 0 0c1 1 d3 0 1 0c2 0 0
0009f80 1 15f 1 9f 1 1 160 1 0
00c8c1e 0 022 0 c8 1 1 027 0 0
36c0000 0 0d2 1 db 0 1 0dd 0 0
2b80000 1 09a 1 ae 0 1 0a5 1 0
0008e26 1 0db 1 8e 0 1 0dc 1 0
0006574 1 017 0 ca 1 1 017 1 0
000f423 0 08e 1 f4 0 1 08f 0 0
21bffff 1 0e8 1 86 1 1 0f3 1 0
20c0000 0 0ea 1 83 0 1 0f5 0 0
0009fb4 0 0d6 1 9f 1 1 0d7 0 0
0006527 1 09a 1 ca 0 1 09a 1 0
0009b46 1 024 0 9b 0 1 025 1 0
0007a2e 0 04d 1 f4 0 1 04d 0 0
00095ec 0 07b 1 95 1 1 07c 0 0
00055ec 1 0bc 1 ab 1 1 0bc 1 0
2f80000 1 07b 1 be 0 1 086 1 0
3d3ffff 1 084 1 f4 1 1 08f 1 0
0005901 1 049 1 b2 0 1 049 1 0
3300000 0 086 1 cc 0 1 091 0 0
3a7ffff 0 0bf 1 e9 1 1 0ca 0 0
3780000 1 0f0 1 de 0 1 0fb 1 0
00088e5 1 0c2 1 88 1 1 0c3 1 0
000c2c6 0 0e3 1 c2 1 1 0e4 0 0
3efffff 0 037 1 fb 1 1 042 0 0
2b40000 0 0df 1 ad 0 1 0ea 0 0
23c0000 1 0ac 1 8f 0 1 0b7 1 0
3c7ffff 0 017 1 f1 1 1 022 0 0
000d578 0 040 1 d5 0 1 041 0 0
000b8b6 1 06f 1 b8 1 1 070 1 0
3940000 1 0a8 1 e5 0 1 0b3 1 0
0008525 0 068 1 85 0 1 069 0 0
20bffff 0 0d5 1 82 1 1 0e0 0 0
33c0000 1 024 1 cf 0 1 02f 1 0
0006c59 1 0fa 1 d8 1 1 0fa 1 0
000cb06 0 06d 1 cb 0 1 06e 0 0
0009507 0 0b8 1 95 0 1 0b9 0 0
3a3ffff 1 05b 1 e8 1 1 066 1 0
00072de 1 090 1 e5 1 1 090 1 0
3dc0000 1 0a7 1 f7 0 1 0b2 1 0
0005b53 1 091 1 b6 1 1 091 1 0
3380000 1 0b8 1 ce 0 1 0c3 1 0
000b638 1 104 1 b6 0 1 105 1 0
0009d06 1 0d2 1 9d 0 1 0d3 1 0
00099ff 0 0dc 1 99 1 1 0dd 0 0
38bffff 1 071 1 e2 1 1 07c 1 0
000d411 1 044 1 d4 0 1 045 1 0
33c0000 0 0c3 1 cf 0 1 0ce 0 0
0009d91 1 05c 1 9d 1 1 05d 1 0
000a250 0 0af 1 a2 0 1 0b0 0 0
000c45b 0 04c 1 c4 0 1 04d 0 0
257ffff 0 0e3 1 95 1 1 0ee 0 0
0009d45 0 064 1 9d 0 1 065 0 0
2280000 1 080 1 8a 0 1 08b 1 0
3340000 0 054 1 cd 0 1 05f 0 0
000b814 0 064 1 b8 0 1 065 0 0
2cc0000 1 05e 1 b3 0 1 069 1 0
2800000 1 089 1 a0 0 1 094 1 0
3c40000 0 0a4 1 f1 0 1 0af 0 0
27bffff 1 0bf 1 9e 1 1 0ca 1 0
0009fe6 1 111 1 9f 1 1 112 1 0
2a00000 0 0db 1 a8 0 1 0e6 0 0
000d9c6 0 053 1 d9 1 1 054 0 0
0006d7a 1 0af 1 da 1 1 0af 1 0
2b00000 0 047 1 ac 0 1 052 0 0
25c0000 1 037 1 97 0 1 042 1 0
2a00000 0 0ca 1 a8 0 1 0d5 0 0
0009fbd 0 04d 1 9f 1 1 04e 0 0
0004b7f 0 084 1 96 1 1 084 0 0
000d157 1 0ed 1 d1 0 1 0ee 1 0
0007713 1 02e 1 ee 0 1 02e 1 0
34bffff 0 0d7 1 d2 1 1 0e2 0 0
000c940 1 0b4 1 c9 0 1 0b5 1 0
000c11a 1 0d3 1 c1 0 1 0d4 1 0
2180000 0 0e3 1 86 0 1 0ee 0 0
000f03c 0 10a 1 f0 0 1 10b 0 0
000b7ef 0 124 1 b7 1 1 125 0 0
0005d3e 0 0be 1 ba 0 1 0be 0 0
2dc0000 1 0d9 1 b7 0 1 0e4 1 0
0005878 0 103 1 b0 1 1 103 0 0
2c80000 1 094 1 b2 0 1 09f 1 0
30c0000 1 0df 1 c3 0 1 0ea 1 0
04b5c80 0 032 0 96 1 1 03a 0 0
00077b7 0 06a 0 ef 0 1 06a 0 0
2e40000 0 085 1 b9 0 1 090 0 0
26fffff 1 091 1 9b 1 1 09c 1 0
3bc0000 1 0e6 1 ef 0 1 0f1 1 0
28bffff 0 0d0 1 a2 1 1 0db 0 0
3fc0000 1 091 1 ff 0 1 09c 1 0
0007500 1 042 1 ea 0 1 042 1 0
0006e38 1 104 1 dc 0 1 104 1 0
000e0af 1 07b 1 e0 1 1 07c 1 0
00085ed 0 10d 1 85 1 1 10e 0 0
0009c40 0 094 1 9c 0 1 095 0 0
00054fc 1 03d 1 a9 1 1 03d 1 0
2dfffff 1 0c0 1 b7 1 1 0cb 1 0
000e434 0 0be 1 e4 0 1 0bf 0 0
2d3ffff 1 0a6 1 b4 1 1 0b1 1 0
2680000 1 013 1 9a 0 1 01e 1 0
0008064 0 10f 1 80 0 1 110 0 0
0008b73 0 0cf 1 8b 0 1 0d0 0 0
377ffff 1 057 1 dd 1 1 062 1 0
3a40000 0 0ba 1 e9 0 1 0c5 0 0
00074c3 0 085 1 e9 1 1 085 0 0
277ffff 0 088 1 9d 1 1 093 0 0
2b7ffff 1 0bb 1 ad 1 1 0c6 1 0
2dc0000 1 0a3 1 b7 0 1 0ae 1 0
00076f1 0 102 1 ed 1 1 102 0 0
2140000 0 08e 1 85 0 1 099 0 0
25bffff 1 080 1 96 1 1 08b 1 0
00a4214 1 03e 0 a4 0 1 043 1 0
36fffff 0 0cc 1 db 1 1 0d7 0 0
3180000 1 0e6 1 c6 0 1 0f1 1 0
2a80000 0 0e7 1 aa 0 1 0f2 0 0
000a8c0 1 0db 1 a8 1 1 0dc 1 0
253ffff 1 086 1 94 1 1 091 1 0
397ffff 1 083 1 e5 1 1 08e 1 0
000beaf 0 0bb 0 be 1 1 0bc 0 0
023f9fd 0 040 0 8f 1 1 047 0 0
000ae1e 1 0e4 0 ae 0 1 0e5 1 0
37bffff 1 0a8 1 de 1 1 0b3 1 0
0008061 0 07c 0 80 0 1 07d 0 0
3980000 0 0f0 1 e6 0 1 0fb 0 0
393ffff 0 0a1 1 e4 1 1 0ac 0 0
0007ab8 0 081 1 f5 0 1 081 0 0
3a40000 0 05a 1 e9 0 1 065 0 0
000b329 1 018 1 b3 0 1 019 1 0
000af9e 0 10c 1 af 1 1 10d 0 0
000ed57 1 0f2 1 ed 0 1 0f3 1 0
0007e3f 1 065 1 fc 0 1 065 1 0
3bc0000 1 0e2 1 ef 0 1 0ed 1 0
2ec0000 1 052 1 bb 0 1 05d 1 0
2c00000 0 076 1 b0 0 1 081 0 0
2bc0000 0 09c 1 af 0 1 0a7 0 0
00096ba 1 0f3 1 96 1 1 0f4 1 0
0008678 1 078 1 86 0 1 079 1 0
2d3ffff 0 033 1 b4 1 1 03e 0 0
000750b 1 06d 1 ea 0 1 06d 1 0
0008533 1 06a 1 85 0 1 06b 1 0
0007528 1 134 1 ea 0 1 134 1 0
000648c 0 0a4 1 c9 0 1 0a4 0 0
257ffff 0 0c0 1 95 1 1 0cb 0 0
26c0000 1 01e 1 9b 0 1 029 1 0
0006689 1 082 1 cd 0 1 082 1 0
23bffff 1 08c 1 8e 1 1 097 1 0
2540000 0 05f 1 95 0 1 06a 0 0
2540000 1 0db 1 95 0 1 0e6 1 0
3940000 0 07b 1 e5 0 1 086 0 0
317ffff 0 098 1 c5 1 1 0a3 0 0
22c0000 1 070 1 8b 0 1 07b 1 0
0008b0f 0 0b6 1 8b 0 1 0b7 0 0
000b704 0 119 1 b7 0 1 11a 0 0
2cfffff 0 08d 1 b3 1 1 098 0 0
27c0000 1 091 1 9f 0 1 09c 1 0
34bffff 0 0c9 1 d2 1 1 0d4 0 0
0006b9a 1 0de 1 d7 0 1 0de 1 0
0009178 1 0d3 1 91 0 1 0d4 1 0
3840000 1 050 1 e1 0 1 05b 1 0
2ac0000 0 0d0 1 ab 0 1 0db 0 0
000becb 0 0c6 1 be 1 1 0c7 0 0
3600000 0 04a 1 d8 0 1 055 0 0
23bffff 1 0eb 1 8e 1 1 0f6 1 0
223ffff 0 089 1 88 1 1 094 0 0
2f00000 0 092 1 bc 0 1 09d 0 0
000a2e4 0 0f0 1 a2 1 1 0f1 0 0
0007c28 0 0e4 1 f8 0 1 0e4 0 0
0008de4 1 00b 0 8d 1 1 00c 1 0
3f80000 1 05e 1 fe 0 1 069 1 0
22c0000 0 085 1 8b 0 1 090 0 0
00071f8 0 0aa 1 e3 1 1 0aa 0 0
2a40000 1 0ca 1 a9 0 1 0d5 1 0
00052ab 0 0e1 1 a5 0 1 0e1 0 0
283ffff 0 05b 1 a0 1 1 066 0 0
000bb48 1 106 1 bb 0 1 107 1 0
38fffff 0 0c6 1 e3 1 1 0d1 0 0
00057a8 1 0a1 1 af 0 1 0a1 1 0
32bffff 0 0dd 1 ca 1 1 0e8 0 0
20c0000 1 0da 1 83 0 1 0e5 1 0
0a248c6 1 075 0 a2 0 1 07e 1 0
243ffff 0 04b 1 90 1 1 056 0 0
0007488 1 069 1 e9 0 1 069 1 0
2dbffff 0 0ca 1 b6 1 1 0d5 0 0
323ffff 1 0e0 1 c8 1 1 0eb 1 0
000df10 0 11c 1 df 0 1 11d 0 0
0009fd7 1 0ef 1 9f 1 1 0f0 1 0
000b787 1 084 0 b7 1 1 085 1 0
387ffff 0 0a8 1 e1 1 1 0b3 0 0
0009506 0 0c5 1 95 0 1 0c6 0 0
39bffff 0 024 1 e6 1 1 02f 0 0
0005dd8 1 089 1 bb 1 1 089 1 0
0006636 1 162 1 cc 0 1 162 1 0
0008a33 0 0e7 1 8a 0 1 0e8 0 0
0008af3 1 11b 1 8a 1 1 11c 1 0
22fffff 1 0a7 1 8b 1 1 0b2 1 0
0007248 1 12c 1 e4 1 1 12c 1 0
0008b49 1 100 1 8b 0 1 101 1 0
2ec0000 0 0b5 1 bb 0 1 0c0 0 0
383ffff 0 01f 1 e0 1 1 02a 0 0
00054a7 0 092 1 a9 0 1 092 0 0
000553f 0 074 1 aa 0 1 074 0 0
0008f86 0 135 1 8f 1 1 136 0 0
20bffff 0 049 1 82 1 1 054 0 0
2240000 1 3ff 1 89 0 1 00a 1 0
3c00000 0 0a7 1 f0 0 1 0b2 0 0
3cfffff 1 06e 1 f3 1 1 079 1 0
000a287 1 105 1 a2 1 1 106 1 0
0007c4f 0 072 1 f8 1 1 072 0 0
0008759 0 100 1 87 0 1 101 0 0
277ffff 1 063 1 9d 1 1 06e 1 0
00078f0 1 08d 1 f1 1 1 08d 1 0
000a96b 1 0ec 1 a9 0 1 0ed 1 0
2740000 0 06d 1 9d 0 1 078 0 0
000973d 1 0e6 1 97 0 1 0e7 1 0
0006209 1 104 1 c4 0 1 104 1 0
000cb82 1 095 1 cb 1 1 096 1 0
0007351 0 04a 1 e6 1 1 04a 0 0
0007b1d 1 0a6 1 f6 0 1 0a6 1 0
2b00000 0 095 1 ac 0 1 0a0 0 0
2640000 0 07d 0 99 0 0 088 0 0
2240000 0 0c6 1 89 0 1 0d1 0 0
0009dc6 1 0c4 1 9d 1 1 0c5 1 0
323ffff 0 092 1 c8 1 1 09d 0 0
0006f84 0 06c 1 df 0 1 06c 0 0
000d15e 0 176 1 d1 0 1 177 0 0
000c31e 1 0b0 1 c3 0 1 0b1 1 0
0008b19 0 0d4 1 8b 0 1 0d5 0 0
0009f06 1 144 1 9f 0 1 145 1 0
000c5c0 0 164 1 c5 1 1 165 0 0
2100000 0 0c1 1 84 0 1 0cc 0 0
0006a78 1 050 0 d4 1 1 050 1 0
0009ae9 1 119 1 9a 1 1 11a 1 0
00090b6 0 0f0 1 90 1 1 0f1 0 0
000950f 0 096 1 95 0 1 097 0 0
0007f77 0 0d3 1 fe 1 1 0d3 0 0
2b7ffff 1 0e4 1 ad 1 1 0ef 1 0
2240000 1 0b8 1 89 0 1 0c3 1 0
000c07c 1 069 1 c0 0 1 06a 1 0
2f00000 0 0d0 1 bc 0 1 0db 0 0
000b227 0 007 0 b2 0 1 008 0 0
2a00000 1 09d 1 a8 0 1 0a8 1 0
22bffff 0 01b 1 8a 1 1 026 0 0
0005723 0 0b1 1 ae 0 1 0b1 0 0
223ffff 0 084 1 88 1 1 08f 0 0
0129dc3 1 071 0 94 1 1 077 1 0
293ffff 1 088 1 a4 1 1 093 1 0
22bffff 0 03d 1 8a 1 1 048 0 0
287ffff 1 0a4 1 a1 1 1 0af 1 0
3d34414 1 03d 0 f4 1 1 048 1 0
26c0000 1 0da 1 9b 0 1 0e5 1 0
0006c1f 0 078 1 d8 0 1 078 0 0
35c0000 0 08b 1 d7 0 1 096 0 0
00074bd 1 0db 1 e9 0 1 0db 1 0
3680000 1 019 1 da 0 1 024 1 0
3f80000 1 0d0 1 fe 0 1 0db 1 0
0007aff 0 01f 1 f5 1 1 01f 0 0
00075e1 1 0d9 1 eb 1 1 0d9 1 0
36c0000 0 0db 1 db 0 1 0e6 0 0
3cc0000 1 0bd 1 f3 0 1 0c8 1 0
2804db2 0 0c8 0 a0 0 1 0d3 0 0
3200000 1 03f 1 c8 0 1 04a 1 0
257ffff 0 0a4 1 95 1 1 0af 0 0
000ac02 1 09e 1 ac 0 1 09f 1 0
233ffff 0 0e7 1 8c 1 1 0f2 0 0
0008f4e 0 043 1 8f 0 1 044 0 0
057a4a0 1 053 0 af 0 1 05b 1 0
000797f 0 0dc 1 f2 1 1 0dc 0 0
000e0af 0 143 1 e0 1 1 144 0 0
000aa8a 0 090 1 aa 1 1 091 0 0
00124b5 1 051 0 92 0 1 053 1 0
24c0000 1 0bc 1 93 0 1 0c7 1 0
24bffff 0 0c5 1 92 1 1 0d0 0 0
21bffff 0 0ea 1 86 1 1 0f5 0 0
0008f40 0 069 1 8f 0 1 06a 0 0
0008f33 1 0af 1 8f 0 1 0b0 1 0
3380000 1 08c 1 ce 0 1 097 1 0
0005fb0 0 170 1 bf 0 1 170 0 0
000d849 0 07a 1 d8 0 1 07b 0 0
00089bb 0 0a5 1 89 1 1 0a6 0 0
000872c 0 0da 1 87 0 1 0db 0 0
2d40000 0 0a5 1 b5 0 1 0b0 0 0
3ac0000 1 0b9 1 eb 0 1 0c4 1 0
32c0000 0 0ca 1 cb 0 1 0d5 0 0
0008950 1 160 1 89 0 1 161 1 0
0005769 0 07f 1 ae 1 1 07f 0 0
000825b 0 146 1 82 0 1 147 0 0
000c8af 1 0b4 1 c8 1 1 0b5 1 0
0007981 0 12e 1 f3 0 1 12e 0 0
2300000 1 056 1 8c 0 1 061 1 0
3040000 1 0f2 1 c1 0 1 0fd 1 0
2cbffff 1 0cc 1 b2 1 1 0d7 1 0
000e685 0 03f 1 e6 1 1 040 0 0
00079b8 0 0de 1 f3 0 1 0de 0 0
2040000 0 085 1 81 0 1 090 0 0
000989f 0 090 1 98 1 1 091 0 0
2c3ffff 1 0c2 1 b0 1 1 0cd 1 0
2e00000 1 0d5 0 b8 0 0 0e0 1 0
2880000 1 0c6 1 a2 0 1 0d1 1 0
0005dd7 1 053 1 bb 1 1 053 1 0
000841c 1 135 1 84 0 1 136 1 0
2080000 0 05c 1 82 0 1 067 0 0
0008996 0 06d 1 89 1 1 06e 0 0
0005e1d 1 0d6 1 bc 0 1 0d6 1 0
000c917 0 0c5 1 c9 0 1 0c6 0 0
000851b 0 135 1 85 0 1 136 0 0
37c0000 1 04c 1 df 0 1 057 1 0
353ffff 1 063 1 d4 1 1 06e 1 0
0084870 0 07e 0 84 1 1 083 0 0
00090d7 0 0fd 1 90 1 1 0fe 0 0
000db59 0 051 1 db 0 1 052 0 0
0009708 0 12d 1 97 0 1 12e 0 0
000a9a0 0 138 1 a9 1 1 139 0 0
0009ac7 1 069 1 9a 1 1 06a 1 0
00093a8 1 0fc 1 93 1 1 0fd 1 0
3440000 1 0e9 1 d1 0 1 0f4 1 0
0007ec3 1 0e1 1 fd 1 1 0e1 1 0
0006683 1 174 1 cd 0 1 174 1 0
37bffff 0 0db 1 de 1 1 0e6 0 0
2840000 0 091 1 a1 0 1 09c 0 0
3ec0000 0 03f 1 fb 0 1 04a 0 0
00070bc 1 123 1 e1 0 1 123 1 0
00084b3 1 141 1 84 1 1 142 1 0
00093d8 1 102 1 93 1 1 103 1 0
393ffff 1 099 1 e4 1 1 0a4 1 0
3d7ffff 0 0b1 1 f5 1 1 0bc 0 0
000a459 1 0ee 1 a4 0 1 0ef 1 0
0008e4f 0 12d 1 8e 0 1 12e 0 0
3400000 1 085 1 d0 0 1 090 1 0
000903d 1 0ee 1 90 0 1 0ef 1 0
0008a93 0 087 1 8a 1 1 088 0 0
3240000 1 0af 1 c9 0 1 0ba 1 0
22c0000 1 0ca 1 8b 0 1 0d5 1 0
00054f9 1 06c 1 a9 1 1 06c 1 0
0006f08 1 0b0 1 de 0 1 0b0 1 0
0000000 0 3f5 1 00 0 1 3e7 0 1
3efffff 1 049 1 fb 1 1 054 1 0
33c0000 1 0dc 1 cf 0 1 0e7 1 0
2140000 0 09f 1 85 0 1 0aa 0 0
283ffff 0 05d 1 a0 1 1 068 0 0
267ffff 1 0ae 1 99 1 1 0b9 1 0
203ffff 1 0bf 1 80 1 1 0ca 1 0
000dc9b 0 081 1 dc 1 1 082 0 0
24bffff 0 0c7 1 92 1 1 0d2 0 0
00077e1 0 0f2 1 ef 1 1 0f2 0 0
32bffff 0 077 1 ca 1 1 082 0 0
0007920 1 07e 1 f2 0 1 07e 1 0
38c0000 1 0c0 1 e3 0 1 0cb 1 0
00074d9 0 141 1 e9 1 1 141 0 0
0005db9 0 14d 1 bb 0 1 14d 0 0
3440000 1 0c0 1 d1 0 1 0cb 1 0
3e80000 1 0d7 1 fa 0 1 0e2 1 0
2fc0000 1 0f2 1 bf 0 1 0fd 1 0
0009ee0 1 0bb 1 9e 1 1 0bc 1 0
000aa57 0 0fe 1 aa 0 1 0ff 0 0
353ffff 1 05f 1 d4 1 1 06a 1 0
3b7ffff 0 05b 1 ed 1 1 066 0 0
0005016 1 107 1 a0 0 1 107 1 0
0005667 0 15a 1 ac 1 1 15a 0 0
0008987 0 0c1 1 89 1 1 0c2 0 0
000b703 0 081 1 b7 0 1 082 0 0
0008ae1 0 06d 1 8a 1 1 06e 0 0
000aa3f 1 0d2 1 aa 0 1 0d3 1 0
0009ff5 0 103 1 9f 1 1 104 0 0
2000000 1 0c4 1 80 0 1 0cf 1 0
22c0000 1 04f 1 8b 0 1 05a 1 0
2c7ffff 0 001 1 b1 1 1 00c 0 0
2a7ffff 1 0c5 1 a9 1 1 0d0 1 0
353ffff 0 0cd 1 d4 1 1 0d8 0 0
2d7ffff 1 0aa 1 b5 1 1 0b5 1 0
20c0000 1 0e4 1 83 0 1 0ef 1 0
0006018 1 079 1 c0 0 1 079 1 0
3c7ffff 0 099 1 f1 1 1 0a4 0 0
00077fe 0 082 1 ef 1 1 082 0 0
1629376 1 031 0 b1 0 1 03b 1 0
000f90c 1 114 1 f9 0 1 115 1 0
267ffff 1 0d0 1 99 1 1 0db 1 0
3afffff 1 0ab 1 eb 1 1 0b6 1 0
000638a 1 11d 1 c7 0 1 11d 1 0
000741d 1 055 1 e8 0 1 055 1 0
217ffff 0 0ae 1 85 1 1 0b9 0 0
3d00000 0 09f 0 f4 0 0 0aa 0 0
223ffff 1 0c5 1 88 1 1 0d0 1 0
333ffff 0 077 1 cc 1 1 082 0 0
00096de 0 0cb 1 96 1 1 0cc 0 0
0007a61 1 132 1 f4 1 1 132 1 0
36fffff 0 0cf 1 db 1 1 0da 0 0
00077de 1 048 1 ef 1 1 048 1 0
0005900 1 07d 1 b2 0 1 07d 1 0
0006a17 0 066 1 d4 0 1 066 0 0
0005a27 1 145 1 b4 0 1 145 1 0
2c7ffff 0 080 1 b1 1 1 08b 0 0
0006eff 0 104 1 dd 1 1 104 0 0
3540000 0 086 1 d5 0 1 091 0 0
0007e4c 1 116 1 fc 1 1 116 1 0
3640000 1 064 1 d9 0 1 06f 1 0
000991f 0 0f5 1 99 0 1 0f6 0 0
000b11f 0 118 1 b1 0 1 119 0 0
22bffff 1 035 1 8a 1 1 040 1 0
000a97f 0 026 1 a9 0 1 027 0 0
0007241 1 10f 1 e4 1 1 10f 1 0
27bffff 0 0e8 1 9e 1 1 0f3 0 0
3900000 1 0b9 1 e4 0 1 0c4 1 0
0006798 1 0ea 1 cf 0 1 0ea 1 0
00084bf 0 08d 1 84 1 1 08e 0 0
0007de7 1 0ef 1 fb 1 1 0ef 1 0
3540000 1 0bb 1 d5 0 1 0c6 1 0
3e00000 1 084 1 f8 0 1 08f 1 0
00072d7 0 115 1 e5 1 1 115 0 0
20b568c 1 0e3 0 82 1 1 0ee 1 0
22fffff 1 0dd 1 8b 1 1 0e8 1 0
0009d7f 0 07d 1 9d 0 1 07e 0 0
000817e 0 0e3 1 81 0 1 0e4 0 0
32fffff 0 02d 1 cb 1 1 038 0 0
3280000 0 07e 1 ca 0 1 089 0 0
000db46 1 12c 1 db 0 1 12d 1 0
04ea1e6 1 0dc 0 9d 0 1 0e4 1 0
000582f 0 07f 1 b0 0 1 07f 0 0
000a7c2 1 0f0 1 a7 1 1 0f1 1 0
37fffff 0 0c6 1 df 1 1 0d1 0 0
30fffff 0 05f 1 c3 1 1 06a 0 0
01b15fa 0 08c 0 d8 1 1 092 0 0
000af8b 0 0e5 1 af 1 1 0e6 0 0
2240000 1 05e 1 89 0 1 069 1 0
3680000 1 098 1 da 0 1 0a3 1 0
273ffff 0 099 1 9c 1 1 0a4 0 0
3680000 1 09e 1 da 0 1 0a9 1 0
2fbffff 0 099 1 be 1 1 0a4 0 0
000ca50 1 155 1 ca 0 1 156 1 0
0005c2a 0 0f9 1 b8 0 1 0f9 0 0
247ffff 1 0e4 1 91 1 1 0ef 1 0
2200000 1 0ef 1 88 0 1 0fa 1 0
0008362 0 057 1 83 0 1 058 0 0
000820c 1 105 1 82 0 1 106 1 0
213ffff 1 0c9 1 84 1 1 0d4 1 0
2f00000 1 0c5 1 bc 0 1 0d0 1 0
0009d44 1 06f 1 9d 0 1 070 1 0
2abffff 1 0ea 1 aa 1 1 0f5 1 0
000bd0f 0 15f 1 bd 0 1 160 0 0
3580000 0 0a1 1 d6 0 1 0ac 0 0
000a343 1 0c8 1 a3 0 1 0c9 1 0
000f32a 0 08e 1 f3 0 1 08f 0 0
3380000 0 0e2 1 ce 0 1 0ed 0 0
0005b9e 0 08e 0 b7 0 1 08e 0 0
0008308 0 0db 0 83 0 1 0dc 0 0
000874d 0 110 1 87 0 1 111 0 0
0009fd7 1 030 1 9f 1 1 031 1 0
000a938 1 0f9 1 a9 0 1 0fa 1 0
000a4fc 1 0a0 1 a4 1 1 0a1 1 0
000aad9 1 07c 1 aa 1 1 07d 1 0
000b3ff 1 07e 1 b3 1 1 07f 1 0
21fffff 0 0a7 1 87 1 1 0b2 0 0
2ffffff 0 083 1 bf 1 1 08e 0 0
000ddfa 1 0c2 1 dd 1 1 0c3 1 0
3340000 1 0e7 1 cd 0 1 0f2 1 0
3dc0000 0 094 1 f7 0 1 09f 0 0
36bffff 1 0f0 1 da 1 1 0fb 1 0
000458c 1 0b2 0 8b 0 1 0b2 1 0
3d3ffff 1 032 1 f4 1 1 03d 1 0
32bffff 0 0d1 1 ca 1 1 0dc 0 0
227ffff 0 084 1 89 1 1 08f 0 0
2afffff 0 01f 1 ab 1 1 02a 0 0
0009e8e 1 0b5 1 9e 1 1 0b6 1 0
000ed54 0 0e5 1 ed 0 1 0e6 0 0
0005fb8 1 06b 1 bf 0 1 06b 1 0
3a80000 1 0ab 1 ea 0 1 0b6 1 0
0007caa 0 0d6 1 f9 0 1 0d6 0 0
3d7ffff 1 04c 1 f5 1 1 057 1 0
00822ee 0 04e 0 82 0 1 053 0 0
2f00000 0 00e 1 bc 0 1 019 0 0
2cbffff 0 0ca 1 b2 1 1 0d5 0 0
000927c 0 032 1 92 0 1 033 0 0
2e40000 0 07e 1 b9 0 1 089 0 0
2740000 1 0c2 1 9d 0 1 0cd 1 0
0008135 0 0a8 1 81 0 1 0a9 0 0
0009420 0 0ee 1 94 0 1 0ef 0 0
3540000 1 0b9 1 d5 0 1 0c4 1 0
3140000 1 072 1 c5 0 1 07d 1 0
2b80000 1 0b4 1 ae 0 1 0bf 1 0
0005028 1 037 1 a0 0 1 037 1 0
0005cfe 0 0c1 1 b9 1 1 0c1 0 0
035de9a 0 052 0 d7 0 1 059 0 0
0005d38 1 14e 1 ba 0 1 14e 1 0
2c7ffff 1 0e5 1 b1 1 1 0f0 1 0
26c0000 1 0ae 0 9b 0 0 0b9 1 0
000778a 1 0b7 0 ef 0 1 0b7 1 0
0009247 0 0df 1 92 0 1 0e0 0 0
1327e80 1 07b 0 99 0 1 085 1 0
297ffff 1 0a1 1 a5 1 1 0ac 1 0
000796f 1 0d5 1 f2 1 1 0d5 1 0
2680000 1 0ad 1 9a 0 1 0b8 1 0
3980000 1 07e 1 e6 0 1 089 1 0
0007403 1 11c 1 e8 0 1 11c 1 0
2e7ffff 1 0c7 1 b9 1 1 0d2 1 0
000fac5 1 07b 0 fa 1 1 07c 1 0
387ffff 1 09b 1 e1 1 1 0a6 1 0
0007467 0 09f 1 e8 1 1 09f 0 0
2e40000 0 0a6 1 b9 0 1 0b1 0 0
000ab9a 0 0c0 1 ab 1 1 0c1 0 0
22fffff 0 067 1 8b 1 1 072 0 0
0007ed5 0 0bc 1 fd 1 1 0bc 0 0
3580000 1 0ea 1 d6 0 1 0f5 1 0
000924a 1 126 1 92 0 1 127 1 0
3f00000 0 077 1 fc 0 1 082 0 0
367ffff 1 0d6 1 d9 1 1 0e1 1 0
000d070 0 0af 1 d0 0 1 0b0 0 0
357ffff 0 06f 1 d5 1 1 07a 0 0
000981b 0 158 1 98 0 1 159 0 0
347ffff 0 0a7 1 d1 1 1 0b2 0 0
000b924 0 05e 1 b9 0 1 05f 0 0
0008002 0 10b 1 80 0 1 10c 0 0
2d7ffff 0 022 1 b5 1 1 02d 0 0
000bd60 1 0ec 1 bd 0 1 0ed 1 0
0005500 0 076 1 aa 0 1 076 0 0
0006446 0 07d 1 c8 1 1 07d 0 0
000a8b4 1 0c4 1 a8 1 1 0c5 1 0
000ad08 0 115 1 ad 0 1 116 0 0
0007860 0 06e 1 f0 1 1 06e 0 0
0009505 0 056 1 95 0 1 057 0 0
30c0000 1 0eb 1 c3 0 1 0f6 1 0
2580000 0 05c 1 96 0 1 067 0 0
0009d61 1 0af 1 9d 0 1 0b0 1 0
0005f46 0 0e0 0 be 1 1 0e0 0 0
000ad22 0 0a0 1 ad 0 1 0a1 0 0
2ac0000 0 07b 1 ab 0 1 086 0 0
343ffff 1 0ca 1 d0 1 1 0d5 1 0
243ffff 1 088 1 90 1 1 093 1 0
000aa9b 1 0bf 1 aa 1 1 0c0 1 0
2b80000 0 083 1 ae 0 1 08e 0 0
000ae95 1 037 1 ae 1 1 038 1 0
333ffff 0 028 1 cc 1 1 033 0 0
2a80000 0 07b 1 aa 0 1 086 0 0
001bb60 1 0f8 0 dd 1 1 0fa 1 0
000d15b 0 0fc 1 d1 0 1 0fd 0 0
0006aa3 1 063 1 d5 0 1 063 1 0
27fffff 0 0de 1 9f 1 1 0e9 0 0
1ffffff 0 052 1 ff 1 1 05c 0 0
000dc1e 1 0c7 1 dc 0 1 0c8 1 0
0009ad2 0 0cc 0 9a 1 1 0cd 0 0
000a133 0 13b 1 a1 0 1 13c 0 0
2a80000 1 0d5 1 aa 0 1 0e0 1 0
31fffff 0 08d 1 c7 1 1 098 0 0
3680000 1 0f1 1 da 0 1 0fc 1 0
23fffff 1 031 1 8f 1 1 03c 1 0
0008a0e 1 103 1 8a 0 1 104 1 0
37fffff 1 0a1 1 df 1 1 0ac 1 0
068d7c4 1 046 0 d1 1 1 04e 1 0
2480000 1 0a5 1 92 0 1 0b0 1 0
00089be 0 0d8 1 89 1 1 0d9 0 0
0007430 0 158 1 e8 0 1 158 0 0
353ffff 0 096 1 d4 1 1 0a1 0 0
000aae5 1 109 1 aa 1 1 10a 1 0
3dbffff 0 0b8 1 f6 1 1 0c3 0 0
2dfffff 0 096 1 b7 1 1 0a1 0 0
3ebffff 1 0bb 1 fa 1 1 0c6 1 0
3c00000 0 08e 1 f0 0 1 099 0 0
2c3ffff 0 09a 1 b0 1 1 0a5 0 0
000906c 0 121 1 90 0 1 122 0 0
28bffff 1 07b 1 a2 1 1 086 1 0
000e363 1 10d 1 e3 0 1 10e 1 0
2bfffff 0 054 1 af 1 1 05f 0 0
3340000 1 099 1 cd 0 1 0a4 1 0
000acf3 0 0c9 1 ac 1 1 0ca 0 0
33fffff 1 062 1 cf 1 1 06d 1 0
3b80000 0 0f0 1 ee 0 1 0fb 0 0
0006409 0 16b 1 c8 0 1 16b 0 0
00074fd 1 0a7 1 e9 1 1 0a7 1 0
0008203 0 0d6 1 82 0 1 0d7 0 0
00050f6 1 058 1 a1 1 1 058 1 0
000527f 1 159 1 a4 1 1 159 1 0
39fffff 1 0bb 1 e7 1 1 0c6 1 0
0007f7f 0 114 1 fe 1 1 114 0 0
0007e3d 1 0f2 0 fc 0 1 0f2 1 0
31fffff 1 09d 1 c7 1 1 0a8 1 0
3efffff 1 03f 1 fb 1 1 04a 1 0
3d00000 1 05f 1 f4 0 1 06a 1 0
000ca10 1 05b 1 ca 0 1 05c 1 0
2c3ffff 1 0cc 1 b0 1 1 0d7 1 0
273ffff 1 0db 1 9c 1 1 0e6 1 0
000901e 0 124 1 90 0 1 125 0 0
22bffff 1 0b3 1 8a 1 1 0be 1 0
2540000 1 0df 1 95 0 1 0ea 1 0
29bffff 0 060 1 a6 1 1 06b 0 0
23fffff 0 0e3 1 8f 1 1 0ee 0 0
00086b5 0 117 1 86 1 1 118 0 0
2300000 0 0ea 1 8c 0 1 0f5 0 0
3dfffff 0 0bb 1 f7 1 1 0c6 0 0
000b98e 1 09a 1 b9 1 1 09b 1 0
2ec0000 0 070 1 bb 0 1 07b 0 0
000ea69 1 092 1 ea 0 1 093 1 0
000954b 0 09d 1 95 0 1 09e 0 0
37bffff 1 074 1 de 1 1 07f 1 0
0009243 0 0d9 1 92 0 1 0da 0 0
2400000 0 0b3 1 90 0 1 0be 0 0
2bc0000 1 0ba 1 af 0 1 0c5 1 0
0008d60 0 079 1 8d 0 1 07a 0 0
0007cfc 0 083 1 f9 1 1 083 0 0
0007280 0 0ea 1 e5 0 1 0ea 0 0
2480000 0 0ac 1 92 0 1 0b7 0 0
0007bb6 1 109 1 f7 0 1 109 1 0
253ffff 1 0c9 1 94 1 1 0d4 1 0
3a00000 0 0aa 0 e8 0 0 0b5 0 0
00065e1 1 0e0 1 cb 1 1 0e0 1 0
000887f 0 046 1 88 0 1 047 0 0
3440000 1 0c9 1 d1 0 1 0d4 1 0
000cd93 1 0c6 1 cd 1 1 0c7 1 0
3d7ffff 0 046 1 f5 1 1 051 0 0
02dcec8 1 092 0 b7 0 1 099 1 0
0006131 0 0f3 1 c2 0 1 0f3 0 0
2cbffff 1 0e7 1 b2 1 1 0f2 1 0
3b80000 0 098 1 ee 0 1 0a3 0 0
000b51e 1 0b6 1 b5 0 1 0b7 1 0
0007b74 0 149 1 f6 1 1 149 0 0
2afffff 0 0db 1 ab 1 1 0e6 0 0
0cc822a 0 067 0 cc 1 1 070 0 0
2640000 0 0d2 1 99 0 1 0dd 0 0
3940000 1 0b1 1 e5 0 1 0bc 1 0
3e00000 1 0c7 1 f8 0 1 0d2 1 0
000917d 0 0b3 1 91 0 1 0b4 0 0
000f4be 1 053 0 f4 1 1 054 1 0
0006aa5 1 08c 1 d5 0 1 08c 1 0
0007420 1 0e3 1 e8 0 1 0e3 1 0
0007979 0 075 1 f2 1 1 075 0 0
25bffff 1 0df 1 96 1 1 0ea 1 0
25bffff 0 02c 1 96 1 1 037 0 0
0009f83 1 05b 1 9f 1 1 05c 1 0
00b5c50 0 0b6 0 b5 1 1 0bb 0 0
0007f18 0 0d9 1 fe 0 1 0d9 0 0
000757c 0 040 1 ea 1 1 040 0 0
3e00000 0 0c4 1 f8 0 1 0cf 0 0
000d74d 1 0cb 1 d7 0 1 0cc 1 0
25c6d00 1 09f 0 97 0 1 0aa 1 0
00062de 0 0b8 1 c5 1 1 0b8 0 0
00083f7 0 0ce 1 83 1 1 0cf 0 0
000a250 0 0ab 1 a2 0 1 0ac 0 0
31bffff 1 0ee 1 c6 1 1 0f9 1 0
3380000 1 064 1 ce 0 1 06f 1 0
2600000 1 06f 1 98 0 1 07a 1 0
0006538 0 09e 1 ca 0 1 09e 0 0
25c0000 1 0f2 1 97 0 1 0fd 1 0
00085af 0 113 1 85 1 1 114 0 0
227ffff 0 024 1 89 1 1 02f 0 0
0004fe1 1 0b4 1 9f 1 1 0b4 1 0
3540000 1 080 1 d5 0 1 08b 1 0
000d8cb 1 071 1 d8 1 1 072 1 0
2ebffff 1 045 1 ba 1 1 050 1 0
000682a 0 0bb 1 d0 0 1 0bb 0 0
2580000 0 0b4 1 96 0 1 0bf 0 0
00046a4 0 0fd 1 8d 0 1 0fd 0 0
3200000 0 02b 1 c8 0 1 036 0 0
0007fa8 1 0e2 1 ff 0 1 0e2 1 0
0005a08 0 06f 1 b4 0 1 06f 0 0
0009c50 1 120 1 9c 0 1 121 1 0
3a3ffff 1 0ce 1 e8 1 1 0d9 1 0
3a80000 0 0d8 1 ea 0 1 0e3 0 0
000813d 0 0f5 1 81 0 1 0f6 0 0
00071e7 0 0a5 1 e3 1 1 0a5 0 0
2f80000 0 0e2 1 be 0 1 0ed 0 0
3940000 0 0e0 1 e5 0 1 0eb 0 0
3700000 0 094 1 dc 0 1 09f 0 0
0006f78 1 0eb 1 de 1 1 0eb 1 0
000a7d5 0 10b 1 a7 1 1 10c 0 0
3600000 1 0ea 1 d8 0 1 0f5 1 0
00046a4 0 100 1 8d 0 1 100 0 0
000c5b7 1 072 1 c5 1 1 073 1 0
000855f 1 075 1 85 0 1 076 1 0
0005ca3 1 0de 1 b9 0 1 0de 1 0
000b0d2 0 0f9 1 b0 1 1 0fa 0 0
25bffff 0 085 1 96 1 1 090 0 0
3a3ffff 1 018 1 e8 1 1 023 1 0
00094d6 0 072 0 94 1 1 073 0 0
002008f 1 068 0 80 0 1 06b 1 0
32bffff 1 08d 1 ca 1 1 098 1 0
000df1f 1 07c 1 df 0 1 07d 1 0
2b7ffff 0 001 1 ad 1 1 00c 0 0
00058b0 1 0a7 1 b1 0 1 0a7 1 0
0007620 0 04e 1 ec 0 1 04e 0 0
2dbffff 1 0b4 1 b6 1 1 0bf 1 0
2000000 1 06b 1 80 0 1 076 1 0
0007e64 0 117 1 fc 1 1 117 0 0
293ffff 0 0b6 1 a4 1 1 0c1 0 0
0006f42 0 0a0 1 de 1 1 0a0 0 0
000e16b 1 087 1 e1 0 1 088 1 0
0007fdf 0 087 1 ff 1 1 087 0 0
2b40000 0 0ba 1 ad 0 1 0c5 0 0
000ed5a 0 0c7 1 ed 0 1 0c8 0 0
3e00000 1 0c6 1 f8 0 1 0d1 1 0
000754e 0 154 1 ea 1 1 154 0 0
000f51e 1 0c0 1 f5 0 1 0c1 1 0
37c0000 1 0e6 1 df 0 1 0f1 1 0
0007d4b 0 0e9 1 fa 1 1 0e9 0 0
0008091 0 0bc 1 80 1 1 0bd 0 0
00075b2 1 05e 0 eb 0 1 05e 1 0
00078dc 0 021 1 f1 1 1 021 0 0
0006458 0 172 1 c8 1 1 172 0 0
0009425 1 115 1 94 0 1 116 1 0
3fbffff 1 0c1 1 fe 1 1 0cc 1 0
26c0000 1 0e9 1 9b 0 1 0f4 1 0
0009bf8 0 150 1 9b 1 1 151 0 0
0006202 0 0fb 1 c4 0 1 0fb 0 0
28fffff 1 06c 1 a3 1 1 077 1 0
2100000 1 031 1 84 0 1 03c 1 0
2100000 0 038 1 84 0 1 043 0 0
003e7fb 0 07c 0 f9 1 1 07f 0 0
24fffff 1 0b1 1 93 1 1 0bc 1 0
32c0000 1 0bb 1 cb 0 1 0c6 1 0
0007070 1 0c3 0 e0 1 1 0c3 1 0
0006bc9 0 0d9 1 d7 1 1 0d9 0 0
38bffff 1 067 1 e2 1 1 072 1 0
3d3ffff 0 08c 1 f4 1 1 097 0 0
3440000 0 0f3 1 d1 0 1 0fe 0 0
0005ab0 0 0a8 1 b5 0 1 0a8 0 0
3efffff 1 0f3 1 fb 1 1 0fe 1 0
000dcf3 0 119 1 dc 1 1 11a 0 0
00096d4 0 164 1 96 1 1 165 0 0
2bbffff 0 0bc 1 ae 1 1 0c7 0 0
253ffff 0 04f 1 94 1 1 05a 0 0
0009457 0 0a6 1 94 0 1 0a7 0 0
34fffff 0 081 1 d3 1 1 08c 0 0
2b80000 0 0dd 1 ae 0 1 0e8 0 0
207ffff 0 0ce 1 81 1 1 0d9 0 0
3148374 0 073 0 c5 0 1 07e 0 0
00071b0 1 0f5 1 e3 0 1 0f5 1 0
2e7ffff 0 0ef 1 b9 1 1 0fa 0 0
24c0000 1 027 1 93 0 1 032 1 0
0005320 0 0f7 1 a6 0 1 0f7 0 0
0006712 0 0fe 1 ce 0 1 0fe 0 0
000a1b9 1 113 1 a1 1 1 114 1 0
3140000 1 012 1 c5 0 1 01d 1 0
263ffff 0 0a9 1 98 1 1 0b4 0 0
0007c38 1 108 1 f8 0 1 108 1 0
2700000 1 08e 1 9c 0 1 099 1 0
22fffff 0 098 1 8b 1 1 0a3 0 0
3f00000 0 095 1 fc 0 1 0a0 0 0
3940000 0 087 1 e5 0 1 092 0 0
000a4be 0 0a0 1 a4 1 1 0a1 0 0
0012fa0 0 094 0 97 1 1 096 0 0
0006739 1 0b7 1 ce 0 1 0b7 1 0
2a3ffff 1 01e 1 a8 1 1 029 1 0
3440000 0 05b 1 d1 0 1 066 0 0
2680000 1 0c4 1 9a 0 1 0cf 1 0
000ab9a 1 121 1 ab 1 1 122 1 0
000776f 0 0a8 1 ee 1 1 0a8 0 0
0005c1f 1 16c 1 b8 0 1 16c 1 0
20c0000 0 067 1 83 0 1 072 0 0
3d3ffff 0 0b0 1 f4 1 1 0bb 0 0
0009dd8 1 065 0 9d 1 1 066 1 0
3a80000 1 01f 0 ea 0 0 02a 1 0
3480000 1 093 1 d2 0 1 09e 1 0
0007528 0 0dd 1 ea 0 1 0dd 0 0
263ffff 1 084 1 98 1 1 08f 1 0
000afe0 0 0b1 1 af 1 1 0b2 0 0
2a80000 1 0c1 1 aa 0 1 0cc 1 0
3840000 0 0df 1 e1 0 1 0ea 0 0
00077ff 0 071 1 ef 1 1 071 0 0
0009afc 0 059 1 9a 1 1 05a 0 0
00086b4 0 06d 1 86 1 1 06e 0 0
3100000 1 0d7 1 c4 0 1 0e2 1 0
0006865 0 04a 1 d0 1 1 04a 0 0
000e965 1 042 1 e9 0 1 043 1 0
00074c8 1 0e8 1 e9 1 1 0e8 1 0
3e3ffff 1 0bd 1 f8 1 1 0c8 1 0
22c0000 1 085 1 8b 0 1 090 1 0
2a7ffff 1 040 1 a9 1 1 04b 1 0
0006893 1 074 1 d1 0 1 074 1 0
2dfffff 1 0e5 1 b7 1 1 0f0 1 0
0006d7c 1 048 1 da 1 1 048 1 0
0008038 1 0c3 0 80 0 1 0c4 1 0
0007d91 1 0c1 1 fb 0 1 0c1 1 0
2040000 0 07f 0 81 0 0 08a 0 0
0005ebc 0 07f 1 bd 0 1 07f 0 0
0008b38 1 036 1 8b 0 1 037 1 0
2b7ffff 1 0b5 1 ad 1 1 0c0 1 0
000b53f 0 107 1 b5 0 1 108 0 0
0009dc2 0 053 1 9d 1 1 054 0 0
35c0000 1 07e 1 d7 0 1 089 1 0
23c0000 1 0c5 1 8f 0 1 0d0 1 0
000ca4c 1 095 1 ca 0 1 096 1 0
000aa22 0 023 1 aa 0 1 024 0 0
3e00000 0 038 1 f8 0 1 043 0 0
29c0000 0 0c2 1 a7 0 1 0cd 0 0
33fffff 1 085 1 cf 1 1 090 1 0
0005dc0 1 04e 1 bb 1 1 04e 1 0
35fffff 0 0a9 1 d7 1 1 0b4 0 0
3880000 0 0ca 1 e2 0 1 0d5 0 0
00074ba 0 0e6 1 e9 0 1 0e6 0 0
3200000 1 0cf 1 c8 0 1 0da 1 0
000aea8 0 0bb 1 ae 1 1 0bc 0 0
000b716 1 0b4 1 b7 0 1 0b5 1 0
0007a47 1 065 0 f4 1 1 065 1 0
0007e7a 1 119 1 fc 1 1 119 1 0
000896e 1 0c7 1 89 0 1 0c8 1 0
2c00000 1 0e7 1 b0 0 1 0f2 1 0
257ffff 1 056 1 95 1 1 061 1 0
0007540 1 008 0 ea 1 0 008 1 0
000c2ff 1 0eb 1 c2 1 1 0ec 1 0
0009965 1 090 1 99 0 1 091 1 0
373ffff 1 0bf 1 dc 1 1 0ca 1 0
0008d81 1 01f 1 8d 1 1 020 1 0
0006865 1 0af 1 d0 1 1 0af 1 0
3efffff 1 0d6 1 fb 1 1 0e1 1 0
3b80000 0 3f9 1 ee 0 1 004 0 0
00091d4 1 160 1 91 1 1 161 1 0
0006dba 1 0b8 1 db 0 1 0b8 1 0
31c0000 1 02c 1 c7 0 1 037 1 0
24bffff 0 0a3 1 92 1 1 0ae 0 0
2700000 0 09d 1 9c 0 1 0a8 0 0
3f7ffff 1 084 1 fd 1 1 08f 1 0
000819c 1 0ad 1 81 1 1 0ae 1 0
000af9e 1 0ad 1 af 1 1 0ae 1 0
2f80000 0 0b9 1 be 0 1 0c4 0 0
2f40000 0 0d3 1 bd 0 1 0de 0 0
0005793 1 045 1 af 0 1 045 1 0
0007511 0 0d4 1 ea 0 1 0d4 0 0
000ee20 0 097 1 ee 0 1 098 0 0
0009286 0 0af 1 92 1 1 0b0 0 0
000848a 0 0b9 1 84 1 1 0ba 0 0
0008626 0 14b 1 86 0 1 14c 0 0
27fffff 0 08f 1 9f 1 1 09a 0 0
39fffff 0 0a6 1 e7 1 1 0b1 0 0
38fffff 1 077 1 e3 1 1 082 1 0
0008f1b 1 07e 1 8f 0 1 07f 1 0
000cd4a 1 077 0 cd 0 1 078 1 0
000cd5f 1 05e 1 cd 0 1 05f 1 0
0006d95 0 084 1 db 0 1 084 0 0
0005189 0 07f 1 a3 0 1 07f 0 0
30bffff 1 0c0 1 c2 1 1 0cb 1 0
393ffff 0 057 1 e4 1 1 062 0 0
0009b87 1 089 1 9b 1 1 08a 1 0
00094b0 1 0d0 1 94 1 1 0d1 1 0
3500000 1 0af 1 d4 0 1 0ba 1 0
000d4ee 1 0d2 1 d4 1 1 0d3 1 0
0009ecf 0 0ea 1 9e 1 1 0eb 0 0
000757b 1 078 1 ea 1 1 078 1 0
000cb6f 0 0dd 1 cb 0 1 0de 0 0
0008898 1 0bd 1 88 1 1 0be 1 0
000991b 0 052 1 99 0 1 053 0 0
3f3ffff 1 0de 1 fc 1 1 0e9 1 0
0008b9e 1 074 1 8b 1 1 075 1 0
000a74c 0 154 1 a7 0 1 155 0 0
35fffff 0 07e 1 d7 1 1 089 0 0
0007f1a 0 0d5 1 fe 0 1 0d5 0 0
24fffff 0 0d6 1 93 1 1 0e1 0 0
00077bc 0 058 1 ef 0 1 058 0 0
2d3ffff 1 0cd 1 b4 1 1 0d8 1 0
0008e07 1 07f 1 8e 0 1 080 1 0
35fffff 1 04e 1 d7 1 1 059 1 0
00078de 0 129 1 f1 1 1 129 0 0
2cc0000 0 0b0 1 b3 0 1 0bb 0 0
0009bd6 1 09f 1 9b 1 1 0a0 1 0
000ce9f 0 0fb 1 ce 1 1 0fc 0 0
24bffff 1 096 1 92 1 1 0a1 1 0
3e7ffff 0 0d3 1 f9 1 1 0de 0 0
217ffff 1 0d3 1 85 1 1 0de 1 0
2e40000 1 3fd 1 b9 0 1 008 1 0
27bffff 1 090 1 9e 1 1 09b 1 0
00099bf 0 14c 1 99 1 1 14d 0 0
2fc0000 0 0c4 1 bf 0 1 0cf 0 0
000c8f9 1 149 1 c8 1 1 14a 1 0
0008fff 1 0d4 1 8f 1 1 0d5 1 0
0004e35 1 09a 1 9c 0 1 09a 1 0
00076f8 1 0b1 1 ed 1 1 0b1 1 0
0008e3a 1 06c 1 8e 0 1 06d 1 0
000de40 0 076 1 de 0 1 077 0 0
3380000 0 0ed 1 ce 0 1 0f8 0 0
2c40000 1 05e 1 b1 0 1 069 1 0
2180000 1 00d 1 86 0 1 018 1 0
253ffff 1 06e 1 94 1 1 079 1 0
2e80000 0 01a 1 ba 0 1 025 0 0
30c0000 0 074 1 c3 0 1 07f 0 0
0009b33 1 0d0 1 9b 0 1 0d1 1 0
0008362 0 0f5 1 83 0 1 0f6 0 0
00063c0 0 010 0 c7 1 0 010 0 0
2efffff 0 030 1 bb 1 1 03b 0 0
0008058 1 084 1 80 0 1 085 1 0
25bffff 0 07a 1 96 1 1 085 0 0
000b9cc 1 102 1 b9 1 1 103 1 0
3dfffff 0 0c2 1 f7 1 1 0cd 0 0
3dfffff 0 05a 1 f7 1 1 065 0 0
23bffff 1 0ae 1 8e 1 1 0b9 1 0
24c0000 1 0a2 1 93 0 1 0ad 1 0
000781e 0 0e8 1 f0 0 1 0e8 0 0
2cc0000 0 0a8 1 b3 0 1 0b3 0 0
377ffff 0 07b 1 dd 1 1 086 0 0
0006c2a 1 058 0 d8 0 1 058 1 0
3f7ffff 1 06c 1 fd 1 1 077 1 0
00096cf 1 0a9 1 96 1 1 0aa 1 0
000e668 0 147 1 e6 0 1 148 0 0
3580000 1 0cf 1 d6 0 1 0da 1 0
37bffff 0 0db 1 de 1 1 0e6 0 0
0007644 1 11e 1 ec 1 1 11e 1 0
000aee2 0 041 1 ae 1 1 042 0 0
0006880 1 0b6 1 d1 0 1 0b6 1 0
00053d4 0 121 1 a7 1 1 121 0 0
0004ef9 0 01e 1 9d 1 1 01e 0 0
00088d3 0 059 1 88 1 1 05a 0 0
000507f 1 0af 1 a0 1 1 0af 1 0
0006e0f 1 0a2 1 dc 0 1 0a2 1 0
0007e26 1 072 1 fc 0 1 072 1 0
0006705 0 178 1 ce 0 1 178 0 0
000a9a9 1 0cd 1 a9 1 1 0ce 1 0
0005c96 0 0d0 0 b9 0 1 0d0 0 0
253ffff 0 06c 1 94 1 1 077 0 0
3940000 1 0a2 1 e5 0 1 0ad 1 0
293ffff 1 063 1 a4 1 1 06e 1 0
2ebffff 0 0c7 1 ba 1 1 0d2 0 0
0009357 1 0e4 1 93 0 1 0e5 1 0
38c0000 1 08e 1 e3 0 1 099 1 0
2d3ffff 0 0d7 1 b4 1 1 0e2 0 0
0007fd4 1 0fb 1 ff 1 1 0fb 1 0
3d80000 0 0c4 1 f6 0 1 0cf 0 0
2b7ffff 1 0bc 1 ad 1 1 0c7 1 0
33fffff 0 015 1 cf 1 1 020 0 0
3a00000 1 097 1 e8 0 1 0a2 1 0
0007f76 1 0b1 1 fe 1 1 0b1 1 0
22fffff 1 091 1 8b 1 1 09c 1 0
2d3ffff 0 0ec 1 b4 1 1 0f7 0 0
3c80000 0 0bc 1 f2 0 1 0c7 0 0
247ffff 1 09d 1 91 1 1 0a8 1 0
3a3ffff 1 0d4 1 e8 1 1 0df 1 0
3a80000 1 090 1 ea 0 1 09b 1 0
3d40000 0 03e 1 f5 0 1 049 0 0
2e80000 0 0bb 1 ba 0 1 0c6 0 0
273ffff 1 054 1 9c 1 1 05f 1 0
000a1bd 1 088 1 a1 1 1 089 1 0
000c20f 1 0cb 1 c2 0 1 0cc 1 0
000aea3 1 057 1 ae 1 1 058 1 0
00080a0 1 11d 1 80 1 1 11e 1 0
0007109 1 087 1 e2 0 1 087 1 0
31c0000 0 0cc 1 c7 0 1 0d7 0 0
233ffff 1 0a2 1 8c 1 1 0ad 1 0
38c0000 0 00a 1 e3 0 1 015 0 0
0008290 0 077 1 82 1 1 078 0 0
387ffff 0 0e1 1 e1 1 1 0ec 0 0
000a0f7 1 107 1 a0 1 1 108 1 0
00058d7 1 0a3 1 b1 1 1 0a3 1 0
000af77 1 0fd 1 af 0 1 0fe 1 0
0004e2f 0 0b5 1 9c 0 1 0b5 0 0
2680000 0 002 1 9a 0 1 00d 0 0
000e389 0 14a 1 e3 1 1 14b 0 0
00062a1 0 0d5 1 c5 0 1 0d5 0 0
0007956 1 02a 1 f2 1 1 02a 1 0
2dfffff 1 0b1 1 b7 1 1 0bc 1 0
000c33c 1 0ac 1 c3 0 1 0ad 1 0
0009b57 1 13d 1 9b 0 1 13e 1 0
2ffffff 1 011 1 bf 1 1 01c 1 0
000cf7d 0 074 1 cf 0 1 075 0 0
000946a 0 076 1 94 0 1 077 0 0
31fffff 1 0e4 1 c7 1 1 0ef 1 0
00082d7 0 0c6 1 82 1 1 0c7 0 0
000d380 1 16a 1 d3 1 1 16b 1 0
000753e 0 139 1 ea 0 1 139 0 0
2d7ffff 1 0bb 1 b5 1 1 0c6 1 0
2240000 0 012 1 89 0 1 01d 0 0
000b60d 0 0bd 1 b6 0 1 0be 0 0
3640000 1 084 1 d9 0 1 08f 1 0
2d3ffff 1 0ed 1 b4 1 1 0f8 1 0
2a80000 1 09c 1 aa 0 1 0a7 1 0
000e645 1 0e6 1 e6 0 1 0e7 1 0
0009065 0 0cf 1 90 0 1 0d0 0 0
25c0000 0 0c2 1 97 0 1 0cd 0 0
29bffff 1 0be 1 a6 1 1 0c9 1 0
0008ac4 1 14d 1 8a 1 1 14e 1 0
3ac0000 1 079 1 eb 0 1 084 1 0
0009775 0 154 1 97 0 1 155 0 0
0007770 0 154 1 ee 1 1 154 0 0
0007928 1 0cf 1 f2 0 1 0cf 1 0
0007bdd 0 0b4 1 f7 1 1 0b4 0 0
000ba6c 0 0db 1 ba 0 1 0dc 0 0
0006e7f 1 0c5 1 dc 1 1 0c5 1 0
2340000 0 08b 1 8d 0 1 096 0 0
000787a 0 0c0 1 f0 1 1 0c0 0 0
25fffff 0 0ca 1 97 1 1 0d5 0 0
0005552 1 0f0 1 aa 1 1 0f0 1 0
0009331 1 077 1 93 0 1 078 1 0
000b814 1 057 1 b8 0 1 058 1 0
37fffff 0 0dc 1 df 1 1 0e7 0 0
0006fbf 0 0c8 1 df 0 1 0c8 0 0
2e00000 1 071 1 b8 0 1 07c 1 0
2a00000 0 0df 1 a8 0 1 0ea 0 0
30fffff 1 06b 1 c3 1 1 076 1 0
2a7ffff 0 040 1 a9 1 1 04b 0 0
000eb25 1 084 1 eb 0 1 085 1 0
25bffff 0 0d5 1 96 1 1 0e0 0 0
000a2fb 1 119 1 a2 1 1 11a 1 0
00098f3 1 09c 1 98 1 1 09d 1 0
333ffff 0 087 1 cc 1 1 092 0 0
2700000 0 011 1 9c 0 1 01c 0 0
00061a0 1 08f 1 c3 0 1 08f 1 0
000b391 1 0a9 1 b3 1 1 0aa 1 0
0009606 0 0f4 1 96 0 1 0f5 0 0
323ffff 0 084 1 c8 1 1 08f 0 0
000b0e6 1 13c 1 b0 1 1 13d 1 0
3d3ffff 1 085 1 f4 1 1 090 1 0
00076e2 1 010 0 ed 1 1 010 1 0
0004ebb 1 08c 1 9d 0 1 08c 1 0
3300000 0 050 1 cc 0 1 05b 0 0
000933f 0 176 1 93 0 1 177 0 0
2e3ffff 1 064 1 b8 1 1 06f 1 0
000783c 1 0a3 1 f0 0 1 0a3 1 0
000acd9 0 027 1 ac 1 1 028 0 0
25c0000 1 05b 1 97 0 1 066 1 0
33c0000 1 008 1 cf 0 1 013 1 0
39bffff 0 04b 1 e6 1 1 056 0 0
2240000 0 033 1 89 0 1 03e 0 0
2bfffff 0 0c5 1 af 1 1 0d0 0 0
0008c8b 0 0c6 1 8c 1 1 0c7 0 0
0008267 0 097 1 82 0 1 098 0 0
363ffff 0 08f 1 d8 1 1 09a 0 0
000667a 1 085 1 cc 1 1 085 1 0
36fffff 0 0be 1 db 1 1 0c9 0 0
2ac0000 1 0ea 1 ab 0 1 0f5 1 0
0008163 0 101 1 81 0 1 102 0 0
00074e5 1 09d 1 e9 1 1 09d 1 0
0007c2e 1 0ec 1 f8 0 1 0ec 1 0
0006c2d 0 0ec 1 d8 0 1 0ec 0 0
000bea3 0 07a 1 be 1 1 07b 0 0
20c0000 0 0a8 1 83 0 1 0b3 0 0
000b9c8 0 096 1 b9 1 1 097 0 0
20fffff 0 042 1 83 1 1 04d 0 0
3c3ffff 0 0e4 1 f0 1 1 0ef 0 0
2700000 0 081 1 9c 0 1 08c 0 0
35fffff 0 0e3 1 d7 1 1 0ee 0 0
0004a8b 0 0bf 1 95 0 1 0bf 0 0
00075b6 1 09a 1 eb 0 1 09a 1 0
2a80000 1 08a 1 aa 0 1 095 1 0
000ec33 1 0c2 1 ec 0 1 0c3 1 0
000a39f 1 0d8 1 a3 1 1 0d9 1 0
28c0000 0 0ef 1 a3 0 1 0fa 0 0
0009e64 1 0a7 1 9e 0 1 0a8 1 0
0004acf 1 0cc 1 95 1 1 0cc 1 0
2b80000 0 061 1 ae 0 1 06c 0 0
000d49f 0 048 1 d4 1 1 049 0 0
2e00000 1 046 1 b8 0 1 051 1 0
34bffff 0 06e 1 d2 1 1 079 0 0
00081d4 0 0e3 1 81 1 1 0e4 0 0
0008704 0 070 1 87 0 1 071 0 0
2480000 1 0a4 1 92 0 1 0af 1 0
00099cb 0 0ac 1 99 1 1 0ad 0 0
03c7e0a 1 05c 0 f1 1 1 063 1 0
000972d 0 149 1 97 0 1 14a 0 0
377ffff 1 0eb 1 dd 1 1 0f6 1 0
30fffff 0 06b 1 c3 1 1 076 0 0
2080000 1 0d9 1 82 0 1 0e4 1 0
3e7ffff 1 06e 1 f9 1 1 079 1 0
3840000 0 0ea 1 e1 0 1 0f5 0 0
000c2b8 1 0fe 1 c2 1 1 0ff 1 0
00083fe 1 0b4 1 83 1 1 0b5 1 0
237ffff 0 0e5 1 8d 1 1 0f0 0 0
0009ccb 1 152 1 9c 1 1 153 1 0
373ffff 1 0d1 1 dc 1 1 0dc 1 0
000be9f 0 0ed 1 be 1 1 0ee 0 0
2440000 1 07a 1 91 0 1 085 1 0
0007419 0 0d0 1 e8 0 1 0d0 0 0
000f00f 1 0c2 1 f0 0 1 0c3 1 0
0007e58 0 01e 0 fc 1 1 01e 0 0
377ffff 0 0e8 1 dd 1 1 0f3 0 0
00095e3 0 0d1 1 95 1 1 0d2 0 0
000945c 1 0ed 1 94 0 1 0ee 1 0
00079a9 1 11f 1 f3 0 1 11f 1 0
0068ce4 1 05b 0 d1 1 1 05f 1 0
000b700 1 129 1 b7 0 1 12a 1 0
000bfba 0 0f4 1 bf 1 1 0f5 0 0
000cb94 0 083 1 cb 1 1 084 0 0
000b4a7 0 038 1 b4 1 1 039 0 0
0009ce0 1 0c5 1 9c 1 1 0c6 1 0
2180000 0 0ad 1 86 0 1 0b8 0 0
3400000 1 089 1 d0 0 1 094 1 0
2000000 1 0a8 1 80 0 1 0b3 1 0
3afffff 0 0cc 1 eb 1 1 0d7 0 0
297ffff 0 0b0 1 a5 1 1 0bb 0 0
0006b40 0 0a8 1 d6 1 1 0a8 0 0
0008396 1 096 1 83 1 1 097 1 0
0005d15 1 0b0 1 ba 0 1 0b0 1 0
000718b 1 095 1 e3 0 1 095 1 0
3f00000 1 077 1 fc 0 1 082 1 0
000cb0f 1 029 1 cb 0 1 02a 1 0
000c2bc 0 0ce 1 c2 1 1 0cf 0 0
373ffff 0 0b5 1 dc 1 1 0c0 0 0
2a7ffff 0 02c 1 a9 1 1 037 0 0
3500000 0 0c9 1 d4 0 1 0d4 0 0
000d827 0 07f 1 d8 0 1 080 0 0
2cbffff 0 07d 1 b2 1 1 088 0 0
3dbffff 1 0e0 1 f6 1 1 0eb 1 0
0007b2f 0 085 1 f6 0 1 085 0 0
0008a95 0 0ef 1 8a 1 1 0f0 0 0
0008f3e 1 092 1 8f 0 1 093 1 0
0004b5f 0 0d8 1 96 1 1 0d8 0 0
0009510 0 0d3 0 95 0 1 0d4 0 0
30fffff 0 0bd 1 c3 1 1 0c8 0 0
2f40000 0 09e 1 bd 0 1 0a9 0 0
0006cfb 1 05b 1 d9 1 1 05b 1 0
00077fe 0 04d 0 ef 1 1 04d 0 0
0028e2c 1 08d 0 a3 1 1 090 1 0
000660a 0 0f1 1 cc 0 1 0f1 0 0
32fffff 1 096 1 cb 1 1 0a1 1 0
000b460 1 15d 1 b4 0 1 15e 1 0
0004ae8 1 065 1 95 1 1 065 1 0
0009210 0 0c5 1 92 0 1 0c6 0 0
3c40000 1 09b 1 f1 0 1 0a6 1 0
0025cc2 1 089 0 97 0 1 08c 1 0
2bfffff 0 0b3 1 af 1 1 0be 0 0
3680000 0 05b 1 da 0 1 066 0 0
3700000 1 080 0 dc 0 0 08b 1 0
2e7ffff 1 097 1 b9 1 1 0a2 1 0
3340000 1 0ab 0 cd 0 0 0b6 1 0
37fffff 0 029 1 df 1 1 034 0 0
000616f 0 083 1 c2 1 1 083 0 0
00067e5 1 163 1 cf 1 1 163 1 0
0007af3 1 090 1 f5 1 1 090 1 0
0007c18 0 129 1 f8 0 1 129 0 0
2380000 0 045 1 8e 0 1 050 0 0
000c1c9 0 0ac 1 c1 1 1 0ad 0 0
000bf9d 1 0e3 1 bf 1 1 0e4 1 0
000b96d 0 107 1 b9 0 1 108 0 0
33bffff 0 09a 1 ce 1 1 0a5 0 0
313ffff 1 0e3 1 c4 1 1 0ee 1 0
30fffff 0 0a8 1 c3 1 1 0b3 0 0
3ec0000 1 08d 1 fb 0 1 098 1 0
000709a 1 117 1 e1 0 1 117 1 0
2340000 0 0a8 1 8d 0 1 0b3 0 0
000a108 1 07a 0 a1 0 1 07b 1 0
287ffff 1 00b 1 a1 1 1 016 1 0
0007f9e 0 109 1 ff 0 1 109 0 0
0008847 1 123 1 88 0 1 124 1 0
2fc0000 1 0a8 1 bf 0 1 0b3 1 0
000ca97 0 085 1 ca 1 1 086 0 0
2c7ffff 1 0e4 1 b1 1 1 0ef 1 0
3940000 1 087 1 e5 0 1 092 1 0
000d0d3 1 12f 1 d0 1 1 130 1 0
000afe5 1 16d 1 af 1 1 16e 1 0
0005fd5 0 033 1 bf 1 1 033 0 0
31fffff 1 096 1 c7 1 1 0a1 1 0
0004b00 1 144 1 96 0 1 144 1 0
000c68d 1 0df 1 c6 1 1 0e0 1 0
3840000 1 01c 1 e1 0 1 027 1 0
000a97f 0 0f4 1 a9 0 1 0f5 0 0
000529e 1 0f7 1 a5 0 1 0f7 1 0
2cbffff 1 0ed 1 b2 1 1 0f8 1 0
3efffff 1 0bc 1 fb 1 1 0c7 1 0
000b9a9 0 144 1 b9 1 1 145 0 0
0005d3e 1 13e 1 ba 0 1 13e 1 0
0005cb9 1 11d 1 b9 0 1 11d 1 0
2800000 1 3fe 1 a0 0 1 009 1 0
3cfffff 1 09d 1 f3 1 1 0a8 1 0
2abffff 1 0e1 1 aa 1 1 0ec 1 0
0008110 0 0a4 1 81 0 1 0a5 0 0
000cfad 1 0ca 1 cf 1 1 0cb 1 0
00063db 1 078 1 c7 1 1 078 1 0
2800000 0 0ac 1 a0 0 1 0b7 0 0
0004a3f 0 0f6 1 94 0 1 0f6 0 0
000db65 1 0dd 1 db 0 1 0de 1 0
3cbffff 1 090 1 f2 1 1 09b 1 0
0009a8c 1 0d1 1 9a 1 1 0d2 1 0
000b3f0 0 119 1 b3 1 1 11a 0 0
22c0000 1 083 0 8b 0 0 08e 1 0
3400000 1 09f 0 d0 0 0 0aa 1 0
00084da 1 10b 1 84 1 1 10c 1 0
267ffff 1 077 1 99 1 1 082 1 0
353ffff 0 082 1 d4 1 1 08d 0 0
3e7ffff 0 0f1 1 f9 1 1 0fc 0 0
0005e63 0 104 1 bc 1 1 104 0 0
0005469 0 08e 0 a8 1 1 08e 0 0
000a26b 1 088 1 a2 0 1 089 1 0
3940000 0 078 1 e5 0 1 083 0 0
22c0000 0 0c7 1 8b 0 1 0d2 0 0
3c3ffff 0 0af 1 f0 1 1 0ba 0 0
00067a6 1 141 1 cf 0 1 141 1 0
3740000 0 0c1 1 dd 0 1 0cc 0 0
00094b0 0 101 1 94 1 1 102 0 0
000c363 1 07f 1 c3 0 1 080 1 0
2b3ffff 0 0a7 1 ac 1 1 0b2 0 0
2e40000 0 0bc 1 b9 0 1 0c7 0 0
0003d04 0 0c2 0 f4 0 1 0c1 0 0
3800000 1 0da 1 e0 0 1 0e5 1 0
00094d9 0 0a5 1 94 1 1 0a6 0 0
2340000 0 0e0 1 8d 0 1 0eb 0 0
27fffff 1 0f0 1 9f 1 1 0fb 1 0
3380000 0 0ed 1 ce 0 1 0f8 0 0
2700000 0 0f1 1 9c 0 1 0fc 0 0
00074d9 0 0bf 1 e9 1 1 0bf 0 0
000e1a8 0 09c 1 e1 1 1 09d 0 0
23c0000 1 050 1 8f 0 1 05b 1 0
3740000 0 09e 1 dd 0 1 0a9 0 0
0006ce3 1 111 1 d9 1 1 111 1 0
3cbffff 1 0cf 1 f2 1 1 0da 1 0
000d890 1 12d 1 d8 1 1 12e 1 0
0008489 1 170 1 84 1 1 171 1 0
3a3ffff 1 0b6 1 e8 1 1 0c1 1 0
0005c79 0 0ea 1 b8 1 1 0ea 0 0
01dd52c 0 0d2 0 ee 1 1 0d8 0 0
000954b 0 117 1 95 0 1 118 0 0
2680000 0 0c2 1 9a 0 1 0cd 0 0
000669e 1 131 1 cd 0 1 131 1 0
227ffff 1 0ec 1 89 1 1 0f7 1 0
047dd4e 1 01b 0 8f 1 1 023 1 0
00093c5 0 118 1 93 1 1 119 0 0
000eb74 1 0a1 0 eb 0 1 0a2 1 0
00085e3 0 0e3 1 85 1 1 0e4 0 0
000d32c 0 0dd 1 d3 0 1 0de 0 0
0005429 1 0c6 1 a8 0 1 0c6 1 0
3080000 1 091 1 c2 0 1 09c 1 0
2f3ffff 0 084 1 bc 1 1 08f 0 0
000a954 1 0c1 1 a9 0 1 0c2 1 0
0008a09 0 0fc 1 8a 0 1 0fd 0 0
0007937 1 119 1 f2 0 1 119 1 0
004b063 0 0e7 0 96 0 1 0eb 0 0
0009017 1 02e 1 90 0 1 02f 1 0
0006f80 1 0a8 0 df 0 0 0a8 1 0
2300000 0 0a3 1 8c 0 1 0ae 0 0
0006144 0 0fe 1 c2 1 1 0fe 0 0
2cc0000 1 0e4 1 b3 0 1 0ef 1 0
33bffff 1 079 1 ce 1 1 084 1 0
000c0f0 1 13a 1 c0 1 1 13b 1 0
39fffff 0 068 1 e7 1 1 073 0 0
30fffff 1 0f0 1 c3 1 1 0fb 1 0
2c7ffff 0 06a 1 b1 1 1 075 0 0
3d00000 0 0af 1 f4 0 1 0ba 0 0
00077b4 1 05f 0 ef 0 1 05f 1 0
000dc53 1 124 1 dc 0 1 125 1 0
3280000 1 094 1 ca 0 1 09f 1 0
0009fa5 0 087 1 9f 1 1 088 0 0
2580000 0 007 1 96 0 1 012 0 0
006f070 1 024 0 de 0 1 028 1 0
00088c2 1 11f 1 88 1 1 120 1 0
2980000 1 0d2 1 a6 0 1 0dd 1 0
357ffff 1 0ad 1 d5 1 1 0b8 1 0
2bfffff 0 0a6 1 af 1 1 0b1 0 0
000940c 0 055 1 94 0 1 056 0 0
23fffff 0 0f1 1 8f 1 1 0fc 0 0
30c0000 0 0c7 1 c3 0 1 0d2 0 0
00086e0 1 06c 1 86 1 1 06d 1 0
0004eb3 0 0f2 1 9d 0 1 0f2 0 0
2600000 0 0f0 1 98 0 1 0fb 0 0
3940000 0 0da 1 e5 0 1 0e5 0 0
0005051 0 0e3 1 a0 1 1 0e3 0 0
3dc0000 1 0b3 1 f7 0 1 0be 1 0
0008371 0 11b 1 83 0 1 11c 0 0
00078db 0 094 1 f1 1 1 094 0 0
0009f60 1 044 1 9f 0 1 045 1 0
243ffff 0 08b 1 90 1 1 096 0 0
3a40000 0 0e6 1 e9 0 1 0f1 0 0
3500000 0 05d 1 d4 0 1 068 0 0
2780000 1 0ce 1 9e 0 1 0d9 1 0
0008777 1 0e9 1 87 0 1 0ea 1 0
0008597 0 132 1 85 1 1 133 0 0
2ac0000 0 0e8 1 ab 0 1 0f3 0 0
36bffff 0 0ba 1 da 1 1 0c5 0 0
000a710 0 10c 1 a7 0 1 10d 0 0
0318520 0 03c 0 c6 0 1 043 0 0
3c80000 1 06d 1 f2 0 1 078 1 0
0005215 0 0bc 1 a4 0 1 0bc 0 0
000d2ce 0 0c3 1 d2 1 1 0c4 0 0
00094b0 1 095 1 94 1 1 096 1 0
000c518 0 08f 1 c5 0 1 090 0 0
3e80000 1 0c7 1 fa 0 1 0d2 1 0
373ffff 0 046 1 dc 1 1 051 0 0
00076dd 1 09c 1 ed 1 1 09c 1 0
06d6ddd 1 0f4 0 da 1 1 0fc 1 0
2480000 0 0ab 1 92 0 1 0b6 0 0
0003ae6 0 091 0 eb 1 1 090 0 0
000ae27 1 0f1 1 ae 0 1 0f2 1 0
0008d00 0 0b6 1 8d 0 1 0b7 0 0
0005f82 1 0ae 1 bf 0 1 0ae 1 0
367ffff 0 0c9 1 d9 1 1 0d4 0 0
22bffff 1 00d 1 8a 1 1 018 1 0
00098f7 1 119 1 98 1 1 11a 1 0
3a80000 1 0b2 1 ea 0 1 0bd 1 0
2200000 1 0bc 1 88 0 1 0c7 1 0
000ac29 1 09c 1 ac 0 1 09d 1 0
3d7ffff 1 0ca 1 f5 1 1 0d5 1 0
2240000 0 0bf 1 89 0 1 0ca 0 0
00079c5 1 14e 1 f3 1 1 14e 1 0
2700000 0 0e9 1 9c 0 1 0f4 0 0
000c3e7 0 07c 1 c3 1 1 07d 0 0
28fffff 1 0ce 1 a3 1 1 0d9 1 0
000b4ba 0 0b9 1 b4 1 1 0ba 0 0
036155c 1 045 0 d8 0 1 04c 1 0
0008cb8 0 170 1 8c 1 1 171 0 0
0007d00 1 098 1 fa 0 1 098 1 0
2e40000 1 027 1 b9 0 1 032 1 0
0007834 1 0e4 1 f0 0 1 0e4 1 0
00078c2 1 098 1 f1 1 1 098 1 0
2c80000 0 062 1 b2 0 1 06d 0 0
000cb33 1 115 1 cb 0 1 116 1 0
36c0000 1 070 1 db 0 1 07b 1 0
000bf31 1 0f7 1 bf 0 1 0f8 1 0
1ffffff 1 059 1 ff 1 1 063 1 0
3440000 1 089 1 d1 0 1 094 1 0
2540000 1 012 1 95 0 1 01d 1 0
0008729 0 124 1 87 0 1 125 0 0
0007378 1 02f 0 e6 1 1 02f 1 0
0007e90 1 0a9 1 fd 0 1 0a9 1 0
000807a 0 0a0 1 80 0 1 0a1 0 0
3800000 1 0dd 1 e0 0 1 0e8 1 0
000a9c3 0 108 1 a9 1 1 109 0 0
2280000 0 0c3 1 8a 0 1 0ce 0 0
2dc0000 0 05d 1 b7 0 1 068 0 0
3e40000 1 0bc 1 f9 0 1 0c7 1 0
0006f60 0 093 1 de 1 1 093 0 0
3740000 1 0e1 1 dd 0 1 0ec 1 0
3e40000 0 090 1 f9 0 1 09b 0 0
000b251 0 0bb 1 b2 0 1 0bc 0 0
26fffff 1 0f3 1 9b 1 1 0fe 1 0
27c0000 1 0ef 1 9f 0 1 0fa 1 0
001524b 0 03f 0 a9 0 1 041 0 0
000dd21 1 082 1 dd 0 1 083 1 0
27fffff 0 0f3 1 9f 1 1 0fe 0 0
397ffff 0 02f 1 e5 1 1 03a 0 0
3f7ffff 1 0ca 1 fd 1 1 0d5 1 0
0008f40 1 12c 1 8f 0 1 12d 1 0
2a3ffff 0 074 1 a8 1 1 07f 0 0
000635c 1 0a8 1 c6 1 1 0a8 1 0
000d454 0 129 1 d4 0 1 12a 0 0
00077df 0 0d3 1 ef 1 1 0d3 0 0
00089bc 1 120 1 89 1 1 121 1 0
0006b66 1 0d7 1 d6 1 1 0d7 1 0
35fffff 0 0e4 1 d7 1 1 0ef 0 0
21c0000 0 096 1 87 0 1 0a1 0 0
000d916 1 0ce 1 d9 0 1 0cf 1 0
00069f1 0 089 1 d3 1 1 089 0 0
32bffff 1 0a0 1 ca 1 1 0ab 1 0
347ffff 0 06d 1 d1 1 1 078 0 0
000ab9a 1 075 1 ab 1 1 076 1 0
000ad07 1 135 1 ad 0 1 136 1 0
36c0000 1 0aa 1 db 0 1 0b5 1 0
313ffff 0 071 1 c4 1 1 07c 0 0
0006ee8 0 0ca 1 dd 1 1 0ca 0 0
0006608 0 081 1 cc 0 1 081 0 0
0008415 1 059 1 84 0 1 05a 1 0
0005070 1 044 0 a0 1 1 044 1 0
0006b2b 0 0e3 1 d6 0 1 0e3 0 0
2c80000 1 042 1 b2 0 1 04d 1 0
0005fb9 0 15e 1 bf 0 1 15e 0 0
217ffff 0 0d6 1 85 1 1 0e1 0 0
000a0e8 0 09d 1 a0 1 1 09e 0 0
000a240 1 15b 1 a2 0 1 15c 1 0
000a797 0 09f 1 a7 1 1 0a0 0 0
2a40000 0 0e0 1 a9 0 1 0eb 0 0
000773a 0 135 1 ee 0 1 135 0 0
3440000 0 089 1 d1 0 1 094 0 0
0287eac 0 098 0 a1 1 1 09f 0 0
32c0000 0 08d 1 cb 0 1 098 0 0
20fffff 0 03f 1 83 1 1 04a 0 0
0008e9c 0 07f 0 8e 1 1 080 0 0
387ffff 0 00e 1 e1 1 1 019 0 0
000b627 1 09f 1 b6 0 1 0a0 1 0
000b561 0 0c6 1 b5 0 1 0c7 0 0
000537f 1 0ef 1 a6 1 1 0ef 1 0
2980000 0 0f2 1 a6 0 1 0fd 0 0
0008951 0 03e 1 89 0 1 03f 0 0
000cacc 1 0bb 0 ca 1 1 0bc 1 0
0008af2 1 028 1 8a 1 1 029 1 0
0005876 1 0f3 1 b0 1 1 0f3 1 0
2800000 0 0ad 1 a0 0 1 0b8 0 0
383ffff 1 09e 1 e0 1 1 0a9 1 0
3bc0000 0 0e4 1 ef 0 1 0ef 0 0
3c80000 0 055 1 f2 0 1 060 0 0
20bffff 1 080 1 82 1 1 08b 1 0
000c3e1 1 0ba 1 c3 1 1 0bb 1 0
38fffff 0 081 1 e3 1 1 08c 0 0
00069b2 0 0f4 1 d3 0 1 0f4 0 0
3d40000 1 0cf 1 f5 0 1 0da 1 0
2dc0000 1 0c0 1 b7 0 1 0cb 1 0
0007d6e 0 0dc 1 fa 1 1 0dc 0 0
2980000 0 0a2 1 a6 0 1 0ad 0 0
3800000 0 064 1 e0 0 1 06f 0 0
0005655 0 045 1 ac 1 1 045 0 0
0009bb2 0 0dd 1 9b 1 1 0de 0 0
00e881e 0 0bb 0 e8 1 1 0c0 0 0
2ffffff 1 0d0 1 bf 1 1 0db 1 0
343ffff 0 0c6 1 d0 1 1 0d1 0 0
000b6ad 1 09a 1 b6 1 1 09b 1 0
00088b2 1 0a5 1 88 1 1 0a6 1 0
3b00000 1 080 1 ec 0 1 08b 1 0
367ffff 0 0f2 1 d9 1 1 0fd 0 0
2fbffff 1 0f3 1 be 1 1 0fe 1 0
2e80000 1 01a 1 ba 0 1 025 1 0
2d07421 1 043 0 b4 0 1 04e 1 0
00a5586 0 0b9 0 a5 0 1 0be 0 0
005e1b8 1 0ab 0 bc 0 1 0af 1 0
3900000 0 08f 1 e4 0 1 09a 0 0
3d7ffff 0 0c8 1 f5 1 1 0d3 0 0
0009913 1 0de 1 99 0 1 0df 1 0
000d0fd 1 0ac 1 d0 1 1 0ad 1 0
25fffff 1 07d 1 97 1 1 088 1 0
000a0f1 0 02e 1 a0 1 1 02f 0 0
2b40000 0 09c 1 ad 0 1 0a7 0 0
393ffff 1 0d3 1 e4 1 1 0de 1 0
0008538 0 129 1 85 0 1 12a 0 0
000a4f5 0 054 1 a4 1 1 055 0 0
3080000 1 0f2 1 c2 0 1 0fd 1 0
297ffff 1 013 1 a5 1 1 01e 1 0
000b370 0 0b8 1 b3 0 1 0b9 0 0
0008512 1 089 1 85 0 1 08a 1 0
3e00000 0 0df 1 f8 0 1 0ea 0 0
2880000 0 0de 1 a2 0 1 0e9 0 0
0006cf1 0 0e6 1 d9 1 1 0e6 0 0
000c4df 0 0f2 1 c4 1 1 0f3 0 0
015941a 1 053 0 ac 1 1 059 1 0
343ffff 1 07e 1 d0 1 1 089 1 0
39c0000 1 0cd 1 e7 0 1 0d8 1 0
25fffff 0 051 1 97 1 1 05c 0 0
2a3ffff 0 086 1 a8 1 1 091 0 0
0007f48 1 0e5 1 fe 1 1 0e5 1 0
3780000 1 00f 1 de 0 1 01a 1 0
38fffff 1 07e 1 e3 1 1 089 1 0
000b626 0 118 1 b6 0 1 119 0 0
0005b80 0 08e 1 b7 0 1 08e 0 0
00060c8 1 10f 1 c1 1 1 10f 1 0
3c40000 0 039 1 f1 0 1 044 0 0
000a238 0 0c5 1 a2 0 1 0c6 0 0
00076b0 0 0d3 1 ed 0 1 0d3 0 0
0007f6a 0 148 1 fe 1 1 148 0 0
0009c2f 1 109 1 9c 0 1 10a 1 0
0006edb 1 053 1 dd 1 1 053 1 0
2380000 0 057 1 8e 0 1 062 0 0
00059e0 1 0ba 1 b3 1 1 0ba 1 0
31bffff 1 0d2 1 c6 1 1 0dd 1 0
237ffff 0 0d0 1 8d 1 1 0db 0 0
00095de 1 0bc 1 95 1 1 0bd 1 0
0007c86 0 0ac 1 f9 0 1 0ac 0 0
00082ec 1 039 1 82 1 1 03a 1 0
3f3ffff 0 063 1 fc 1 1 06e 0 0
2b3ffff 1 09f 1 ac 1 1 0aa 1 0
00060dd 0 07a 1 c1 1 1 07a 0 0
00082f5 1 13d 1 82 1 1 13e 1 0
273ffff 1 0ae 1 9c 1 1 0b9 1 0
000a29d 0 054 1 a2 1 1 055 0 0
0008c05 0 0d9 1 8c 0 1 0da 0 0
3efffff 0 0e1 1 fb 1 1 0ec 0 0
267ffff 0 0ac 1 99 1 1 0b7 0 0
2500000 1 0d9 1 94 0 1 0e4 1 0
00070e3 1 0b1 1 e1 1 1 0b1 1 0
0006a52 0 0b9 1 d4 1 1 0b9 0 0
3100000 1 09e 1 c4 0 1 0a9 1 0
3240000 1 0e9 1 c9 0 1 0f4 1 0
000a636 1 07c 1 a6 0 1 07d 1 0
000b7c0 1 10f 1 b7 1 1 110 1 0
20c0000 0 096 1 83 0 1 0a1 0 0
000a778 0 096 1 a7 0 1 097 0 0
2c40000 1 020 1 b1 0 1 02b 1 0
3dbffff 0 05c 1 f6 1 1 067 0 0
3f40000 0 0d4 1 fd 0 1 0df 0 0
3d00000 0 0dd 1 f4 0 1 0e8 0 0
0006e4c 1 0b5 1 dc 1 1 0b5 1 0
3e80000 1 007 1 fa 0 1 012 1 0
0008c45 0 0bc 1 8c 0 1 0bd 0 0
3180000 0 036 1 c6 0 1 041 0 0
2e00000 0 0af 1 b8 0 1 0ba 0 0
000d6b8 0 059 1 d6 1 1 05a 0 0
00089b8 1 07a 1 89 1 1 07b 1 0
00075e0 1 064 1 eb 1 1 064 1 0
3240000 1 0df 1 c9 0 1 0ea 1 0
23c0000 1 0d5 1 8f 0 1 0e0 1 0
00062b1 1 0db 1 c5 0 1 0db 1 0
0008759 1 083 1 87 0 1 084 1 0
0007e20 0 0e7 1 fc 0 1 0e7 0 0
37bffff 0 076 1 de 1 1 081 0 0
0007710 0 13d 1 ee 0 1 13d 0 0
2c7ffff 1 08f 1 b1 1 1 09a 1 0
367ffff 1 0db 1 d9 1 1 0e6 1 0
3480000 1 08e 1 d2 0 1 099 1 0
0008b33 0 0f7 1 8b 0 1 0f8 0 0
0007a3a 0 10c 1 f4 0 1 10c 0 0
39c0000 1 09d 1 e7 0 1 0a8 1 0
000a509 0 0fa 1 a5 0 1 0fb 0 0
000587a 0 0e5 1 b0 1 1 0e5 0 0
03c846e 0 0d3 0 f2 0 1 0da 0 0
000697b 1 0e2 1 d2 1 1 0e2 1 0
000677f 0 120 1 ce 1 1 120 0 0
2280000 0 0a6 1 8a 0 1 0b1 0 0
26fffff 1 0cf 1 9b 1 1 0da 1 0
3c7ffff 1 069 1 f1 1 1 074 1 0
397ffff 0 0db 1 e5 1 1 0e6 0 0
000ed30 0 085 1 ed 0 1 086 0 0
247ffff 1 090 1 91 1 1 09b 1 0
000bea0 0 11d 1 be 1 1 11e 0 0
2240000 0 0c9 1 89 0 1 0d4 0 0
227ffff 1 055 1 89 1 1 060 1 0
000e1c6 0 0cb 1 e1 1 1 0cc 0 0
28bffff 1 093 1 a2 1 1 09e 1 0
2640000 1 0e5 1 99 0 1 0f0 1 0
00062c0 1 098 1 c5 1 1 098 1 0
000d068 1 09b 1 d0 0 1 09c 1 0
2680000 1 06d 1 9a 0 1 078 1 0
213ffff 1 04c 1 84 1 1 057 1 0
2780000 0 09f 1 9e 0 1 0aa 0 0
000a8cf 0 0c6 1 a8 1 1 0c7 0 0
00084bf 1 110 1 84 1 1 111 1 0
0009c8a 0 0a2 1 9c 1 1 0a3 0 0
263ffff 0 06a 1 98 1 1 075 0 0
2300000 1 08f 1 8c 0 1 09a 1 0
00062aa 0 103 1 c5 0 1 103 0 0
0005910 1 110 1 b2 0 1 110 1 0
3fc0000 0 0e8 1 ff 0 1 0f3 0 0
2b00000 0 02c 1 ac 0 1 037 0 0
2140000 0 0cc 1 85 0 1 0d7 0 0
2f00000 1 056 1 bc 0 1 061 1 0
2cbffff 1 0e3 1 b2 1 1 0ee 1 0
0006b4f 1 0a0 1 d6 1 1 0a0 1 0
0006917 1 10d 1 d2 0 1 10d 1 0
33c0000 1 0e7 1 cf 0 1 0f2 1 0
2e80000 0 00f 1 ba 0 1 01a 0 0
00056c0 1 045 0 ad 1 0 045 1 0
00079e2 0 018 1 f3 1 1 018 0 0
000767f 1 0ae 1 ec 1 1 0ae 1 0
3d3ffff 1 0aa 1 f4 1 1 0b5 1 0
293ffff 0 02a 1 a4 1 1 035 0 0
3d40000 0 0ec 1 f5 0 1 0f7 0 0
000c49f 0 0c0 1 c4 1 1 0c1 0 0
0009f15 0 095 1 9f 0 1 096 0 0
3b7ffff 1 033 1 ed 1 1 03e 1 0
243ffff 1 0db 1 90 1 1 0e6 1 0
000664b 1 0f9 1 cc 1 1 0f9 1 0
000c0d8 1 0cc 1 c0 1 1 0cd 1 0
263ffff 1 03d 1 98 1 1 048 1 0
000a9f9 1 04b 0 a9 1 1 04c 1 0
0008e1b 0 06d 1 8e 0 1 06e 0 0
30fffff 0 0e1 1 c3 1 1 0ec 0 0
004df3e 0 06d 0 9b 1 1 071 0 0
00d2ac8 0 047 0 d2 1 1 04c 0 0
3440000 1 057 1 d1 0 1 062 1 0
000b574 1 0db 1 b5 0 1 0dc 1 0
000b301 0 0d5 1 b3 0 1 0d6 0 0
3e7ffff 0 0e5 1 f9 1 1 0f0 0 0
0007a3f 1 0ec 1 f4 0 1 0ec 1 0
3dbffff 0 3fc 1 f6 1 1 007 0 0
3400000 1 0d2 1 d0 0 1 0dd 1 0
207ffff 0 0f3 1 81 1 1 0fe 0 0
000b129 1 0aa 0 b1 0 1 0ab 1 0
0009918 1 125 1 99 0 1 126 1 0
2c7ffff 1 0cc 1 b1 1 1 0d7 1 0
0005000 0 13e 1 a0 0 1 13e 0 0
000835f 1 059 1 83 0 1 05a 1 0
000df73 0 10e 1 df 0 1 10f 0 0
0d5952f 1 0df 0 d5 1 1 0e8 1 0
000565a 0 034 0 ac 1 1 034 0 0
00067c4 1 16d 1 cf 1 1 16d 1 0
000747b 1 112 1 e8 1 1 112 1 0
0007b63 0 162 1 f6 1 1 162 0 0
3840000 0 0ee 1 e1 0 1 0f9 0 0
3b3ffff 0 0c4 1 ec 1 1 0cf 0 0
000bfa4 0 08c 1 bf 1 1 08d 0 0
000e2d7 0 10f 1 e2 1 1 110 0 0
0006dd8 1 0b7 1 db 1 1 0b7 1 0
2a7ffff 0 0bd 1 a9 1 1 0c8 0 0
000d980 0 135 1 d9 1 1 136 0 0
00080d4 0 0e8 1 80 1 1 0e9 0 0
0008f8d 0 06c 1 8f 1 1 06d 0 0
0007ff8 0 05d 1 ff 1 1 05d 0 0
3efffff 1 097 1 fb 1 1 0a2 1 0
387ffff 1 091 1 e1 1 1 09c 1 0
1477e50 0 0c5 0 a3 1 1 0cf 0 0
35fffff 0 059 1 d7 1 1 064 0 0
0008396 1 082 1 83 1 1 083 1 0
000b8b5 1 170 1 b8 1 1 171 1 0
24bffff 1 043 1 92 1 1 04e 1 0
2a7ffff 0 09d 1 a9 1 1 0a8 0 0
2880000 1 0d3 1 a2 0 1 0de 1 0
000d10f 0 0f7 1 d1 0 1 0f8 0 0
000a5bf 1 12d 1 a5 1 1 12e 1 0
2d7ffff 1 0d5 1 b5 1 1 0e0 1 0
21fffff 0 05c 1 87 1 1 067 0 0
24c0000 1 08b 1 93 0 1 096 1 0
3200000 0 08c 1 c8 0 1 097 0 0
36bffff 1 019 1 da 1 1 024 1 0
28c0000 0 3fa 1 a3 0 1 005 0 0
0008dbf 1 131 1 8d 1 1 132 1 0
000918c 1 157 1 91 1 1 158 1 0
000c6d7 0 06a 1 c6 1 1 06b 0 0
2c7ffff 1 0c1 1 b1 1 1 0cc 1 0
2b00000 1 0a5 1 ac 0 1 0b0 1 0
000e531 0 0c8 1 e5 0 1 0c9 0 0
253ffff 1 0e2 1 94 1 1 0ed 1 0
23fffff 0 0a8 1 8f 1 1 0b3 0 0
3f40000 1 0df 1 fd 0 1 0ea 1 0
00067ff 1 123 1 cf 1 1 123 1 0
0008441 0 08f 1 84 0 1 090 0 0
32bffff 1 0b0 1 ca 1 1 0bb 1 0
00073e1 0 0ba 1 e7 1 1 0ba 0 0
22c0000 0 0de 1 8b 0 1 0e9 0 0
2c80000 1 05e 1 b2 0 1 069 1 0
00061fd 1 0f2 1 c3 1 1 0f2 1 0
00066a8 0 044 1 cd 0 1 044 0 0
0006cff 1 108 1 d9 1 1 108 1 0
2c7ffff 1 0e2 1 b1 1 1 0ed 1 0
0006969 0 0ae 1 d2 1 1 0ae 0 0
0007ff4 0 0f4 1 ff 1 1 0f4 0 0
00085fe 0 053 1 85 1 1 054 0 0
000966e 1 05a 0 96 0 1 05b 1 0
34bffff 1 0dd 1 d2 1 1 0e8 1 0
3e7ffff 1 0f1 1 f9 1 1 0fc 1 0
00084f4 0 0e1 1 84 1 1 0e2 0 0
3afffff 0 0c3 1 eb 1 1 0ce 0 0
3540000 0 080 1 d5 0 1 08b 0 0
00052f3 0 0c2 1 a5 1 1 0c2 0 0
000c5a7 0 111 1 c5 1 1 112 0 0
0005c03 1 076 1 b8 0 1 076 1 0
0009630 1 0e9 1 96 0 1 0ea 1 0
2afffff 0 0d2 1 ab 1 1 0dd 0 0
000c2c5 0 09a 1 c2 1 1 09b 0 0
2580000 0 077 1 96 0 1 082 0 0
000a170 1 0ac 0 a1 0 1 0ad 1 0
3dc0000 0 0d6 1 f7 0 1 0e1 0 0
000db58 1 0ff 1 db 0 1 100 1 0
000a15e 0 093 1 a1 0 1 094 0 0
0006024 1 047 1 c0 0 1 047 1 0
000724c 1 119 1 e4 1 1 119 1 0
3880000 0 0db 1 e2 0 1 0e6 0 0
00087db 1 04c 1 87 1 1 04d 1 0
2540000 0 0e9 1 95 0 1 0f4 0 0
000a68f 0 086 1 a6 1 1 087 0 0
000a5c0 1 119 1 a5 1 1 11a 1 0
0008ee4 1 100 1 8e 1 1 101 1 0
000a746 1 0e8 1 a7 0 1 0e9 1 0
39bffff 0 0b0 1 e6 1 1 0bb 0 0
3ebffff 1 0aa 1 fa 1 1 0b5 1 0
0008aef 0 079 1 8a 1 1 07a 0 0
0008faf 0 10f 1 8f 1 1 110 0 0
0004283 0 14a 1 85 0 1 14a 0 0
3ebffff 1 068 1 fa 1 1 073 1 0
00070b6 0 066 1 e1 0 1 066 0 0
337ffff 0 056 1 cd 1 1 061 0 0
0008249 0 12c 1 82 0 1 12d 0 0
267ffff 1 0ca 1 99 1 1 0d5 1 0
000e916 1 0b1 1 e9 0 1 0b2 1 0
000f70e 1 0c0 1 f7 0 1 0c1 1 0
000a4ef 0 050 1 a4 1 1 051 0 0
2600000 0 05b 1 98 0 1 066 0 0
0009cae 1 150 1 9c 1 1 151 1 0
000c9f4 1 04d 1 c9 1 1 04e 1 0
000c0ab 1 0fc 1 c0 1 1 0fd 1 0
3f7ffff 0 047 1 fd 1 1 052 0 0
317ffff 0 0b6 1 c5 1 1 0c1 0 0
000731d 0 0f1 1 e6 0 1 0f1 0 0
21fffff 0 052 1 87 1 1 05d 0 0
3bfffff 0 0c1 1 ef 1 1 0cc 0 0
0005344 0 0ff 1 a6 1 1 0ff 0 0
0005bf4 1 118 1 b7 1 1 118 1 0
000b645 0 106 1 b6 0 1 107 0 0
0007061 1 089 0 e0 1 1 089 1 0
357ffff 1 0a0 1 d5 1 1 0ab 1 0
31bffff 0 060 1 c6 1 1 06b 0 0
00084e4 1 0c6 1 84 1 1 0c7 1 0
000abbe 0 074 1 ab 1 1 075 0 0
0006e9f 0 097 1 dd 0 1 097 0 0
000d0a2 1 049 1 d0 1 1 04a 1 0
2c00000 1 037 1 b0 0 1 042 1 0
2840000 1 097 1 a1 0 1 0a2 1 0
367ffff 1 0bf 1 d9 1 1 0ca 1 0
000c3f7 1 094 1 c3 1 1 095 1 0
3b3ffff 0 0ab 1 ec 1 1 0b6 0 0
0007af9 1 087 1 f5 1 1 087 1 0
20c0000 1 0b8 1 83 0 1 0c3 1 0
0006a7a 1 031 1 d4 1 1 031 1 0
343ffff 0 047 1 d0 1 1 052 0 0
3bc0000 1 026 1 ef 0 1 031 1 0
000669c 0 136 1 cd 0 1 136 0 0
280911a 1 030 0 a0 0 1 03b 1 0
3afffff 0 3f8 1 eb 1 1 003 0 0
343ffff 0 0ec 1 d0 1 1 0f7 0 0
237ffff 0 083 1 8d 1 1 08e 0 0
3240000 0 0e9 1 c9 0 1 0f4 0 0
283ffff 0 0d1 1 a0 1 1 0dc 0 0
397ffff 1 0d4 1 e5 1 1 0df 1 0
00053d3 1 0bb 1 a7 1 1 0bb 1 0
00063b3 1 0ba 1 c7 0 1 0ba 1 0
05c07dc 0 053 0 b8 0 1 05b 0 0
000a73c 1 14d 1 a7 0 1 14e 1 0
000ceb7 1 082 1 ce 1 1 083 1 0
00078fb 0 0cf 1 f1 1 1 0cf 0 0
32c0000 0 0c5 1 cb 0 1 0d0 0 0
0006705 1 130 1 ce 0 1 130 1 0
00093cb 0 118 1 93 1 1 119 0 0
1a132b0 1 0f2 0 d0 1 1 0fc 1 0
00070da 0 0a3 1 e1 1 1 0a3 0 0
277ffff 0 0c0 1 9d 1 1 0cb 0 0
3980000 1 0db 1 e6 0 1 0e6 1 0
3cfffff 0 05b 1 f3 1 1 066 0 0
3840000 1 0da 1 e1 0 1 0e5 1 0
000b292 1 14b 1 b2 1 1 14c 1 0
3240000 0 0d3 1 c9 0 1 0de 0 0
3480000 0 094 1 d2 0 1 09f 0 0
2940000 1 037 1 a5 0 1 042 1 0
3a00000 1 0e6 1 e8 0 1 0f1 1 0
00069cb 0 05b 1 d3 1 1 05b 0 0
000960f 0 0f7 1 96 0 1 0f8 0 0
00091f9 0 084 1 91 1 1 085 0 0
000847c 0 04d 1 84 0 1 04e 0 0
28bffff 1 0a1 1 a2 1 1 0ac 1 0
0007783 1 100 1 ef 0 1 100 1 0
3440000 0 00e 1 d1 0 1 019 0 0
000c590 0 101 1 c5 1 1 102 0 0
000af3f 1 066 1 af 0 1 067 1 0
267ffff 0 00b 1 99 1 1 016 0 0
3600000 0 0d0 1 d8 0 1 0db 0 0
363ffff 1 0a4 1 d8 1 1 0af 1 0
0009173 0 054 1 91 0 1 055 0 0
0006b17 1 0e3 1 d6 0 1 0e3 1 0
0004ef7 1 0c9 1 9d 1 1 0c9 1 0
2580000 0 058 1 96 0 1 063 0 0
00092de 1 0a2 1 92 1 1 0a3 1 0
000ab30 1 0c2 1 ab 0 1 0c3 1 0
0004cc2 1 0ed 1 99 1 1 0ed 1 0
3200000 0 024 1 c8 0 1 02f 0 0
0010328 1 07f 0 81 1 1 081 1 0
3fbffff 0 0e6 1 fe 1 1 0f1 0 0
00088ec 0 069 1 88 1 1 06a 0 0
000a18f 0 164 1 a1 1 1 165 0 0
3b00000 1 0dc 1 ec 0 1 0e7 1 0
3fc0000 1 0c0 1 ff 0 1 0cb 1 0
000dbd1 1 109 1 db 1 1 10a 1 0
32c0000 0 0a4 1 cb 0 1 0af 0 0
000c127 0 130 1 c1 0 1 131 0 0
000624e 0 07d 1 c4 1 1 07d 0 0
263ffff 0 05a 1 98 1 1 065 0 0
00088c7 0 0e9 1 88 1 1 0ea 0 0
000836a 0 0de 1 83 0 1 0df 0 0
0007e53 0 030 1 fc 1 1 030 0 0
3580000 0 0b0 1 d6 0 1 0bb 0 0
3d40000 1 0d0 1 f5 0 1 0db 1 0
000bc66 1 067 1 bc 0 1 068 1 0
0006ca0 1 0ff 1 d9 0 1 0ff 1 0
2580000 1 023 1 96 0 1 02e 1 0
00072e1 0 0d8 1 e5 1 1 0d8 0 0
36bffff 1 086 1 da 1 1 091 1 0
000d1dc 0 0ed 1 d1 1 1 0ee 0 0
000abe3 0 106 1 ab 1 1 107 0 0
0008aa7 0 0dc 1 8a 1 1 0dd 0 0
0005216 1 0b4 1 a4 0 1 0b4 1 0
3340000 1 0c4 1 cd 0 1 0cf 1 0
000a53b 1 0b9 1 a5 0 1 0ba 1 0
33bffff 1 0b4 1 ce 1 1 0bf 1 0
3a80000 1 0b9 1 ea 0 1 0c4 1 0
297ffff 0 0d4 1 a5 1 1 0df 0 0
28fffff 1 0e2 1 a3 1 1 0ed 1 0
0005211 1 0c6 1 a4 0 1 0c6 1 0
00054f6 1 119 1 a9 1 1 119 1 0
00092ff 0 15e 1 92 1 1 15f 0 0
0008337 0 10b 1 83 0 1 10c 0 0
000ce8c 0 09b 1 ce 1 1 09c 0 0
28bffff 0 0ea 1 a2 1 1 0f5 0 0
000754d 0 08a 1 ea 1 1 08a 0 0
00090f3 0 125 1 90 1 1 126 0 0
0007bc3 0 105 1 f7 1 1 105 0 0
0009d43 0 110 1 9d 0 1 111 0 0
373ffff 0 0e9 1 dc 1 1 0f4 0 0
0006ab5 1 124 1 d5 0 1 124 1 0
2d7ffff 0 0a0 1 b5 1 1 0ab 0 0
33bffff 0 056 1 ce 1 1 061 0 0
0006777 0 07a 1 ce 1 1 07a 0 0
000eb13 1 11d 1 eb 0 1 11e 1 0
3f00000 1 0be 1 fc 0 1 0c9 1 0
343ffff 1 0e1 1 d0 1 1 0ec 1 0
233ffff 1 0cb 1 8c 1 1 0d6 1 0
00062df 1 035 1 c5 1 1 035 1 0
23bffff 0 0de 1 8e 1 1 0e9 0 0
3640000 0 05f 1 d9 0 1 06a 0 0
3280000 0 0d8 1 ca 0 1 0e3 0 0
0007770 1 119 1 ee 1 1 119 1 0
0008240 1 159 1 82 0 1 15a 1 0
3e40000 1 036 1 f9 0 1 041 1 0
34fffff 0 0b5 1 d3 1 1 0c0 0 0
2c40000 1 0d8 1 b1 0 1 0e3 1 0
0007f98 0 0c2 1 ff 0 1 0c2 0 0
00086f0 1 049 0 86 1 1 04a 1 0
0007b3c 0 067 1 f6 0 1 067 0 0
000bfe5 0 0c4 1 bf 1 1 0c5 0 0
00093e0 0 12f 1 93 1 1 130 0 0
3080000 1 043 1 c2 0 1 04e 1 0
0006765 0 0f9 1 ce 1 1 0f9 0 0
2b7ffff 0 082 1 ad 1 1 08d 0 0
0006812 1 0c0 1 d0 0 1 0c0 1 0
000678d 0 088 0 cf 0 1 088 0 0
00078ea 0 0b3 1 f1 1 1 0b3 0 0
0005f98 0 06e 1 bf 0 1 06e 0 0
2c00000 1 3fa 1 b0 0 1 005 1 0
000b050 0 048 1 b0 0 1 049 0 0
3680000 1 083 1 da 0 1 08e 1 0
000c30c 0 0fe 1 c3 0 1 0ff 0 0
002b533 0 013 0 ad 0 1 016 0 0
000e460 0 14f 1 e4 0 1 150 0 0
2dbffff 0 0cd 1 b6 1 1 0d8 0 0
00092dc 0 14e 1 92 1 1 14f 0 0
00085e0 1 10d 1 85 1 1 10e 1 0
0008ed4 1 028 1 8e 1 1 029 1 0
000876f 0 079 1 87 0 1 07a 0 0
0006c1a 1 0d8 1 d8 0 1 0d8 1 0
28fffff 1 0ed 1 a3 1 1 0f8 1 0
2bbffff 0 0d9 1 ae 1 1 0e4 0 0
000b4b0 0 128 1 b4 1 1 129 0 0
00081c4 0 0f9 1 81 1 1 0fa 0 0
0009b9f 0 0b3 1 9b 1 1 0b4 0 0
000969c 1 0ae 1 96 1 1 0af 1 0
3780000 0 05e 1 de 0 1 069 0 0
0008ba9 0 13f 1 8b 1 1 140 0 0
2800000 1 05b 1 a0 0 1 066 1 0
3c3ffff 0 0d5 1 f0 1 1 0e0 0 0
00079e0 1 102 1 f3 1 1 102 1 0
000b952 0 063 1 b9 0 1 064 0 0
3abffff 1 3fa 1 ea 1 1 005 1 0
0007290 0 0d1 1 e5 0 1 0d1 0 0
000555e 0 0cf 1 aa 1 1 0cf 0 0
23bffff 0 08f 1 8e 1 1 09a 0 0
000dc1e 0 0e8 1 dc 0 1 0e9 0 0
0008c1f 0 05c 1 8c 0 1 05d 0 0
21bffff 1 055 1 86 1 1 060 1 0
000baaf 1 0db 1 ba 1 1 0dc 1 0
0005069 1 0e8 1 a0 1 1 0e8 1 0
000a8f7 1 06c 1 a8 1 1 06d 1 0
00098c1 0 058 1 98 1 1 059 0 0
3b7ffff 0 093 1 ed 1 1 09e 0 0
307ffff 0 063 1 c1 1 1 06e 0 0
00068e7 0 14b 1 d1 1 1 14b 0 0
0009e7b 1 065 1 9e 0 1 066 1 0
0007a73 0 025 0 f4 1 1 025 0 0
025a42e 1 083 0 96 1 1 08a 1 0
263ffff 0 0e6 1 98 1 1 0f1 0 0
0008ae8 0 0a9 1 8a 1 1 0aa 0 0
3480000 1 088 1 d2 0 1 093 1 0
000506f 1 0d6 1 a0 1 1 0d6 1 0
327ffff 0 066 1 c9 1 1 071 0 0
000a7d6 1 0fa 1 a7 1 1 0fb 1 0
3300000 1 083 1 cc 0 1 08e 1 0
0009b64 1 121 1 9b 0 1 122 1 0
000635e 1 096 0 c6 1 1 096 1 0
3c3ffff 1 089 1 f0 1 1 094 1 0
3bbffff 1 093 1 ee 1 1 09e 1 0
0008a20 1 04b 1 8a 0 1 04c 1 0
000b336 0 0a8 1 b3 0 1 0a9 0 0
3680000 0 0e4 1 da 0 1 0ef 0 0
000783b 0 0a2 1 f0 0 1 0a2 0 0
2f00000 0 0a4 1 bc 0 1 0af 0 0
0004e72 0 0dd 1 9c 1 1 0dd 0 0
3380000 0 090 1 ce 0 1 09b 0 0
0007b83 1 165 1 f7 0 1 165 1 0
24bffff 0 087 1 92 1 1 092 0 0
0007513 1 093 1 ea 0 1 093 1 0
000b403 0 054 1 b4 0 1 055 0 0
0008289 1 15e 1 82 1 1 15f 1 0
000d1c1 0 092 0 d1 1 1 093 0 0
0009c3f 1 03d 1 9c 0 1 03e 1 0
000d314 1 0f6 1 d3 0 1 0f7 1 0
0006e11 0 159 1 dc 0 1 159 0 0
0008a0c 0 0e9 1 8a 0 1 0ea 0 0
267ffff 1 0d9 1 99 1 1 0e4 1 0
20fffff 0 0c6 1 83 1 1 0d1 0 0
27fffff 1 03d 1 9f 1 1 048 1 0
0009fa5 0 0de 1 9f 1 1 0df 0 0
22fffff 0 0e0 1 8b 1 1 0eb 0 0
0004fe1 0 139 1 9f 1 1 139 0 0
0006992 0 081 1 d3 0 1 081 0 0
000a1c6 1 0c6 1 a1 1 1 0c7 1 0
00063df 0 0db 1 c7 1 1 0db 0 0
0006f5a 0 04a 0 de 1 1 04a 0 0
2b40000 1 097 1 ad 0 1 0a2 1 0
0007e53 1 0d5 1 fc 1 1 0d5 1 0
37fffff 0 0c1 1 df 1 1 0cc 0 0
3540000 1 0c8 1 d5 0 1 0d3 1 0
0006e90 1 0c3 1 dd 0 1 0c3 1 0
0007983 1 0ac 1 f3 0 1 0ac 1 0
35fffff 0 05d 1 d7 1 1 068 0 0
0007161 0 148 1 e2 1 1 148 0 0
2d40000 1 0a8 1 b5 0 1 0b3 1 0
3b7ffff 1 0f3 1 ed 1 1 0fe 1 0
00077a0 0 105 1 ef 0 1 105 0 0
000e2e0 1 100 1 e2 1 1 101 1 0
0008ca0 1 125 1 8c 1 1 126 1 0
3cc0000 0 0c5 1 f3 0 1 0d0 0 0
2400000 1 0be 1 90 0 1 0c9 1 0
2b40000 1 017 1 ad 0 1 022 1 0
00085df 0 0e5 1 85 1 1 0e6 0 0
2f80000 1 0a9 1 be 0 1 0b4 1 0
3abffff 1 007 1 ea 1 1 012 1 0
0005702 1 0e4 1 ae 0 1 0e4 1 0
000952f 0 07e 1 95 0 1 07f 0 0
31c0000 0 0b4 1 c7 0 1 0bf 0 0
30c0000 1 0e1 1 c3 0 1 0ec 1 0
2780000 0 0ce 1 9e 0 1 0d9 0 0
3f00000 0 05e 1 fc 0 1 069 0 0
0006209 0 0a0 1 c4 0 1 0a0 0 0
273ffff 1 0e7 1 9c 1 1 0f2 1 0
0009f5b 0 16c 1 9f 0 1 16d 0 0
2ac0000 0 0e0 1 ab 0 1 0eb 0 0
000a6f0 0 091 0 a6 1 1 092 0 0
33c0000 0 0ef 1 cf 0 1 0fa 0 0
28bffff 0 087 1 a2 1 1 092 0 0
2f3ffff 1 0ad 1 bc 1 1 0b8 1 0
0009057 1 103 1 90 0 1 104 1 0
0005a1c 1 044 1 b4 0 1 044 1 0
2dfffff 1 00f 1 b7 1 1 01a 1 0
0009e37 1 104 1 9e 0 1 105 1 0
000ed59 0 0a4 1 ed 0 1 0a5 0 0
313ffff 0 0ba 1 c4 1 1 0c5 0 0
3700000 0 05f 1 dc 0 1 06a 0 0
0008e78 1 116 1 8e 0 1 117 1 0
3000000 0 0a2 1 c0 0 1 0ad 0 0
253ffff 1 0d1 1 94 1 1 0dc 1 0
018ea18 0 0b0 0 c7 0 1 0b6 0 0
287ffff 0 09f 1 a1 1 1 0aa 0 0
0007ff7 0 0f0 1 ff 1 1 0f0 0 0
000515c 0 108 1 a2 1 1 108 0 0
000a3b8 1 078 1 a3 1 1 079 1 0
3dfffff 0 0c9 1 f7 1 1 0d4 0 0
223ffff 0 0b4 1 88 1 1 0bf 0 0
307ffff 1 078 1 c1 1 1 083 1 0
000599c 1 12c 1 b3 0 1 12c 1 0
2900000 0 03b 1 a4 0 1 046 0 0
2e00000 1 0f3 1 b8 0 1 0fe 1 0
3cbffff 1 0d7 1 f2 1 1 0e2 1 0
000a2b2 0 08b 1 a2 1 1 08c 0 0
3fc0000 0 06c 1 ff 0 1 077 0 0
0006612 1 100 1 cc 0 1 100 1 0
0008f70 1 160 1 8f 0 1 161 1 0
20fffff 0 0e1 1 83 1 1 0ec 0 0
0008c5d 0 152 1 8c 0 1 153 0 0
2cfffff 1 0ae 1 b3 1 1 0b9 1 0
204b628 0 0bb 0 81 0 1 0c6 0 0
000c485 1 0d1 1 c4 1 1 0d2 1 0
000732c 1 09a 1 e6 0 1 09a 1 0
3c00000 0 0ce 1 f0 0 1 0d9 0 0
000a29d 0 0e9 1 a2 1 1 0ea 0 0
0005287 1 160 1 a5 0 1 160 1 0
0007d6d 1 158 1 fa 1 1 158 1 0
257ffff 1 0da 1 95 1 1 0e5 1 0
2efffff 0 0bf 1 bb 1 1 0ca 0 0
367ffff 0 046 1 d9 1 1 051 0 0
267ffff 0 015 1 99 1 1 020 0 0
35bffff 0 0d2 1 d6 1 1 0dd 0 0
000fd01 1 11e 1 fd 0 1 11f 1 0
223ffff 1 0a3 1 88 1 1 0ae 1 0
387ffff 1 09a 1 e1 1 1 0a5 1 0
2140000 0 089 1 85 0 1 094 0 0
0009398 1 040 1 93 1 1 041 1 0
00085ac 0 0ef 1 85 1 1 0f0 0 0
29bffff 1 06a 1 a6 1 1 075 1 0
2940000 0 0e7 1 a5 0 1 0f2 0 0
283ffff 0 006 1 a0 1 1 011 0 0
27c0000 1 0ce 1 9f 0 1 0d9 1 0
0009ba3 0 10f 1 9b 1 1 110 0 0
000d5e2 1 0be 1 d5 1 1 0bf 1 0
247ffff 0 071 1 91 1 1 07c 0 0
2ebffff 0 0ba 1 ba 1 1 0c5 0 0
2bc0000 1 089 0 af 0 0 094 1 0
000ac58 1 06a 1 ac 0 1 06b 1 0
0005bb5 0 0e8 1 b7 0 1 0e8 0 0
3900000 1 041 1 e4 0 1 04c 1 0
000c530 1 0aa 1 c5 0 1 0ab 1 0
2f7ffff 1 09e 1 bd 1 1 0a9 1 0
3c3ffff 1 0dc 1 f0 1 1 0e7 1 0
2580000 1 09a 1 96 0 1 0a5 1 0
000ac62 0 0f1 0 ac 0 1 0f2 0 0
3dfffff 1 0ca 1 f7 1 1 0d5 1 0
07098c1 0 0e5 0 e1 0 1 0ed 0 0
000d281 0 11a 1 d2 1 1 11b 0 0
31c0000 1 07b 1 c7 0 1 086 1 0
38fffff 0 3fa 1 e3 1 1 005 0 0
37fffff 1 0f2 1 df 1 1 0fd 1 0
34bffff 1 057 1 d2 1 1 062 1 0
000807e 1 0dc 1 80 0 1 0dd 1 0
3cc0000 1 3fc 1 f3 0 1 007 1 0
000ba45 1 0ae 1 ba 0 1 0af 1 0
213ffff 1 074 1 84 1 1 07f 1 0
000880b 1 0f1 1 88 0 1 0f2 1 0
343ffff 1 08e 1 d0 1 1 099 1 0
3540000 0 029 1 d5 0 1 034 0 0
000d1b0 1 122 1 d1 1 1 123 1 0
2340000 0 0c9 1 8d 0 1 0d4 0 0
34fffff 1 097 1 d3 1 1 0a2 1 0
32c0000 0 04d 1 cb 0 1 058 0 0
0008a1e 1 034 1 8a 0 1 035 1 0
2100000 0 0b5 1 84 0 1 0c0 0 0
2ffffff 0 074 1 bf 1 1 07f 0 0
000e93c 0 0f7 1 e9 0 1 0f8 0 0
0009735 0 086 1 97 0 1 087 0 0
0009e61 0 118 1 9e 0 1 119 0 0
30fffff 1 0be 1 c3 1 1 0c9 1 0
2c80000 1 0cd 1 b2 0 1 0d8 1 0
0007a58 1 07e 1 f4 1 1 07e 1 0
000690c 1 0b7 1 d2 0 1 0b7 1 0
0005580 0 093 1 ab 0 1 093 0 0
000994c 0 15e 1 99 0 1 15f 0 0
3d40000 1 0d9 1 f5 0 1 0e4 1 0
217ffff 1 0d9 1 85 1 1 0e4 1 0
00098f8 1 0ee 1 98 1 1 0ef 1 0
3280000 0 0c2 1 ca 0 1 0cd 0 0
347ffff 1 0e1 1 d1 1 1 0ec 1 0
0008623 0 059 1 86 0 1 05a 0 0
000937f 1 0a8 1 93 0 1 0a9 1 0
0008662 0 024 1 86 0 1 025 0 0
000b9a4 0 048 1 b9 1 1 049 0 0
3d40000 1 0a4 1 f5 0 1 0af 1 0
000b327 0 0d5 1 b3 0 1 0d6 0 0
0008fc9 0 016 0 8f 1 1 017 0 0
3800000 1 0d1 1 e0 0 1 0dc 1 0
0009b39 1 0c1 1 9b 0 1 0c2 1 0
28c0000 1 0ce 1 a3 0 1 0d9 1 0
000cbe8 1 08c 1 cb 1 1 08d 1 0
37fffff 0 0df 1 df 1 1 0ea 0 0
31fffff 0 0e8 1 c7 1 1 0f3 0 0
29bffff 1 094 1 a6 1 1 09f 1 0
0006a4c 0 0fb 1 d4 1 1 0fb 0 0
000aee7 0 0ef 1 ae 1 1 0f0 0 0
3c40000 1 04b 1 f1 0 1 056 1 0
38bffff 1 03a 1 e2 1 1 045 1 0
2140000 1 0b9 1 85 0 1 0c4 1 0
00083c0 0 139 1 83 1 1 13a 0 0
00095ae 0 115 1 95 1 1 116 0 0
000b0b8 1 12f 1 b0 1 1 130 1 0
327ffff 1 08c 1 c9 1 1 097 1 0
303ffff 0 05b 1 c0 1 1 066 0 0
0009699 0 06c 1 96 1 1 06d 0 0
2a00000 1 0e0 1 a8 0 1 0eb 1 0
3ec0000 0 0c1 1 fb 0 1 0cc 0 0
000ccb5 1 077 1 cc 1 1 078 1 0
00096cf 0 0eb 1 96 1 1 0ec 0 0
00061d9 1 143 1 c3 1 1 143 1 0
000ace1 1 09f 1 ac 1 1 0a0 1 0
3f00000 0 0c7 1 fc 0 1 0d2 0 0
307ffff 1 0a5 1 c1 1 1 0b0 1 0
3f3ffff 0 0da 1 fc 1 1 0e5 0 0
0006bd0 0 142 1 d7 1 1 142 0 0
22bffff 1 061 1 8a 1 1 06c 1 0
263ffff 0 0a1 1 98 1 1 0ac 0 0
38c0000 0 0b8 1 e3 0 1 0c3 0 0
35fffff 1 017 1 d7 1 1 022 1 0
2500000 0 0dd 1 94 0 1 0e8 0 0
00091b0 1 0c8 1 91 1 1 0c9 1 0
2900000 0 0a8 1 a4 0 1 0b3 0 0
00071d4 0 0fa 1 e3 1 1 0fa 0 0
000a3a7 1 0d2 1 a3 1 1 0d3 1 0
3b3ffff 1 0b5 1 ec 1 1 0c0 1 0
207ffff 1 0ee 1 81 1 1 0f9 1 0
000482f 1 0b0 1 90 0 1 0b0 1 0
000c376 1 087 1 c3 0 1 088 1 0
00050dc 0 102 1 a1 1 1 102 0 0
000c1c9 0 08e 1 c1 1 1 08f 0 0
000c5b7 0 0c0 1 c5 1 1 0c1 0 0
2700000 0 07e 1 9c 0 1 089 0 0
3efffff 1 0d1 1 fb 1 1 0dc 1 0
0006b18 1 09c 1 d6 0 1 09c 1 0
2afffff 1 06c 1 ab 1 1 077 1 0
28fffff 0 0d8 1 a3 1 1 0e3 0 0
0006f0b 1 098 1 de 0 1 098 1 0
000a61d 0 107 1 a6 0 1 108 0 0
2480000 0 053 1 92 0 1 05e 0 0
000b520 0 0d7 1 b5 0 1 0d8 0 0
0005a0f 0 0d2 1 b4 0 1 0d2 0 0
000e76a 0 0ed 0 e7 0 1 0ee 0 0
000a82b 1 0a8 1 a8 0 1 0a9 1 0
000dc9a 1 0be 1 dc 1 1 0bf 1 0
3fbffff 1 0e5 1 fe 1 1 0f0 1 0
0009d91 1 054 1 9d 1 1 055 1 0
2340000 0 084 1 8d 0 1 08f 0 0
0007711 1 078 1 ee 0 1 078 1 0
024156f 0 075 0 90 0 1 07c 0 0
2680000 0 084 1 9a 0 1 08f 0 0
39091aa 1 0c3 0 e4 0 1 0ce 1 0
000d1b0 1 11e 1 d1 1 1 11f 1 0
213ffff 0 03c 1 84 1 1 047 0 0
0006166 0 0fa 1 c2 1 1 0fa 0 0
000db64 1 028 1 db 0 1 029 1 0
000816c 1 110 1 81 0 1 111 1 0
3080000 1 07c 1 c2 0 1 087 1 0
36fffff 1 0cd 1 db 1 1 0d8 1 0
3300000 1 097 1 cc 0 1 0a2 1 0
3f3ffff 0 022 1 fc 1 1 02d 0 0
000895b 1 150 1 89 0 1 151 1 0
3ec0000 1 0ea 1 fb 0 1 0f5 1 0
00063c9 1 0fe 1 c7 1 1 0fe 1 0
000c23d 0 0b5 1 c2 0 1 0b6 0 0
0008cfb 1 092 1 8c 1 1 093 1 0
2340000 0 055 1 8d 0 1 060 0 0
000a560 0 123 1 a5 0 1 124 0 0
000ad3f 0 0d5 1 ad 0 1 0d6 0 0
2d00000 0 0cd 1 b4 0 1 0d8 0 0
25c0000 0 0c8 1 97 0 1 0d3 0 0
000696c 1 095 1 d2 1 1 095 1 0
00053a0 1 0a1 0 a7 0 1 0a1 1 0
283ffff 1 014 1 a0 1 1 01f 1 0
2240000 1 0ee 1 89 0 1 0f9 1 0
000cb33 1 05e 1 cb 0 1 05f 1 0
0006d60 0 113 1 da 1 1 113 0 0
0009147 0 11f 1 91 0 1 120 0 0
0009b39 1 0b0 1 9b 0 1 0b1 1 0
2ac0000 1 062 1 ab 0 1 06d 1 0
2600000 1 041 1 98 0 1 04c 1 0
2ec0000 0 030 1 bb 0 1 03b 0 0
0007239 1 0f8 1 e4 0 1 0f8 1 0
3f00000 1 0df 1 fc 0 1 0ea 1 0
2780000 1 0a1 1 9e 0 1 0ac 1 0
0009e99 1 0d9 1 9e 1 1 0da 1 0
000539d 1 0c1 1 a7 0 1 0c1 1 0
00086df 1 082 1 86 1 1 083 1 0
000d7ee 0 0de 1 d7 1 1 0df 0 0
0006659 0 0fd 1 cc 1 1 0fd 0 0
000c408 1 05c 1 c4 0 1 05d 1 0
277ffff 1 050 1 9d 1 1 05b 1 0
0005468 0 073 1 a8 1 1 073 0 0
0004cae 0 116 1 99 0 1 116 0 0
28fffff 0 087 1 a3 1 1 092 0 0
0008e50 1 020 1 8e 0 1 021 1 0
29fffff 1 0bd 1 a7 1 1 0c8 1 0
2f00000 1 026 1 bc 0 1 031 1 0
33fffff 0 076 1 cf 1 1 081 0 0
000527f 0 084 1 a4 1 1 084 0 0
24fffff 1 059 1 93 1 1 064 1 0
000f32a 1 0da 1 f3 0 1 0db 1 0
35bffff 0 08d 1 d6 1 1 098 0 0
2a80000 0 05d 1 aa 0 1 068 0 0
2d40000 0 0aa 1 b5 0 1 0b5 0 0
297ffff 1 09d 1 a5 1 1 0a8 1 0
3bbffff 0 0d9 1 ee 1 1 0e4 0 0
000cf2f 1 08e 1 cf 0 1 08f 1 0
21c0000 1 07a 1 87 0 1 085 1 0
32c0000 0 0af 1 cb 0 1 0ba 0 0
000aca4 0 05a 1 ac 1 1 05b 0 0
2a7ffff 0 0a4 1 a9 1 1 0af 0 0
0009c9f 1 09b 1 9c 1 1 09c 1 0
000dc50 0 075 1 dc 0 1 076 0 0
000809a 0 110 1 80 1 1 111 0 0
3dc0000 0 0e2 1 f7 0 1 0ed 0 0
33c0000 0 0ea 1 cf 0 1 0f5 0 0
000a6da 0 058 0 a6 1 1 059 0 0
2740000 0 0aa 1 9d 0 1 0b5 0 0
0b99b23 1 0be 0 b9 1 1 0c7 1 0
000cb3e 0 0b7 1 cb 0 1 0b8 0 0
2f7ffff 1 026 1 bd 1 1 031 1 0
363ffff 1 021 1 d8 1 1 02c 1 0
283ffff 1 0e1 1 a0 1 1 0ec 1 0
00042ff 0 09c 1 85 1 1 09c 0 0
000bc83 1 07e 1 bc 1 1 07f 1 0
0007bba 1 153 1 f7 0 1 153 1 0
0008874 0 0db 1 88 0 1 0dc 0 0
0015d20 0 0a7 0 ae 1 1 0a9 0 0
000625d 1 079 1 c4 1 1 079 1 0
00077dd 0 08d 1 ef 1 1 08d 0 0
0007e8f 0 0b5 1 fd 0 1 0b5 0 0
383ffff 1 083 1 e0 1 1 08e 1 0
0008be7 0 0f5 1 8b 1 1 0f6 0 0
000746f 1 0a1 1 e8 1 1 0a1 1 0
000801f 0 083 1 80 0 1 084 0 0
0005ff8 0 071 1 bf 1 1 071 0 0
000a9a6 1 07b 1 a9 1 1 07c 1 0
000e2c7 0 09e 1 e2 1 1 09f 0 0
317ffff 1 0a1 1 c5 1 1 0ac 1 0
00067fd 1 0a4 1 cf 1 1 0a4 1 0
0008931 1 05b 0 89 0 1 05c 1 0
000da68 1 078 1 da 0 1 079 1 0
3640000 1 042 1 d9 0 1 04d 1 0
3d00000 1 0ba 1 f4 0 1 0c5 1 0
0006ca8 0 06e 1 d9 0 1 06e 0 0
00072a7 0 030 1 e5 0 1 030 0 0
000c096 0 08b 1 c0 1 1 08c 0 0
000bac8 0 0ce 1 ba 1 1 0cf 0 0
0008ff6 0 09f 1 8f 1 1 0a0 0 0
0006205 0 09b 0 c4 0 1 09b 0 0
217ffff 0 0eb 1 85 1 1 0f6 0 0
00082c7 1 038 1 82 1 1 039 1 0
0006704 1 130 1 ce 0 1 130 1 0
00084e2 0 0e3 1 84 1 1 0e4 0 0
39fffff 0 0c4 1 e7 1 1 0cf 0 0
000533f 0 0ef 1 a6 0 1 0ef 0 0
3dfffff 0 0c2 1 f7 1 1 0cd 0 0
297ffff 1 0ed 1 a5 1 1 0f8 1 0
000595f 0 102 1 b2 1 1 102 0 0
2840000 0 09f 1 a1 0 1 0aa 0 0
0007d94 0 0b4 1 fb 0 1 0b4 0 0
2140000 1 082 1 85 0 1 08d 1 0
30fffff 1 056 1 c3 1 1 061 1 0
373ffff 0 0a0 1 dc 1 1 0ab 0 0
34bffff 0 0d7 1 d2 1 1 0e2 0 0
2f80000 1 0f2 1 be 0 1 0fd 1 0
0007bf6 0 088 1 f7 1 1 088 0 0
0009257 1 0d5 1 92 0 1 0d6 1 0
3cfffff 0 0ab 1 f3 1 1 0b6 0 0
000c07c 1 12a 1 c0 0 1 12b 1 0
0006153 0 0d2 1 c2 1 1 0d2 0 0
373ffff 0 070 1 dc 1 1 07b 0 0
2e00000 0 076 1 b8 0 1 081 0 0
28c0000 1 094 1 a3 0 1 09f 1 0
3400000 1 0da 1 d0 0 1 0e5 1 0
000c041 0 074 1 c0 0 1 075 0 0
3c80000 1 029 1 f2 0 1 034 1 0
2dfffff 0 066 1 b7 1 1 071 0 0
000929f 1 104 1 92 1 1 105 1 0
3bfffff 0 086 1 ef 1 1 091 0 0
000a1b8 0 0b4 1 a1 1 1 0b5 0 0
0007acf 0 135 1 f5 1 1 135 0 0
0005cb8 0 0f5 1 b9 0 1 0f5 0 0
3740000 0 0df 1 dd 0 1 0ea 0 0
000fa08 1 090 1 fa 0 1 091 1 0
000b963 1 0c4 1 b9 0 1 0c5 1 0
0005900 1 08b 1 b2 0 1 08b 1 0
0004c87 0 11f 1 99 0 1 11f 0 0
28fffff 1 090 1 a3 1 1 09b 1 0
223ffff 1 087 1 88 1 1 092 1 0
01d1934 1 049 0 e8 1 1 04f 1 0
178ce9b 1 08c 0 bc 0 1 096 1 0
2640000 1 009 1 99 0 1 014 1 0
3b3ffff 0 06d 1 ec 1 1 078 0 0
2d3ffff 1 011 1 b4 1 1 01c 1 0
000c3ae 1 0ac 1 c3 1 1 0ad 1 0
24bffff 1 021 1 92 1 1 02c 1 0
3940000 1 083 1 e5 0 1 08e 1 0
000dc50 0 06e 1 dc 0 1 06f 0 0
2680000 0 0d9 1 9a 0 1 0e4 0 0
000a8fe 0 14a 1 a8 1 1 14b 0 0
28c0000 1 0d2 1 a3 0 1 0dd 1 0
000591f 1 0b4 1 b2 0 1 0b4 1 0
39c0000 1 091 1 e7 0 1 09c 1 0
0008ea8 0 08f 1 8e 1 1 090 0 0
00054f5 0 101 1 a9 1 1 101 0 0
2480000 1 0a8 1 92 0 1 0b3 1 0
000870b 1 109 1 87 0 1 10a 1 0
0004dc6 0 066 1 9b 1 1 066 0 0
3bfffff 0 04d 1 ef 1 1 058 0 0
0009d92 0 0ae 1 9d 1 1 0af 0 0
2580000 0 0a8 1 96 0 1 0b3 0 0
327ffff 0 0d1 1 c9 1 1 0dc 0 0
00064b8 0 0aa 1 c9 0 1 0aa 0 0
00086ac 0 0cb 0 86 1 1 0cc 0 0
3380000 0 027 1 ce 0 1 032 0 0
000cf8f 0 15e 1 cf 1 1 15f 0 0
0007d78 0 121 1 fa 1 1 121 0 0
0004ad9 1 057 1 95 1 1 057 1 0
2400000 0 03f 1 90 0 1 04a 0 0
0006537 0 05a 1 ca 0 1 05a 0 0
3ec0000 1 005 1 fb 0 1 010 1 0
000e2e0 1 130 1 e2 1 1 131 1 0
2380000 0 0b6 1 8e 0 1 0c1 0 0
00097bc 0 0e1 1 97 1 1 0e2 0 0
39fffff 0 074 1 e7 1 1 07f 0 0
000c237 1 13e 1 c2 0 1 13f 1 0
0006510 0 0f1 1 ca 0 1 0f1 0 0
3640000 1 027 1 d9 0 1 032 1 0
0005c6c 1 0e2 1 b8 1 1 0e2 1 0
0004680 0 110 1 8d 0 1 110 0 0
2d3ffff 0 02e 1 b4 1 1 039 0 0
0006757 0 12a 1 ce 1 1 12a 0 0
000e619 1 0bb 1 e6 0 1 0bc 1 0
000854c 1 0f4 1 85 0 1 0f5 1 0
0006812 0 0d1 1 d0 0 1 0d1 0 0
000814a 0 06e 1 81 0 1 06f 0 0
0007ff8 0 10e 1 ff 1 1 10e 0 0
2ec0000 0 013 1 bb 0 1 01e 0 0
00075c5 1 0ac 1 eb 1 1 0ac 1 0
2a00000 0 0d9 1 a8 0 1 0e4 0 0
000b562 1 0a3 1 b5 0 1 0a4 1 0
0006694 0 10f 1 cd 0 1 10f 0 0
3600000 1 017 1 d8 0 1 022 1 0
0006ccc 1 116 1 d9 1 1 116 1 0
000c66b 1 107 1 c6 0 1 108 1 0
000ab7f 1 0a2 1 ab 0 1 0a3 1 0
26bffff 0 0c7 1 9a 1 1 0d2 0 0
00064bc 0 03d 0 c9 0 1 03d 0 0
0007c79 0 037 1 f8 1 1 037 0 0
37fffff 0 0a5 1 df 1 1 0b0 0 0
36c0000 0 0e4 1 db 0 1 0ef 0 0
39fffff 1 0de 1 e7 1 1 0e9 1 0
3c00000 0 0d4 1 f0 0 1 0df 0 0
30c0000 1 0e6 1 c3 0 1 0f1 1 0
0009f74 1 0c1 0 9f 0 1 0c2 1 0
000e916 1 094 1 e9 0 1 095 1 0
000a3c5 0 12c 1 a3 1 1 12d 0 0
00084b8 1 06a 1 84 1 1 06b 1 0
25bffff 1 0de 1 96 1 1 0e9 1 0
000946a 1 0a1 1 94 0 1 0a2 1 0
283ffff 1 05e 1 a0 1 1 069 1 0
2700000 0 08a 1 9c 0 1 095 0 0
273ffff 0 0f0 1 9c 1 1 0fb 0 0
273ffff 0 076 1 9c 1 1 081 0 0
000532b 1 073 1 a6 0 1 073 1 0
33c0000 0 071 1 cf 0 1 07c 0 0
0331610 0 017 0 cc 0 1 01e 0 0
000a997 0 101 1 a9 1 1 102 0 0
0005622 0 14f 1 ac 0 1 14f 0 0
3040000 0 0c0 1 c1 0 1 0cb 0 0
2dc0000 0 00d 1 b7 0 1 018 0 0
0005f2d 0 141 1 be 0 1 141 0 0
0004696 0 0fc 1 8d 0 1 0fc 0 0
0008770 0 0c1 1 87 0 1 0c2 0 0
3d40000 1 09f 1 f5 0 1 0aa 1 0
00093a7 1 0a7 1 93 1 1 0a8 1 0
3bbffff 0 0ca 1 ee 1 1 0d5 0 0
3d80000 1 07d 1 f6 0 1 088 1 0
0006420 1 06b 0 c8 0 1 06b 1 0
3700000 1 0bf 1 dc 0 1 0ca 1 0
3efffff 0 062 1 fb 1 1 06d 0 0
3a80000 0 083 1 ea 0 1 08e 0 0
2abffff 0 08b 1 aa 1 1 096 0 0
3f7ffff 1 047 1 fd 1 1 052 1 0
0008e71 1 07d 1 8e 0 1 07e 1 0
00057a7 1 12e 1 af 0 1 12e 1 0
0008092 0 038 1 80 1 1 039 0 0
0008822 1 0b5 1 88 0 1 0b6 1 0
20c0000 1 0a9 1 83 0 1 0b4 1 0
3bfffff 0 03b 1 ef 1 1 046 0 0
387ffff 1 0d9 1 e1 1 1 0e4 1 0
3bc0000 1 0c6 1 ef 0 1 0d1 1 0
000dab3 0 0a9 0 da 1 1 0aa 0 0
000d9f7 0 0d1 1 d9 1 1 0d2 0 0
2280000 1 04b 1 8a 0 1 056 1 0
00078bf 0 0c3 1 f1 0 1 0c3 0 0
31c0000 1 02e 1 c7 0 1 039 1 0
3500000 0 0b2 1 d4 0 1 0bd 0 0
2500000 1 0ca 1 94 0 1 0d5 1 0
33bffff 0 0dd 1 ce 1 1 0e8 0 0
2e00000 0 09b 1 b8 0 1 0a6 0 0
0005997 1 0ea 1 b3 0 1 0ea 1 0
0009ccc 1 0ee 1 9c 1 1 0ef 1 0
000a2b2 1 096 1 a2 1 1 097 1 0
3afffff 1 0c7 1 eb 1 1 0d2 1 0
3180000 0 0e4 1 c6 0 1 0ef 0 0
34c0000 0 082 1 d3 0 1 08d 0 0
0004622 1 109 1 8c 0 1 109 1 0
00071b5 1 0ff 1 e3 0 1 0ff 1 0
0007e14 1 0b9 1 fc 0 1 0b9 1 0
000a324 0 091 1 a3 0 1 092 0 0
00095a3 0 148 1 95 1 1 149 0 0
000c710 1 0f1 1 c7 0 1 0f2 1 0
30c0000 0 07d 1 c3 0 1 088 0 0
0008e3a 0 0ab 1 8e 0 1 0ac 0 0
367ffff 1 0c9 1 d9 1 1 0d4 1 0
00053b8 0 134 1 a7 0 1 134 0 0
000759b 1 0c6 1 eb 0 1 0c6 1 0
2afffff 1 066 1 ab 1 1 071 1 0
000b34b 0 0f9 1 b3 0 1 0fa 0 0
3340000 1 0b3 1 cd 0 1 0be 1 0
3c80000 1 0d5 1 f2 0 1 0e0 1 0
000beef 1 093 1 be 1 1 094 1 0
000ba9e 1 0cd 1 ba 1 1 0ce 1 0
3afffff 1 0b7 1 eb 1 1 0c2 1 0
3cc0000 0 03f 1 f3 0 1 04a 0 0
223ffff 0 0e1 1 88 1 1 0ec 0 0
393ffff 0 02e 1 e4 1 1 039 0 0
000826d 1 122 1 82 0 1 123 1 0
0008f7e 1 0ef 1 8f 0 1 0f0 1 0
3e00000 1 0b3 0 f8 0 0 0be 1 0
00077e1 0 08c 1 ef 1 1 08c 0 0
0006e6c 0 054 1 dc 1 1 054 0 0
0008227 1 116 1 82 0 1 117 1 0
000a549 1 0b3 1 a5 0 1 0b4 1 0
2640000 1 06a 1 99 0 1 075 1 0
000a71b 0 0f4 1 a7 0 1 0f5 0 0
3e3ffff 1 0cc 1 f8 1 1 0d7 1 0
2400000 0 0a0 1 90 0 1 0ab 0 0
000a747 1 0c0 1 a7 0 1 0c1 1 0
0007bf6 0 107 1 f7 1 1 107 0 0
3440000 1 07e 1 d1 0 1 089 1 0
000a0a5 0 10b 1 a0 1 1 10c 0 0
31c0000 1 07c 1 c7 0 1 087 1 0
3280000 0 087 1 ca 0 1 092 0 0
3080000 1 0de 1 c2 0 1 0e9 1 0
0009680 0 10b 1 96 1 1 10c 0 0
0009f24 1 13b 1 9f 0 1 13c 1 0
0005f3d 1 164 1 be 0 1 164 1 0
0009b59 0 058 1 9b 0 1 059 0 0
2f7ffff 1 0bb 1 bd 1 1 0c6 1 0
39bffff 1 057 1 e6 1 1 062 1 0
0006054 1 0c8 1 c0 1 1 0c8 1 0
2b80000 1 093 0 ae 0 0 09e 1 0
2480000 0 0b6 1 92 0 1 0c1 0 0
0009e62 0 016 1 9e 0 1 017 0 0
3100000 1 0f1 1 c4 0 1 0fc 1 0
2740000 0 3f9 1 9d 0 1 004 0 0
307ffff 1 0c7 1 c1 1 1 0d2 1 0
2c80000 0 0a4 1 b2 0 1 0af 0 0
0009047 0 09e 1 90 0 1 09f 0 0
00055ca 1 0c0 1 ab 1 1 0c0 1 0
000b5a4 1 0c2 1 b5 1 1 0c3 1 0
307ffff 1 088 1 c1 1 1 093 1 0
36bffff 1 081 1 da 1 1 08c 1 0
2d40000 1 06a 1 b5 0 1 075 1 0
0006080 0 0c5 1 c1 0 1 0c5 0 0
3000000 0 024 1 c0 0 1 02f 0 0
00087aa 1 131 1 87 1 1 132 1 0
3080000 0 0bb 1 c2 0 1 0c6 0 0
0008e70 1 066 1 8e 0 1 067 1 0
000849d 1 088 1 84 1 1 089 1 0
29fffff 1 0bf 1 a7 1 1 0ca 1 0
000b7c0 1 0f6 1 b7 1 1 0f7 1 0
347ffff 0 0d6 1 d1 1 1 0e1 0 0
35fffff 1 0be 1 d7 1 1 0c9 1 0
2280000 1 035 1 8a 0 1 040 1 0
2ebffff 1 0d5 1 ba 1 1 0e0 1 0
000ae5f 0 0cf 1 ae 0 1 0d0 0 0
3d3ffff 0 077 1 f4 1 1 082 0 0
000a7b5 1 0c0 1 a7 1 1 0c1 1 0
000d058 1 0f6 1 d0 0 1 0f7 1 0
3cfffff 1 095 1 f3 1 1 0a0 1 0
243ffff 0 0b2 1 90 1 1 0bd 0 0
00091b0 1 0a5 1 91 1 1 0a6 1 0
0005d90 0 105 0 bb 0 1 105 0 0
21c0000 1 0cb 1 87 0 1 0d6 1 0
00e4ec3 0 085 0 e4 1 1 08a 0 0
0008267 0 0b4 1 82 0 1 0b5 0 0
36c0000 1 082 1 db 0 1 08d 1 0
0004fd0 0 108 1 9f 1 1 108 0 0
0008167 1 0a2 1 81 0 1 0a3 1 0
3cbffff 0 086 1 f2 1 1 091 0 0
000af9e 0 091 1 af 1 1 092 0 0
0006c7f 1 0fc 1 d8 1 1 0fc 1 0
313ffff 1 0ef 1 c4 1 1 0fa 1 0
0071e42 0 0a3 0 e3 1 1 0a7 0 0
3980000 0 03c 1 e6 0 1 047 0 0
0006c8d 1 05a 1 d9 0 1 05a 1 0
000ea47 0 131 1 ea 0 1 132 0 0
287ffff 0 0a2 1 a1 1 1 0ad 0 0
21c0000 0 0ca 1 87 0 1 0d5 0 0
3d80000 0 0c9 1 f6 0 1 0d4 0 0
3900000 1 01e 1 e4 0 1 029 1 0
2bbffff 1 090 1 ae 1 1 09b 1 0
3dc0000 0 09c 1 f7 0 1 0a7 0 0
0008f04 0 14e 1 8f 0 1 14f 0 0
237ffff 0 0af 1 8d 1 1 0ba 0 0
0005aff 1 0c0 1 b5 1 1 0c0 1 0
2afffff 0 068 1 ab 1 1 073 0 0
24fffff 1 036 1 93 1 1 041 1 0
0009147 1 13a 1 91 0 1 13b 1 0
0007147 1 0bb 1 e2 1 1 0bb 1 0
34bffff 1 0de 1 d2 1 1 0e9 1 0
23c0000 1 0d6 1 8f 0 1 0e1 1 0
23c0000 0 0c4 0 8f 0 0 0cf 0 0
337ffff 0 0c9 1 cd 1 1 0d4 0 0
00068a6 1 052 0 d1 0 1 052 1 0
000c3f0 1 0c7 1 c3 1 1 0c8 1 0
000a5d8 1 0f9 1 a5 1 1 0fa 1 0
0008f57 0 0f1 1 8f 0 1 0f2 0 0
207ffff 0 09d 1 81 1 1 0a8 0 0
000b2ac 0 0f6 1 b2 1 1 0f7 0 0
29fffff 0 04e 1 a7 1 1 059 0 0
000a206 0 0eb 1 a2 0 1 0ec 0 0
0006c48 0 0cd 1 d8 1 1 0cd 0 0
1eb06fa 0 007 0 f5 1 1 011 0 0
037ae58 0 088 0 de 1 1 08f 0 0
0007b10 0 060 1 f6 0 1 060 0 0
3900000 0 052 1 e4 0 1 05d 0 0
000b6ad 1 102 1 b6 1 1 103 1 0
0005fb1 0 0d1 1 bf 0 1 0d1 0 0
0006e7f 0 119 1 dc 1 1 119 0 0
207ffff 0 0cc 1 81 1 1 0d7 0 0
337ffff 0 096 1 cd 1 1 0a1 0 0
00050f3 0 120 1 a1 1 1 120 0 0
2a40000 1 0a3 1 a9 0 1 0ae 1 0
00078c4 1 120 1 f1 1 1 120 1 0
00090a2 0 149 1 90 1 1 14a 0 0
000af22 1 10a 1 af 0 1 10b 1 0
0005ce3 0 0c3 1 b9 1 1 0c3 0 0
3240000 1 0a0 1 c9 0 1 0ab 1 0
000750a 0 110 1 ea 0 1 110 0 0
000d4d0 0 0b2 1 d4 1 1 0b3 0 0
38fffff 0 0a2 1 e3 1 1 0ad 0 0
3a80000 1 04a 1 ea 0 1 055 1 0
000fc03 0 081 1 fc 0 1 082 0 0
0008e40 1 0eb 1 8e 0 1 0ec 1 0
31fffff 0 0ab 1 c7 1 1 0b6 0 0
257ffff 0 0d1 1 95 1 1 0dc 0 0
2280000 1 0cc 1 8a 0 1 0d7 1 0
2000000 1 0e6 1 80 0 1 0f1 1 0
3540000 1 06e 1 d5 0 1 079 1 0
0009c4d 0 08f 1 9c 0 1 090 0 0
3d00000 0 0a9 1 f4 0 1 0b4 0 0
223ffff 0 015 1 88 1 1 020 0 0
0006f44 0 069 1 de 1 1 069 0 0
000c33c 1 09d 1 c3 0 1 09e 1 0
2ac0000 1 0b5 1 ab 0 1 0c0 1 0
287ffff 1 0cc 1 a1 1 1 0d7 1 0
2c40000 0 07a 1 b1 0 1 085 0 0
000647f 0 070 1 c8 1 1 070 0 0
2ac0000 1 0d5 1 ab 0 1 0e0 1 0
09c7512 0 0c1 0 9c 0 1 0ca 0 0
0008a78 0 16e 1 8a 0 1 16f 0 0
287ffff 0 0c9 1 a1 1 1 0d4 0 0
000c9a6 1 0a1 1 c9 1 1 0a2 1 0
31c0000 0 0b3 1 c7 0 1 0be 0 0
000ce52 1 139 1 ce 0 1 13a 1 0
000d986 0 11a 1 d9 1 1 11b 0 0
29fffff 0 0a8 1 a7 1 1 0b3 0 0
000e28f 1 11b 1 e2 1 1 11c 1 0
3880000 1 096 1 e2 0 1 0a1 1 0
0006ee7 1 13f 1 dd 1 1 13f 1 0
3bbffff 0 07c 1 ee 1 1 087 0 0
0005f49 0 119 1 be 1 1 119 0 0
37c0000 1 0cd 1 df 0 1 0d8 1 0
000da88 1 0d7 1 da 1 1 0d8 1 0
277ffff 0 0a3 1 9d 1 1 0ae 0 0
0009fb4 0 0d7 1 9f 1 1 0d8 0 0
000ed5a 0 08a 1 ed 0 1 08b 0 0
00099ea 0 0c3 1 99 1 1 0c4 0 0
000fc47 1 0a7 0 fc 0 1 0a8 1 0
30bffff 0 0a9 1 c2 1 1 0b4 0 0
2f7ffff 0 0d1 1 bd 1 1 0dc 0 0
1e3960e 1 039 0 f1 1 1 043 1 0
00052a4 1 047 1 a5 0 1 047 1 0
00066fe 0 09a 0 cd 1 1 09a 0 0
3800000 0 003 1 e0 0 1 00e 0 0
0006930 1 041 1 d2 0 1 041 1 0
3c80000 1 0b8 1 f2 0 1 0c3 1 0
0004eba 1 032 1 9d 0 1 032 1 0
2800000 1 0c6 1 a0 0 1 0d1 1 0
000765b 0 0db 1 ec 1 1 0db 0 0
3b7ffff 0 0e6 1 ed 1 1 0f1 0 0
000bb19 0 066 1 bb 0 1 067 0 0
000ec62 0 0db 1 ec 0 1 0dc 0 0
0006ebd 0 02e 1 dd 0 1 02e 0 0
0008672 1 0f3 1 86 0 1 0f4 1 0
000752f 1 089 1 ea 0 1 089 1 0
0007511 0 062 1 ea 0 1 062 0 0
000a3b5 0 0a4 1 a3 1 1 0a5 0 0
38bffff 0 04a 1 e2 1 1 055 0 0
0005c73 1 0a7 1 b8 1 1 0a7 1 0
36fffff 1 0c2 1 db 1 1 0cd 1 0
000e941 0 074 0 e9 0 1 075 0 0
2bbffff 0 0ce 1 ae 1 1 0d9 0 0
0007b46 0 151 1 f6 1 1 151 0 0
28c0000 0 02c 1 a3 0 1 037 0 0
3600000 1 08f 1 d8 0 1 09a 1 0
0033a19 0 018 0 ce 1 1 01b 0 0
00082d6 1 0ac 1 82 1 1 0ad 1 0
000667b 0 0a9 1 cc 1 1 0a9 0 0
000866a 0 0dd 1 86 0 1 0de 0 0
3cc0000 1 063 1 f3 0 1 06e 1 0
00089f9 0 113 1 89 1 1 114 0 0
000c246 0 0e3 0 c2 0 1 0e4 0 0
3340000 0 011 1 cd 0 1 01c 0 0
2b00000 0 026 1 ac 0 1 031 0 0
2000000 0 0ce 1 80 0 1 0d9 0 0
000648b 1 0e9 1 c9 0 1 0e9 1 0
2740000 0 090 1 9d 0 1 09b 0 0
0007026 0 0cb 1 e0 0 1 0cb 0 0
3f3ffff 0 09c 1 fc 1 1 0a7 0 0
066f0fc 0 0da 0 cd 1 1 0e2 0 0
3a80000 0 06a 1 ea 0 1 075 0 0
0009415 1 0b8 1 94 0 1 0b9 1 0
2cfffff 0 067 1 b3 1 1 072 0 0
2080000 0 098 1 82 0 1 0a3 0 0
00097de 0 032 1 97 1 1 033 0 0
273ffff 0 091 1 9c 1 1 09c 0 0
39bffff 0 04e 1 e6 1 1 059 0 0
00080c0 0 0ea 1 80 1 1 0eb 0 0
2b3ffff 0 040 1 ac 1 1 04b 0 0
307ffff 0 0ac 1 c1 1 1 0b7 0 0
3b3ffff 0 0d2 1 ec 1 1 0dd 0 0
3a7ffff 1 093 1 e9 1 1 09e 1 0
2a40000 0 0ee 1 a9 0 1 0f9 0 0
277ffff 0 070 1 9d 1 1 07b 0 0
2540000 1 075 1 95 0 1 080 1 0
00077de 1 094 1 ef 1 1 094 1 0
0007141 1 075 1 e2 1 1 075 1 0
2e7ffff 0 043 1 b9 1 1 04e 0 0
26fffff 0 0ab 1 9b 1 1 0b6 0 0
0006f7b 0 152 1 de 1 1 152 0 0
313ffff 0 019 1 c4 1 1 024 0 0
2000000 0 088 1 80 0 1 093 0 0
00260c1 1 06b 0 98 0 1 06e 1 0
30fffff 0 0eb 1 c3 1 1 0f6 0 0
000a559 1 0da 1 a5 0 1 0db 1 0
07c2cfc 1 04c 0 f8 0 1 054 1 0
000e0f0 0 12e 1 e0 1 1 12f 0 0
0008add 0 0a0 1 8a 1 1 0a1 0 0
000b058 1 102 1 b0 0 1 103 1 0
3780000 1 09b 1 de 0 1 0a6 1 0
3240000 1 07d 1 c9 0 1 088 1 0
000ae95 0 048 1 ae 1 1 049 0 0
0008f21 0 0a8 1 8f 0 1 0a9 0 0
000a730 0 02c 0 a7 0 1 02d 0 0
0004b1d 0 01e 1 96 0 1 01e 0 0
347ffff 1 045 1 d1 1 1 050 1 0
243ffff 1 0c2 1 90 1 1 0cd 1 0
00090b3 1 08e 1 90 1 1 08f 1 0
31c0000 1 0c2 1 c7 0 1 0cd 1 0
2f7ffff 1 059 1 bd 1 1 064 1 0
0008289 0 09b 1 82 1 1 09c 0 0
2cbffff 1 0b3 1 b2 1 1 0be 1 0
000a637 1 0c2 1 a6 0 1 0c3 1 0
00077b4 1 0f6 1 ef 0 1 0f6 1 0
2cc0000 1 017 0 b3 0 0 022 1 0
21fffff 1 0c8 1 87 1 1 0d3 1 0
27fffff 0 0b7 1 9f 1 1 0c2 0 0
0006a28 0 062 1 d4 0 1 062 0 0
333ffff 0 3fe 1 cc 1 1 009 0 0
000ae87 1 0a3 1 ae 1 1 0a4 1 0
3efffff 1 0c9 1 fb 1 1 0d4 1 0
00092c4 1 0bc 1 92 1 1 0bd 1 0
000cc14 1 07d 1 cc 0 1 07e 1 0
00058f5 1 0cf 0 b1 1 1 0cf 1 0
0005c9b 0 0d4 1 b9 0 1 0d4 0 0
000af16 1 15d 1 af 0 1 15e 1 0
293ffff 1 042 1 a4 1 1 04d 1 0
000a018 1 140 1 a0 0 1 141 1 0
2abffff 1 084 1 aa 1 1 08f 1 0
2b3ffff 0 09d 1 ac 1 1 0a8 0 0
27fffff 0 03e 1 9f 1 1 049 0 0
22fffff 0 084 1 8b 1 1 08f 0 0
2ebffff 0 0d2 1 ba 1 1 0dd 0 0
0007757 0 0a1 1 ee 1 1 0a1 0 0
000e83f 1 0a2 1 e8 0 1 0a3 1 0
000bccf 1 0c5 1 bc 1 1 0c6 1 0
21c0000 0 059 1 87 0 1 064 0 0
00090ec 1 0b5 1 90 1 1 0b6 1 0
2940000 1 0a7 1 a5 0 1 0b2 1 0
0006369 1 073 1 c6 1 1 073 1 0
30c0000 1 0dd 1 c3 0 1 0e8 1 0
3dfffff 1 054 1 f7 1 1 05f 1 0
00091bd 0 0bc 1 91 1 1 0bd 0 0
3f7ffff 1 0c7 1 fd 1 1 0d2 1 0
2580000 1 049 1 96 0 1 054 1 0
3a40000 0 0d6 1 e9 0 1 0e1 0 0
089bcd0 1 060 0 89 1 1 069 1 0
20c0000 1 084 1 83 0 1 08f 1 0
000b3eb 1 083 1 b3 1 1 084 1 0
2a40000 1 0e6 1 a9 0 1 0f1 1 0
00069b7 1 0fa 1 d3 0 1 0fa 1 0
267ffff 0 0bc 1 99 1 1 0c7 0 0
3240000 1 0e4 1 c9 0 1 0ef 1 0
0007900 1 100 1 f2 0 1 100 1 0
3340000 0 3fc 1 cd 0 1 007 0 0
000713f 0 0cf 1 e2 0 1 0cf 0 0
0007038 0 089 1 e0 0 1 089 0 0
38fffff 0 059 1 e3 1 1 064 0 0
0005e67 0 093 1 bc 1 1 093 0 0
0007d63 1 08a 1 fa 1 1 08a 1 0
273ffff 1 3fe 1 9c 1 1 009 1 0
00081fb 0 061 1 81 1 1 062 0 0
33fffff 0 088 1 cf 1 1 093 0 0
0008dbd 1 0cc 1 8d 1 1 0cd 1 0
0006d29 0 0d3 1 da 0 1 0d3 0 0
26c0000 0 0ab 1 9b 0 1 0b6 0 0
0005438 0 04e 1 a8 0 1 04e 0 0
24c0000 0 0cd 1 93 0 1 0d8 0 0
3fbffff 1 0d6 1 fe 1 1 0e1 1 0
00063c7 1 0dc 0 c7 1 1 0dc 1 0
3b80000 1 0c8 1 ee 0 1 0d3 1 0
0005cff 0 050 1 b9 1 1 050 0 0
37bffff 0 09b 1 de 1 1 0a6 0 0
2d00000 0 07c 1 b4 0 1 087 0 0
0000000 0 3f5 1 00 0 1 3e7 0 1
36bffff 0 0c6 1 da 1 1 0d1 0 0
000be96 1 0f0 1 be 1 1 0f1 1 0
3100000 0 0a0 1 c4 0 1 0ab 0 0
3bfffff 0 0c4 1 ef 1 1 0cf 0 0
3040000 0 00f 1 c1 0 1 01a 0 0
0008ac4 1 115 1 8a 1 1 116 1 0
2d3ffff 0 08a 1 b4 1 1 095 0 0
24bffff 0 0f3 1 92 1 1 0fe 0 0
00043ff 0 149 1 87 1 1 149 0 0
0008af5 0 073 1 8a 1 1 074 0 0
000d120 1 097 1 d1 0 1 098 1 0
000732c 0 05c 1 e6 0 1 05c 0 0
3f80000 1 00c 1 fe 0 1 017 1 0
2ac0000 1 03c 1 ab 0 1 047 1 0
0011402 1 031 0 8a 0 1 033 1 0
2dc0000 0 0e0 1 b7 0 1 0eb 0 0
0009fb9 0 0c3 1 9f 1 1 0c4 0 0
38c0000 1 090 1 e3 0 1 09b 1 0
20c0000 1 0e1 1 83 0 1 0ec 1 0
00068f0 1 0f8 1 d1 1 1 0f8 1 0
3a7ffff 1 059 1 e9 1 1 064 1 0
00080eb 1 0a5 1 80 1 1 0a6 1 0
00070ea 1 15a 1 e1 1 1 15a 1 0
0005416 0 0e4 1 a8 0 1 0e4 0 0
2400000 0 0dd 1 90 0 1 0e8 0 0
0008ff1 0 118 1 8f 1 1 119 0 0
233ffff 1 07f 1 8c 1 1 08a 1 0
00097e0 0 0ba 1 97 1 1 0bb 0 0
000af7f 0 0f5 1 af 0 1 0f6 0 0
323ffff 1 0ef 1 c8 1 1 0fa 1 0
2700000 1 0bb 1 9c 0 1 0c6 1 0
33c0000 1 0e2 1 cf 0 1 0ed 1 0
00087ca 1 102 1 87 1 1 103 1 0
253ffff 0 0a4 1 94 1 1 0af 0 0
0002aec 1 086 0 ab 1 1 085 1 0
0009afa 0 115 1 9a 1 1 116 0 0
2180000 1 0ab 1 86 0 1 0b6 1 0
000ed58 1 020 0 ed 0 1 021 1 0
2cfffff 0 0cf 1 b3 1 1 0da 0 0
000a4be 0 0aa 1 a4 1 1 0ab 0 0
343ffff 1 066 1 d0 1 1 071 1 0
3e40000 1 0b3 1 f9 0 1 0be 1 0
32fffff 0 070 1 cb 1 1 07b 0 0
29bffff 0 064 1 a6 1 1 06f 0 0
3600000 1 0d7 1 d8 0 1 0e2 1 0
00098cc 0 0b9 1 98 1 1 0ba 0 0
2f80000 0 0d3 1 be 0 1 0de 0 0
3300000 0 060 1 cc 0 1 06b 0 0
0004494 0 121 1 89 0 1 121 0 0
0879afa 0 3ff 0 87 1 1 008 0 0
2cc0000 1 070 1 b3 0 1 07b 1 0
0007f32 0 095 1 fe 0 1 095 0 0
3ec0000 0 068 1 fb 0 1 073 0 0
000913a 1 0e5 1 91 0 1 0e6 1 0
0008f9d 0 0fe 1 8f 1 1 0ff 0 0
0008b8b 0 0ab 1 8b 1 1 0ac 0 0
23c0000 1 05e 1 8f 0 1 069 1 0
3e80000 0 0d6 1 fa 0 1 0e1 0 0
2000000 1 0e4 1 80 0 1 0ef 1 0
2800000 0 03d 1 a0 0 1 048 0 0
34fffff 0 042 1 d3 1 1 04d 0 0
2f7ffff 1 0e7 1 bd 1 1 0f2 1 0
2a3ffff 0 045 1 a8 1 1 050 0 0
20c0000 0 06d 1 83 0 1 078 0 0
3700000 0 0de 1 dc 0 1 0e9 0 0
21bffff 0 08e 1 86 1 1 099 0 0
00087a0 0 0cd 1 87 1 1 0ce 0 0
000a9c0 1 0a1 1 a9 1 1 0a2 1 0
00049ff 0 0b7 1 93 1 1 0b7 0 0
000c3c0 0 0ec 1 c3 1 1 0ed 0 0
00072e6 0 05c 1 e5 1 1 05c 0 0
00076b0 0 0b1 1 ed 0 1 0b1 0 0
3440000 0 04f 1 d1 0 1 05a 0 0
000afcf 1 0c5 1 af 1 1 0c6 1 0
000a6a4 1 10b 1 a6 1 1 10c 1 0
34bffff 0 0e8 1 d2 1 1 0f3 0 0
001b074 0 06c 0 d8 0 1 06e 0 0
000c33b 0 095 1 c3 0 1 096 0 0
000bfba 0 097 1 bf 1 1 098 0 0
2bfffff 1 0c4 1 af 1 1 0cf 1 0
0006d81 1 0b0 1 db 0 1 0b0 1 0
0007dff 0 07f 1 fb 1 1 07f 0 0
29bffff 0 03a 1 a6 1 1 045 0 0
343ffff 0 0e0 1 d0 1 1 0eb 0 0
0033f58 1 004 0 cf 1 1 007 1 0
3abffff 0 004 1 ea 1 1 00f 0 0
2240000 1 0ad 1 89 0 1 0b8 1 0
2380000 0 0b1 1 8e 0 1 0bc 0 0
0008623 1 09c 1 86 0 1 09d 1 0
0009930 1 0d4 1 99 0 1 0d5 1 0
3cbffff 0 0d0 1 f2 1 1 0db 0 0
0007aa0 0 09c 1 f5 0 1 09c 0 0
31bffff 1 0a9 1 c6 1 1 0b4 1 0
21c0000 0 0ba 1 87 0 1 0c5 0 0
000ab19 1 083 1 ab 0 1 084 1 0
0009f60 0 0f3 1 9f 0 1 0f4 0 0
2a80000 1 073 1 aa 0 1 07e 1 0
000a2b3 1 0c2 1 a2 1 1 0c3 1 0
000a9be 0 044 0 a9 1 1 045 0 0
0006f54 0 117 1 de 1 1 117 0 0
000c4a7 1 0a9 1 c4 1 1 0aa 1 0
000d5db 0 0f2 1 d5 1 1 0f3 0 0
297ffff 0 063 1 a5 1 1 06e 0 0
0008b9c 1 072 1 8b 1 1 073 1 0
0009966 1 0c2 1 99 0 1 0c3 1 0
2d3ffff 1 0bc 1 b4 1 1 0c7 1 0
233ffff 1 012 1 8c 1 1 01d 1 0
00081ef 1 0c0 1 81 1 1 0c1 1 0
2fbffff 1 06b 1 be 1 1 076 1 0
000b69d 1 04a 1 b6 1 1 04b 1 0
0005ef5 0 0e1 1 bd 1 1 0e1 0 0
2000000 1 0a7 1 80 0 1 0b2 1 0
0006524 0 0f3 0 ca 0 1 0f3 0 0
0007591 1 099 1 eb 0 1 099 1 0
000640a 0 140 1 c8 0 1 140 0 0
0005c8b 0 07d 1 b9 0 1 07d 0 0
00089f9 1 0da 1 89 1 1 0db 1 0
3efffff 1 0a6 1 fb 1 1 0b1 1 0
0007fff 0 0a9 1 ff 1 1 0a9 0 0
377ffff 0 078 1 dd 1 1 083 0 0
000509b 1 111 1 a1 0 1 111 1 0
000a15e 0 132 1 a1 0 1 133 0 0
0007e92 0 015 0 fd 0 1 015 0 0
0006141 0 11f 1 c2 1 1 11f 0 0
337ffff 0 08e 1 cd 1 1 099 0 0
3cc0000 0 087 1 f3 0 1 092 0 0
0009179 1 02e 1 91 0 1 02f 1 0
0009ff5 1 0c9 1 9f 1 1 0ca 1 0
00117fa 0 0b8 0 8b 1 1 0ba 0 0
34fffff 1 07e 1 d3 1 1 089 1 0
000e717 0 070 1 e7 0 1 071 0 0
3340000 1 071 1 cd 0 1 07c 1 0
297ffff 1 070 1 a5 1 1 07b 1 0
000a1c8 1 097 1 a1 1 1 098 1 0
00085d6 1 13d 1 85 1 1 13e 1 0
00090b7 0 11c 1 90 1 1 11d 0 0
0005388 0 16c 1 a7 0 1 16c 0 0
22bffff 0 08b 1 8a 1 1 096 0 0
2ac0000 0 0e9 1 ab 0 1 0f4 0 0
3c7ffff 0 052 1 f1 1 1 05d 0 0
000eb61 1 0f7 1 eb 0 1 0f8 1 0
0004951 1 0e3 1 92 1 1 0e3 1 0
3500000 1 08d 1 d4 0 1 098 1 0
2a7ffff 1 09f 1 a9 1 1 0aa 1 0
3cc0000 0 07f 1 f3 0 1 08a 0 0
3e40000 0 0e9 1 f9 0 1 0f4 0 0
050a3f2 1 00e 0 a1 0 1 016 1 0
0006834 0 0b4 1 d0 0 1 0b4 0 0
3ebffff 0 0cb 1 fa 1 1 0d6 0 0
000a58f 1 035 1 a5 1 1 036 1 0
3440000 0 08c 1 d1 0 1 097 0 0
000648b 1 088 1 c9 0 1 088 1 0
2800000 1 0d3 1 a0 0 1 0de 1 0
3a80000 1 0dd 1 ea 0 1 0e8 1 0
000b39b 1 107 1 b3 1 1 108 1 0
0008054 0 0b7 1 80 0 1 0b8 0 0
3d00000 0 0f3 1 f4 0 1 0fe 0 0
27c0000 1 0e0 1 9f 0 1 0eb 1 0
00062bc 1 0b8 1 c5 0 1 0b8 1 0
0007cf7 0 121 1 f9 1 1 121 0 0
0009e0b 1 0b4 1 9e 0 1 0b5 1 0
000b592 0 118 1 b5 1 1 119 0 0
0007937 0 06d 1 f2 0 1 06d 0 0
3080000 1 02d 1 c2 0 1 038 1 0
00081ba 1 0c4 1 81 1 1 0c5 1 0
3a00000 0 0b6 0 e8 0 0 0c1 0 0
000c31c 1 0e2 1 c3 0 1 0e3 1 0
353ffff 1 025 1 d4 1 1 030 1 0
000b328 1 086 1 b3 0 1 087 1 0
27bffff 0 0f1 1 9e 1 1 0fc 0 0
000c270 1 0eb 1 c2 0 1 0ec 1 0
000521f 0 0d9 1 a4 0 1 0d9 0 0
000799d 1 047 1 f3 0 1 047 1 0
2b00000 1 044 1 ac 0 1 04f 1 0
3afffff 0 0ed 1 eb 1 1 0f8 0 0
0005444 0 039 1 a8 1 1 039 0 0
000b391 1 0fa 1 b3 1 1 0fb 1 0
32bffff 1 0b4 1 ca 1 1 0bf 1 0
29bffff 1 083 1 a6 1 1 08e 1 0
3a80000 0 087 1 ea 0 1 092 0 0
0006866 1 0d3 1 d0 1 1 0d3 1 0
0007704 0 098 0 ee 0 1 098 0 0
000482f 0 04b 1 90 0 1 04b 0 0
000469d 0 11d 1 8d 0 1 11d 0 0
0008fbb 0 082 1 8f 1 1 083 0 0
3940000 0 000 1 e5 0 1 00b 0 0
0008e21 1 0c5 1 8e 0 1 0c6 1 0
2600000 1 061 1 98 0 1 06c 1 0
3dfffff 0 083 1 f7 1 1 08e 0 0
3e3ffff 1 0de 1 f8 1 1 0e9 1 0
2b00000 0 0c9 1 ac 0 1 0d4 0 0
000669d 0 041 1 cd 0 1 041 0 0
367ffff 0 09f 1 d9 1 1 0aa 0 0
24bffff 0 08b 1 92 1 1 096 0 0
000b187 1 14e 1 b1 1 1 14f 1 0
2d7ffff 0 044 1 b5 1 1 04f 0 0
0009d0d 1 10b 1 9d 0 1 10c 1 0
3440000 0 0a6 1 d1 0 1 0b1 0 0
0008d6f 1 0fc 1 8d 0 1 0fd 1 0
0007304 0 03a 0 e6 0 1 03a 0 0
0084f8f 1 061 0 84 1 1 066 1 0
00062b1 0 097 0 c5 0 1 097 0 0
000bb86 1 07c 1 bb 1 1 07d 1 0
0009243 0 05a 1 92 0 1 05b 0 0
0005d1e 0 0d2 1 ba 0 1 0d2 0 0
000a988 1 0aa 1 a9 1 1 0ab 1 0
28fffff 1 0a4 1 a3 1 1 0af 1 0
0007a9e 1 052 1 f5 0 1 052 1 0
38fffff 1 097 1 e3 1 1 0a2 1 0
00074df 1 12d 1 e9 1 1 12d 1 0
35c0000 1 0ad 1 d7 0 1 0b8 1 0
000ed4e 0 142 1 ed 0 1 143 0 0
000901a 0 129 1 90 0 1 12a 0 0
0008610 0 05a 1 86 0 1 05b 0 0
000c836 0 092 1 c8 0 1 093 0 0
000cde5 0 121 1 cd 1 1 122 0 0
00087a0 1 0d2 1 87 1 1 0d3 1 0
000aaf8 1 0f4 1 aa 1 1 0f5 1 0
357ffff 0 03d 1 d5 1 1 048 0 0
000b477 0 08d 1 b4 0 1 08e 0 0
000bc66 0 09a 1 bc 0 1 09b 0 0
227ffff 1 0d8 1 89 1 1 0e3 1 0
00069b1 0 093 1 d3 0 1 093 0 0
3b7ffff 0 0d4 1 ed 1 1 0df 0 0
0007603 1 0b3 1 ec 0 1 0b3 1 0
2abffff 0 0da 1 aa 1 1 0e5 0 0
0008c3a 1 08b 1 8c 0 1 08c 1 0
000a861 0 0b5 1 a8 0 1 0b6 0 0
3abffff 1 0e1 1 ea 1 1 0ec 1 0
0006f60 0 0ac 1 de 1 1 0ac 0 0
0008508 1 05a 1 85 0 1 05b 1 0
3b3ffff 1 0b6 1 ec 1 1 0c1 1 0
008cbc0 1 0c8 0 8c 1 1 0cd 1 0
0008b10 0 0a5 1 8b 0 1 0a6 0 0
00091d3 0 0cd 1 91 1 1 0ce 0 0
0008c74 1 123 1 8c 0 1 124 1 0
000a8ae 1 092 1 a8 1 1 093 1 0
32bffff 0 074 1 ca 1 1 07f 0 0
00067a3 0 11f 1 cf 0 1 11f 0 0
203ffff 0 032 1 80 1 1 03d 0 0
00090a2 0 0cf 1 90 1 1 0d0 0 0
3a40000 0 04f 1 e9 0 1 05a 0 0
0004e73 0 103 1 9c 1 1 103 0 0
000644c 0 0b0 1 c8 1 1 0b0 0 0
2740000 0 0c6 1 9d 0 1 0d1 0 0
000c835 0 0cc 1 c8 0 1 0cd 0 0
3b7ffff 1 0dc 1 ed 1 1 0e7 1 0
357ffff 1 0d7 1 d5 1 1 0e2 1 0
00066cc 1 11e 1 cd 1 1 11e 1 0
000a8af 0 116 1 a8 1 1 117 0 0
3afffff 0 0d4 1 eb 1 1 0df 0 0
3cbffff 0 04c 1 f2 1 1 057 0 0
247ffff 0 0da 1 91 1 1 0e5 0 0
00056ff 1 120 1 ad 1 1 120 1 0
3800000 1 0f2 1 e0 0 1 0fd 1 0
000bb27 0 0ab 1 bb 0 1 0ac 0 0
000a728 1 0e9 0 a7 0 1 0ea 1 0
0007593 0 039 1 eb 0 1 039 0 0
0006ccb 0 0af 1 d9 1 1 0af 0 0
3c3ffff 0 0ed 1 f0 1 1 0f8 0 0
000a23f 0 150 1 a2 0 1 151 0 0
30bffff 1 07c 1 c2 1 1 087 1 0
2340000 0 0bd 1 8d 0 1 0c8 0 0
00081b9 1 13c 1 81 1 1 13d 1 0
000ac2b 0 0c3 1 ac 0 1 0c4 0 0
217ffff 0 0dd 1 85 1 1 0e8 0 0
0008414 1 08e 1 84 0 1 08f 1 0
2880000 0 0ed 1 a2 0 1 0f8 0 0
34f4c93 1 0a4 0 d3 1 1 0af 1 0
317ffff 0 056 1 c5 1 1 061 0 0
000a778 1 152 1 a7 0 1 153 1 0
2600000 1 0a3 1 98 0 1 0ae 1 0
39bffff 0 0c3 1 e6 1 1 0ce 0 0
000cd22 1 0d4 1 cd 0 1 0d5 1 0
25c0000 1 0eb 1 97 0 1 0f6 1 0
2b00000 1 071 1 ac 0 1 07c 1 0
2e40000 0 08a 1 b9 0 1 095 0 0
000b8c2 1 0ad 1 b8 1 1 0ae 1 0
0009e8e 1 0e5 1 9e 1 1 0e6 1 0
000761f 1 081 1 ec 0 1 081 1 0
2580000 1 0db 1 96 0 1 0e6 1 0
3980000 0 0da 1 e6 0 1 0e5 0 0
000bd41 0 0c7 1 bd 0 1 0c8 0 0
3d80000 1 09d 1 f6 0 1 0a8 1 0
0007365 0 110 1 e6 1 1 110 0 0
3280000 1 0c5 1 ca 0 1 0d0 1 0
3f00000 1 0bd 1 fc 0 1 0c8 1 0
3b80000 0 099 1 ee 0 1 0a4 0 0
3c00000 1 0d9 1 f0 0 1 0e4 1 0
25fffff 0 069 1 97 1 1 074 0 0
25fffff 1 0b7 1 97 1 1 0c2 1 0
00057ff 1 133 1 af 1 1 133 1 0
217ffff 0 0e2 1 85 1 1 0ed 0 0
36fffff 0 060 1 db 1 1 06b 0 0
36fffff 0 0ee 1 db 1 1 0f9 0 0
28bffff 1 08b 1 a2 1 1 096 1 0
00069bc 1 09f 1 d3 0 1 09f 1 0
00084c0 1 04f 1 84 1 1 050 1 0
0009cad 0 08f 1 9c 1 1 090 0 0
00079f1 0 080 1 f3 1 1 080 0 0
293ffff 0 0be 1 a4 1 1 0c9 0 0
0007f7f 1 140 1 fe 1 1 140 1 0
0007afa 0 113 1 f5 1 1 113 0 0
363ffff 0 0c4 1 d8 1 1 0cf 0 0
0005df1 0 10f 1 bb 1 1 10f 0 0
000b6ad 0 11e 1 b6 1 1 11f 0 0
29bffff 0 08d 1 a6 1 1 098 0 0
0006062 1 0d2 1 c0 1 1 0d2 1 0
000e4bf 0 0fa 1 e4 1 1 0fb 0 0
22fffff 0 0f2 1 8b 1 1 0fd 0 0
3380000 0 0c6 1 ce 0 1 0d1 0 0
3d7ffff 0 0ce 1 f5 1 1 0d9 0 0
00087c0 0 10e 1 87 1 1 10f 0 0
000ec5a 0 062 1 ec 0 1 063 0 0
3f00000 1 0b1 1 fc 0 1 0bc 1 0
000785f 0 080 1 f0 1 1 080 0 0
0005cd0 0 0c5 1 b9 1 1 0c5 0 0
3ec0000 0 05c 1 fb 0 1 067 0 0
23bffff 1 0d0 1 8e 1 1 0db 1 0
0008820 0 110 1 88 0 1 111 0 0
267ffff 1 069 1 99 1 1 074 1 0
0004a23 1 10b 1 94 0 1 10b 1 0
30fffff 0 0ba 1 c3 1 1 0c5 0 0
000a45b 1 0bb 1 a4 0 1 0bc 1 0
2c7ffff 1 055 1 b1 1 1 060 1 0
3abffff 1 0e8 1 ea 1 1 0f3 1 0
00072c6 1 127 1 e5 1 1 127 1 0
2a40000 1 0e4 1 a9 0 1 0ef 1 0
287ffff 0 079 1 a1 1 1 084 0 0
0007ed6 1 059 1 fd 1 1 059 1 0
29c0000 0 0e5 1 a7 0 1 0f0 0 0
3b7ffff 0 063 1 ed 1 1 06e 0 0
0006cff 1 175 1 d9 1 1 175 1 0
39fffff 1 058 1 e7 1 1 063 1 0
0008b42 1 0b1 1 8b 0 1 0b2 1 0
0006c5d 0 03b 1 d8 1 1 03b 0 0
000af83 0 058 1 af 1 1 059 0 0
3e00000 0 0e8 1 f8 0 1 0f3 0 0
313ffff 1 0ed 1 c4 1 1 0f8 1 0
35bffff 0 0ec 1 d6 1 1 0f7 0 0
000a02a 0 0c4 1 a0 0 1 0c5 0 0
0008b14 0 01c 1 8b 0 1 01d 0 0
2080000 0 02f 1 82 0 1 03a 0 0
20fffff 0 0b9 1 83 1 1 0c4 0 0
000dcf3 0 138 1 dc 1 1 139 0 0
2600000 1 0b8 1 98 0 1 0c3 1 0
00075d0 0 050 1 eb 1 1 050 0 0
000b21f 1 10b 1 b2 0 1 10c 1 0
000a350 1 0ea 1 a3 0 1 0eb 1 0
0008bda 0 044 1 8b 1 1 045 0 0
347ffff 0 029 1 d1 1 1 034 0 0
0009546 1 0c4 1 95 0 1 0c5 1 0
00099e4 1 016 0 99 1 1 017 1 0
313ffff 0 0e2 1 c4 1 1 0ed 0 0
233ffff 1 0be 1 8c 1 1 0c9 1 0
000a757 1 0bd 1 a7 0 1 0be 1 0
3400000 1 06d 1 d0 0 1 078 1 0
0f04e34 0 072 0 f0 0 1 07b 0 0
2fc0000 1 0cd 1 bf 0 1 0d8 1 0
23c0000 1 082 1 8f 0 1 08d 1 0
000a430 0 08d 0 a4 0 1 08e 0 0
000b4f0 0 0d3 1 b4 1 1 0d4 0 0
000983f 0 104 1 98 0 1 105 0 0
00093d7 1 168 1 93 1 1 169 1 0
35c0000 1 0e4 1 d7 0 1 0ef 1 0
283ffff 1 0a5 1 a0 1 1 0b0 1 0
2280000 1 0dd 1 8a 0 1 0e8 1 0
0008589 0 03c 1 85 1 1 03d 0 0
2cfffff 1 06d 1 b3 1 1 078 1 0
00052cb 0 0ad 1 a5 1 1 0ad 0 0
0007199 0 0c4 1 e3 0 1 0c4 0 0
000cb21 0 0c8 1 cb 0 1 0c9 0 0
000b568 1 078 1 b5 0 1 079 1 0
3ac0000 1 039 1 eb 0 1 044 1 0
333ffff 0 0b1 1 cc 1 1 0bc 0 0
3280000 0 089 1 ca 0 1 094 0 0
00079b8 1 0be 1 f3 0 1 0be 1 0
0007aa2 0 023 1 f5 0 1 023 0 0
3a00000 0 0ab 1 e8 0 1 0b6 0 0
0005001 0 153 1 a0 0 1 153 0 0
0006748 1 0c0 1 ce 1 1 0c0 1 0
000e2bd 0 0dd 1 e2 1 1 0de 0 0
38c0000 1 0a3 1 e3 0 1 0ae 1 0
0008940 1 0ec 1 89 0 1 0ed 1 0
2840000 1 0ae 1 a1 0 1 0b9 1 0
000bf09 1 09e 1 bf 0 1 09f 1 0
01b4480 1 0af 0 da 0 1 0b5 1 0
3cc0000 1 0e2 1 f3 0 1 0ed 1 0
00060d1 1 111 1 c1 1 1 111 1 0
000a751 0 088 1 a7 0 1 089 0 0
3300000 0 0dc 1 cc 0 1 0e7 0 0
000a094 1 09c 1 a0 1 1 09d 1 0
000db04 0 130 1 db 0 1 131 0 0
0007a85 1 15a 1 f5 0 1 15a 1 0
0004c8e 1 0ac 1 99 0 1 0ac 1 0
0009c98 1 0cf 1 9c 1 1 0d0 1 0
000b04f 1 0c7 1 b0 0 1 0c8 1 0
2640000 1 032 1 99 0 1 03d 1 0
287ffff 1 0a4 1 a1 1 1 0af 1 0
000ab45 0 0ce 0 ab 0 1 0cf 0 0
002816e 1 0bf 0 a0 0 1 0c2 1 0
3d7ffff 1 04d 1 f5 1 1 058 1 0
25bffff 1 09c 1 96 1 1 0a7 1 0
000b27e 1 09b 1 b2 0 1 09c 1 0
00046a7 1 0c1 1 8d 0 1 0c1 1 0
3600000 0 081 1 d8 0 1 08c 0 0
2afffff 1 064 1 ab 1 1 06f 1 0
000b36c 0 125 1 b3 0 1 126 0 0
0007f53 1 05d 1 fe 1 1 05d 1 0
000992f 1 135 1 99 0 1 136 1 0
3080000 1 0a5 1 c2 0 1 0b0 1 0
0009cd8 1 0e0 1 9c 1 1 0e1 1 0
2a80000 1 0f1 1 aa 0 1 0fc 1 0
00067ef 0 0f7 1 cf 1 1 0f7 0 0
0007d6f 0 094 1 fa 1 1 094 0 0
3400000 0 057 1 d0 0 1 062 0 0
37bffff 1 079 1 de 1 1 084 1 0
0007109 1 0af 1 e2 0 1 0af 1 0
3240000 0 0d7 1 c9 0 1 0e2 0 0
0008a60 1 125 1 8a 0 1 126 1 0
3fc0000 1 033 1 ff 0 1 03e 1 0
000891b 1 0f9 1 89 0 1 0fa 1 0
21fffff 0 0a7 1 87 1 1 0b2 0 0
0005587 0 0cc 1 ab 0 1 0cc 0 0
2bfffff 0 06e 1 af 1 1 079 0 0
0008e21 1 071 1 8e 0 1 072 1 0
38c0000 1 0ed 1 e3 0 1 0f8 1 0
3b7ffff 1 09d 1 ed 1 1 0a8 1 0
000ccae 1 100 1 cc 1 1 101 1 0
2e40000 0 0e9 1 b9 0 1 0f4 0 0
2140000 0 0e7 1 85 0 1 0f2 0 0
23bffff 1 027 1 8e 1 1 032 1 0
2940000 1 0c7 1 a5 0 1 0d2 1 0
0007133 0 097 1 e2 0 1 097 0 0
000a0cf 1 055 1 a0 1 1 056 1 0
0008130 1 0f3 1 81 0 1 0f4 1 0
000851a 0 107 1 85 0 1 108 0 0
0007d70 0 0b7 1 fa 1 1 0b7 0 0
0008ca3 0 031 1 8c 1 1 032 0 0
2d3ffff 0 006 1 b4 1 1 011 0 0
00075e2 0 101 1 eb 1 1 101 0 0
353ffff 1 0a8 1 d4 1 1 0b3 1 0
00088d7 1 0ac 1 88 1 1 0ad 1 0
3ac0000 1 04f 1 eb 0 1 05a 1 0
000e77d 1 14c 1 e7 0 1 14d 1 0
3440000 0 07b 1 d1 0 1 086 0 0
000d4e3 1 145 1 d4 1 1 146 1 0
0008fa5 1 102 1 8f 1 1 103 1 0
22bffff 0 0a1 1 8a 1 1 0ac 0 0
2080000 0 0a3 1 82 0 1 0ae 0 0
2880000 1 0ba 1 a2 0 1 0c5 1 0
0007cd7 1 052 1 f9 1 1 052 1 0
0006446 1 14a 1 c8 1 1 14a 1 0
327ffff 0 0f0 1 c9 1 1 0fb 0 0
0008117 0 096 1 81 0 1 097 0 0
000c1bf 1 15c 1 c1 1 1 15d 1 0
3380000 1 0a9 1 ce 0 1 0b4 1 0
2d00000 0 0bc 1 b4 0 1 0c7 0 0
000dd60 0 05d 1 dd 0 1 05e 0 0
000707f 0 132 1 e0 1 1 132 0 0
2700000 1 036 1 9c 0 1 041 1 0
13ecbb8 0 077 0 9f 0 1 081 0 0
000cc30 1 04d 1 cc 0 1 04e 1 0
297ffff 0 0aa 1 a5 1 1 0b5 0 0
0006bf1 0 08d 1 d7 1 1 08d 0 0
34fffff 1 0c9 1 d3 1 1 0d4 1 0
0007080 1 094 1 e1 0 1 094 1 0
363ffff 1 0ad 1 d8 1 1 0b8 1 0
00084b8 0 0ff 1 84 1 1 100 0 0
0008286 1 131 1 82 1 1 132 1 0
3440000 0 0c0 1 d1 0 1 0cb 0 0
2f40000 0 0c5 1 bd 0 1 0d0 0 0
2f80000 1 09c 1 be 0 1 0a7 1 0
2bfffff 1 03e 1 af 1 1 049 1 0
2500000 1 0e6 1 94 0 1 0f1 1 0
3a40000 1 0ab 1 e9 0 1 0b6 1 0
3f80000 0 0ed 1 fe 0 1 0f8 0 0
3b3ffff 0 07e 1 ec 1 1 089 0 0
000912c 1 073 1 91 0 1 074 1 0
0062a0b 1 0a3 0 c5 0 1 0a7 1 0
000a750 0 055 1 a7 0 1 056 0 0
00087b0 1 067 1 87 1 1 068 1 0
000d8a4 1 037 1 d8 1 1 038 1 0
24fffff 0 0ba 1 93 1 1 0c5 0 0
3ebffff 0 0e0 1 fa 1 1 0eb 0 0
000b36d 0 11b 1 b3 0 1 11c 0 0
000a128 0 098 1 a1 0 1 099 0 0
0009108 1 0a2 1 91 0 1 0a3 1 0
26fffff 0 0e0 1 9b 1 1 0eb 0 0
273ffff 0 063 1 9c 1 1 06e 0 0
373ffff 1 07b 1 dc 1 1 086 1 0
00061e1 0 08f 1 c3 1 1 08f 0 0
373ffff 1 07c 1 dc 1 1 087 1 0
0008c9f 1 067 1 8c 1 1 068 1 0
367ffff 0 0c1 1 d9 1 1 0cc 0 0
2a7ffff 1 064 1 a9 1 1 06f 1 0
24c0000 1 094 1 93 0 1 09f 1 0
0006abb 0 0dc 1 d5 0 1 0dc 0 0
000a428 1 149 1 a4 0 1 14a 1 0
000e619 1 0da 1 e6 0 1 0db 1 0
2efffff 0 056 1 bb 1 1 061 0 0
000b27f 0 136 1 b2 0 1 137 0 0
00076af 1 152 1 ed 0 1 152 1 0
000652c 1 088 1 ca 0 1 088 1 0
30c0000 1 0a3 1 c3 0 1 0ae 1 0
33bffff 1 0cf 1 ce 1 1 0da 1 0
0a87e83 1 0a7 0 a8 0 1 0b0 1 0
0004a00 1 0e9 1 94 0 1 0e9 1 0
3b7ffff 0 026 1 ed 1 1 031 0 0
3840000 1 0ea 1 e1 0 1 0f5 1 0
0007c47 0 0b3 1 f8 1 1 0b3 0 0
000460b 1 0f2 1 8c 0 1 0f2 1 0
0007a4e 0 149 1 f4 1 1 149 0 0
0008e02 0 0af 1 8e 0 1 0b0 0 0
00054b3 0 0c0 1 a9 0 1 0c0 0 0
000cfe0 1 0a5 1 cf 1 1 0a6 1 0
0007ca9 0 0b8 0 f9 0 1 0b8 0 0
2b00000 1 0b9 1 ac 0 1 0c4 1 0
2540000 0 068 1 95 0 1 073 0 0
0008a1f 1 111 1 8a 0 1 112 1 0
000a8af 1 13d 1 a8 1 1 13e 1 0
029d578 1 081 0 a7 0 1 088 1 0
0007c29 1 15c 1 f8 0 1 15c 1 0
2640000 1 0e5 1 99 0 1 0f0 1 0
0006f5c 0 097 1 de 1 1 097 0 0
0008fe6 0 15d 1 8f 1 1 15e 0 0
0007277 1 0e3 1 e4 1 1 0e3 1 0
0007fa8 1 122 1 ff 0 1 122 1 0
393ffff 0 0b3 1 e4 1 1 0be 0 0
0009c8c 0 14b 1 9c 1 1 14c 0 0
26fffff 0 010 1 9b 1 1 01b 0 0
3b80000 0 08a 1 ee 0 1 095 0 0
0007604 0 06d 1 ec 0 1 06d 0 0
000e1ef 1 12e 1 e1 1 1 12f 1 0
000ba46 0 087 1 ba 0 1 088 0 0
3bbffff 0 096 1 ee 1 1 0a1 0 0
35c0000 1 0cd 1 d7 0 1 0d8 1 0
2a3ffff 1 0d3 1 a8 1 1 0de 1 0
000601d 0 11a 1 c0 0 1 11a 0 0
00061fd 0 072 1 c3 1 1 072 0 0
2b00000 0 0ee 1 ac 0 1 0f9 0 0
000761f 0 0d2 1 ec 0 1 0d2 0 0
3d3ffff 0 09f 1 f4 1 1 0aa 0 0
28bffff 0 078 1 a2 1 1 083 0 0
000c77b 0 17b 1 c7 0 1 17c 0 0
000c201 1 0b3 1 c2 0 1 0b4 1 0
2a3ffff 0 0a6 1 a8 1 1 0b1 0 0
2ec0000 0 0f3 1 bb 0 1 0fe 0 0
0004980 0 094 1 93 0 1 094 0 0
22bffff 1 096 1 8a 1 1 0a1 1 0
0007ef3 0 03b 1 fd 1 1 03b 0 0
39c0000 0 063 1 e7 0 1 06e 0 0
000b67b 0 110 1 b6 0 1 111 0 0
377ffff 1 08c 1 dd 1 1 097 1 0
3c3ffff 1 03b 1 f0 1 1 046 1 0
38bffff 0 0e1 1 e2 1 1 0ec 0 0
000e3cc 0 0f1 1 e3 1 1 0f2 0 0
000696a 1 130 0 d2 1 1 130 1 0
3a7ffff 1 08a 1 e9 1 1 095 1 0
00085b0 1 05b 0 85 1 1 05c 1 0
21fffff 1 0e5 1 87 1 1 0f0 1 0
000c39b 1 0da 1 c3 1 1 0db 1 0
000718d 0 0e6 1 e3 0 1 0e6 0 0
3cc0000 1 0d8 1 f3 0 1 0e3 1 0
0009245 1 0b2 1 92 0 1 0b3 1 0
20bffff 1 09c 1 82 1 1 0a7 1 0
000e086 1 055 1 e0 1 1 056 1 0
31bffff 1 0bb 1 c6 1 1 0c6 1 0
0005e0f 1 139 1 bc 0 1 139 1 0
000c503 0 00f 1 c5 0 1 010 0 0
000bd36 0 075 1 bd 0 1 076 0 0
3f80000 0 03d 1 fe 0 1 048 0 0
00076f8 1 016 0 ed 1 1 016 1 0
0009e6f 0 0c2 1 9e 0 1 0c3 0 0
0009495 1 076 1 94 1 1 077 1 0
2700000 1 0a7 1 9c 0 1 0b2 1 0
2bfffff 0 08c 1 af 1 1 097 0 0
000b2c0 1 076 0 b2 1 1 077 1 0
000cc15 1 110 1 cc 0 1 111 1 0
0008904 0 104 1 89 0 1 105 0 0
0007a8c 1 115 1 f5 0 1 115 1 0
2e40000 0 05c 1 b9 0 1 067 0 0
0005be0 1 0f8 1 b7 1 1 0f8 1 0
34c0000 0 0ee 1 d3 0 1 0f9 0 0
0009173 0 0ab 1 91 0 1 0ac 0 0
0008153 0 12e 1 81 0 1 12f 0 0
022a5b8 0 00b 0 8a 1 1 012 0 0
2f7ffff 0 0b6 1 bd 1 1 0c1 0 0
0005a64 1 0af 1 b4 1 1 0af 1 0
000d40c 0 094 1 d4 0 1 095 0 0
27c0000 0 0b4 1 9f 0 1 0bf 0 0
2900000 1 092 1 a4 0 1 09d 1 0
0008a01 0 09c 1 8a 0 1 09d 0 0
3240000 0 0a4 1 c9 0 1 0af 0 0
37bffff 1 070 1 de 1 1 07b 1 0
203ffff 0 07d 1 80 1 1 088 0 0
0008fb8 0 0ff 1 8f 1 1 100 0 0
0009c0f 0 08f 1 9c 0 1 090 0 0
000f90c 1 131 1 f9 0 1 132 1 0
0005eab 1 071 1 bd 0 1 071 1 0
0007f09 0 134 1 fe 0 1 134 0 0
0007f70 1 061 1 fe 1 1 061 1 0
0008b24 0 012 1 8b 0 1 013 0 0
00086f0 1 099 1 86 1 1 09a 1 0
3e7ffff 1 0ab 1 f9 1 1 0b6 1 0
25c0000 1 0e6 1 97 0 1 0f1 1 0
28fffff 0 0b3 1 a3 1 1 0be 0 0
2afffff 0 097 1 ab 1 1 0a2 0 0
0004b7f 1 05a 1 96 1 1 05a 1 0
3bfffff 0 093 1 ef 1 1 09e 0 0
207ffff 1 0c2 1 81 1 1 0cd 1 0
00031e8 1 028 0 c7 1 1 027 1 0
000a460 1 0c2 1 a4 0 1 0c3 1 0
333ffff 0 0c5 1 cc 1 1 0d0 0 0
3600000 0 0bb 1 d8 0 1 0c6 0 0
0006863 0 0d3 1 d0 1 1 0d3 0 0
3a80000 0 0d3 1 ea 0 1 0de 0 0
2140000 0 095 1 85 0 1 0a0 0 0
0007141 1 0cc 1 e2 1 1 0cc 1 0
0009704 1 0ba 0 97 0 1 0bb 1 0
0f3991b 0 057 0 f3 1 1 060 0 0
3fbffff 1 014 1 fe 1 1 01f 1 0
0007cdb 0 075 1 f9 1 1 075 0 0
0009825 1 0ac 1 98 0 1 0ad 1 0
3ec0000 1 08a 1 fb 0 1 095 1 0
0009ea0 0 108 1 9e 1 1 109 0 0
000d257 1 121 1 d2 0 1 122 1 0
0009600 1 0b6 1 96 0 1 0b7 1 0
3f80000 0 02a 1 fe 0 1 035 0 0
000a276 1 08d 1 a2 0 1 08e 1 0
000d12d 1 12f 1 d1 0 1 130 1 0
0006fc3 0 06d 1 df 1 1 06d 0 0
000674d 0 077 1 ce 1 1 077 0 0
000b6aa 1 127 1 b6 1 1 128 1 0
3980000 1 05a 1 e6 0 1 065 1 0
21c0000 1 01a 1 87 0 1 025 1 0
313ffff 1 085 1 c4 1 1 090 1 0
0005876 1 0f2 1 b0 1 1 0f2 1 0
000a26b 1 0b3 1 a2 0 1 0b4 1 0
24c0000 0 072 1 93 0 1 07d 0 0
30bffff 0 0ba 1 c2 1 1 0c5 0 0
223ffff 1 04a 1 88 1 1 055 1 0
000a299 0 15a 1 a2 1 1 15b 0 0
000960f 0 072 1 96 0 1 073 0 0
0005df2 1 0ac 1 bb 1 1 0ac 1 0
26fffff 0 07d 1 9b 1 1 088 0 0
2b3ffff 1 08a 1 ac 1 1 095 1 0
2140000 0 0b3 1 85 0 1 0be 0 0
00070cb 0 080 1 e1 1 1 080 0 0
20bffff 1 032 1 82 1 1 03d 1 0
000b08e 0 0e6 1 b0 1 1 0e7 0 0
000b517 0 05a 1 b5 0 1 05b 0 0
000940c 0 123 1 94 0 1 124 0 0
00de934 1 02c 0 de 1 1 031 1 0
0005dc9 1 09e 1 bb 1 1 09e 1 0
000962d 1 12c 1 96 0 1 12d 1 0
3900000 1 0b8 1 e4 0 1 0c3 1 0
2800000 1 067 0 a0 0 0 072 1 0
0009bfe 0 072 1 9b 1 1 073 0 0
30fffff 0 03b 1 c3 1 1 046 0 0
227ffff 0 061 1 89 1 1 06c 0 0
0007e90 1 0de 1 fd 0 1 0de 1 0
2580000 1 0d9 1 96 0 1 0e4 1 0
2f00000 0 05d 1 bc 0 1 068 0 0
0009638 1 120 1 96 0 1 121 1 0
0009d07 0 0d7 1 9d 0 1 0d8 0 0
0006d3e 1 0c4 1 da 0 1 0c4 1 0
313ffff 1 0cb 1 c4 1 1 0d6 1 0
32c0000 1 06b 1 cb 0 1 076 1 0
3800000 1 066 1 e0 0 1 071 1 0
2cc0000 0 089 1 b3 0 1 094 0 0
30c0000 0 04c 1 c3 0 1 057 0 0
0006063 1 0f6 1 c0 1 1 0f6 1 0
24fffff 0 07f 1 93 1 1 08a 0 0
000c00b 1 159 1 c0 0 1 15a 1 0
393ffff 1 0ce 1 e4 1 1 0d9 1 0
2dfffff 1 0ea 1 b7 1 1 0f5 1 0
3880000 0 0ba 1 e2 0 1 0c5 0 0
203ffff 1 0c7 1 80 1 1 0d2 1 0
000e004 0 0ad 1 e0 0 1 0ae 0 0
0000000 0 3f5 1 00 0 1 3e7 0 1
34bffff 1 060 1 d2 1 1 06b 1 0
377ffff 0 0bb 1 dd 1 1 0c6 0 0
0008b0f 1 066 1 8b 0 1 067 1 0
2b3ffff 0 061 1 ac 1 1 06c 0 0
00074f9 1 09b 1 e9 1 1 09b 1 0
000bee0 1 0fa 0 be 1 1 0fb 1 0
33bffff 1 0da 1 ce 1 1 0e5 1 0
2ffffff 0 050 1 bf 1 1 05b 0 0
34fffff 1 0b4 1 d3 1 1 0bf 1 0
2880000 0 0c7 1 a2 0 1 0d2 0 0
0046928 0 006 0 8d 0 1 00a 0 0
2dbffff 1 045 1 b6 1 1 050 1 0
2ffffff 0 0d8 1 bf 1 1 0e3 0 0
00074e5 1 0b7 1 e9 1 1 0b7 1 0
20fffff 1 0f1 1 83 1 1 0fc 1 0
35c0000 0 037 0 d7 0 0 042 0 0
00063b0 1 0d1 1 c7 0 1 0d1 1 0
377ffff 0 048 1 dd 1 1 053 0 0
0005e6d 1 134 1 bc 1 1 134 1 0
2400000 1 068 1 90 0 1 073 1 0
3c80000 0 0bc 1 f2 0 1 0c7 0 0
0007fe8 1 055 1 ff 1 1 055 1 0
2a7ffff 0 094 1 a9 1 1 09f 0 0
2fc0000 1 021 1 bf 0 1 02c 1 0
00090b9 0 0be 1 90 1 1 0bf 0 0
0008a77 0 030 1 8a 0 1 031 0 0
36fffff 1 0cd 1 db 1 1 0d8 1 0
3a7ffff 1 071 1 e9 1 1 07c 1 0
0014293 0 051 0 a1 0 1 053 0 0
2b3ffff 1 0e0 1 ac 1 1 0eb 1 0
25c0000 1 072 1 97 0 1 07d 1 0
000a4d8 1 0b7 1 a4 1 1 0b8 1 0
0005dd5 1 003 0 bb 1 1 003 1 0
000621b 1 082 1 c4 0 1 082 1 0
2e80000 1 049 1 ba 0 1 054 1 0
0006387 0 133 1 c7 0 1 133 0 0
000972c 0 0fc 1 97 0 1 0fd 0 0
0009d38 0 10a 1 9d 0 1 10b 0 0
2340000 0 0bb 1 8d 0 1 0c6 0 0
00084ed 0 04a 1 84 1 1 04b 0 0
0004cf1 0 0e4 1 99 1 1 0e4 0 0
0008ae0 1 0dd 1 8a 1 1 0de 1 0
3dbffff 1 0e5 1 f6 1 1 0f0 1 0
0008bc1 1 138 1 8b 1 1 139 1 0
3b7ffff 1 0d2 1 ed 1 1 0dd 1 0
273ffff 1 0a0 1 9c 1 1 0ab 1 0
38bffff 0 0c2 1 e2 1 1 0cd 0 0
2580000 0 0a9 1 96 0 1 0b4 0 0
24fffff 1 0c0 1 93 1 1 0cb 1 0
0007fef 1 0ea 1 ff 1 1 0ea 1 0
000a68b 0 11a 1 a6 1 1 11b 0 0
00061c2 0 085 1 c3 1 1 085 0 0
3945258 0 044 0 e5 0 1 04f 0 0
029af04 1 042 0 a6 1 1 049 1 0
2000000 0 0bc 1 80 0 1 0c7 0 0
000945c 1 048 0 94 0 1 049 1 0
26fffff 0 0db 1 9b 1 1 0e6 0 0
0005343 0 15f 1 a6 1 1 15f 0 0
2e00000 0 0d2 1 b8 0 1 0dd 0 0
2dbffff 0 084 1 b6 1 1 08f 0 0
33fffff 0 033 1 cf 1 1 03e 0 0
0007d04 1 0b0 1 fa 0 1 0b0 1 0
00072c0 0 0f6 1 e5 1 1 0f6 0 0
0006538 0 14d 1 ca 0 1 14d 0 0
37c0000 1 079 1 df 0 1 084 1 0
000c864 0 0d8 1 c8 0 1 0d9 0 0
3c80000 0 063 1 f2 0 1 06e 0 0
0009aa6 1 0a9 1 9a 1 1 0aa 1 0
0007dbe 0 102 1 fb 0 1 102 0 0
000f10e 1 148 1 f1 0 1 149 1 0
0fc880e 1 0a4 0 fc 1 1 0ad 1 0
2440000 1 073 1 91 0 1 07e 1 0
2100000 0 07a 1 84 0 1 085 0 0
39bffff 1 0be 1 e6 1 1 0c9 1 0
0007f87 1 12d 1 ff 0 1 12d 1 0
3c3ffff 0 078 1 f0 1 1 083 0 0
38c0000 1 0ba 1 e3 0 1 0c5 1 0
0007c73 1 090 0 f8 1 1 090 1 0
0007ce0 1 0aa 1 f9 1 1 0aa 1 0
283ffff 0 0e0 1 a0 1 1 0eb 0 0
0007263 0 0af 1 e4 1 1 0af 0 0
2d7ffff 1 02b 1 b5 1 1 036 1 0
2700000 0 0d2 1 9c 0 1 0dd 0 0
3a40000 0 056 1 e9 0 1 061 0 0
000726a 0 0fb 1 e4 1 1 0fb 0 0
0007ffb 0 0a9 1 ff 1 1 0a9 0 0
0009775 0 118 1 97 0 1 119 0 0
0008427 1 0d9 1 84 0 1 0da 1 0
00070a8 1 117 1 e1 0 1 117 1 0
000b515 1 0a1 1 b5 0 1 0a2 1 0
00068c9 1 127 1 d1 1 1 127 1 0
3cfffff 1 0c4 1 f3 1 1 0cf 1 0
2f7ffff 1 076 1 bd 1 1 081 1 0
37fffff 0 0cc 1 df 1 1 0d7 0 0
363ffff 1 0ce 1 d8 1 1 0d9 1 0
387ffff 0 0a0 1 e1 1 1 0ab 0 0
0001aec 1 04f 0 d7 0 1 04d 1 0
24c0000 0 0ed 1 93 0 1 0f8 0 0
3fbffff 1 05a 1 fe 1 1 065 1 0
0006510 1 14a 1 ca 0 1 14a 1 0
2d80000 1 053 1 b6 0 1 05e 1 0
2900000 1 041 1 a4 0 1 04c 1 0
337ffff 0 0cb 1 cd 1 1 0d6 0 0
0008acb 0 0d4 1 8a 1 1 0d5 0 0
00064ee 1 08e 1 c9 1 1 08e 1 0
2d3ffff 0 0df 1 b4 1 1 0ea 0 0
24fffff 1 06d 1 93 1 1 078 1 0
3f7ffff 0 01a 1 fd 1 1 025 0 0
0005467 1 03c 1 a8 1 1 03c 1 0
287ffff 1 0ba 1 a1 1 1 0c5 1 0
00061bc 1 0f2 1 c3 0 1 0f2 1 0
23fffff 1 047 1 8f 1 1 052 1 0
2740000 1 0bc 1 9d 0 1 0c7 1 0
0008a96 0 051 1 8a 1 1 052 0 0
2fc0000 1 010 1 bf 0 1 01b 1 0
0006682 0 076 1 cd 0 1 076 0 0
0008441 0 09d 1 84 0 1 09e 0 0
000c020 0 0e8 1 c0 0 1 0e9 0 0
2f3ffff 1 0cc 1 bc 1 1 0d7 1 0
33bffff 1 027 1 ce 1 1 032 1 0
3b00000 0 06f 1 ec 0 1 07a 0 0
000598d 1 0cd 1 b3 0 1 0cd 1 0
32c0000 0 0d2 1 cb 0 1 0dd 0 0
2200000 0 0ed 1 88 0 1 0f8 0 0
25c0000 0 081 1 97 0 1 08c 0 0
32bffff 1 084 1 ca 1 1 08f 1 0
3340000 0 058 1 cd 0 1 063 0 0
37c0000 1 0e5 1 df 0 1 0f0 1 0
25c0000 1 0bc 1 97 0 1 0c7 1 0
0008369 1 123 1 83 0 1 124 1 0
3bfffff 1 079 1 ef 1 1 084 1 0
3b80000 1 0cb 1 ee 0 1 0d6 1 0
0008c9a 0 08c 0 8c 1 1 08d 0 0
000a471 1 073 1 a4 0 1 074 1 0
3b3ffff 1 0b3 1 ec 1 1 0be 1 0
000c161 0 0ff 1 c1 0 1 100 0 0
000bb56 1 090 1 bb 0 1 091 1 0
000b44a 1 118 1 b4 0 1 119 1 0
3e80000 1 0df 1 fa 0 1 0ea 1 0
27bffff 1 085 1 9e 1 1 090 1 0
333ffff 0 010 1 cc 1 1 01b 0 0
0006f9e 1 06f 1 df 0 1 06f 1 0
0007241 0 0dc 1 e4 1 1 0dc 0 0
0008594 0 0e7 1 85 1 1 0e8 0 0
2c3ffff 1 0e8 1 b0 1 1 0f3 1 0
00097df 1 133 1 97 1 1 134 1 0
373ffff 1 0c4 1 dc 1 1 0cf 1 0
00067c0 0 098 1 cf 1 1 098 0 0
2900000 0 0e8 1 a4 0 1 0f3 0 0
0007c58 1 0ee 1 f8 1 1 0ee 1 0
0008bdd 1 0f0 1 8b 1 1 0f1 1 0
2b80000 1 09e 1 ae 0 1 0a9 1 0
26bffff 0 0dc 1 9a 1 1 0e7 0 0
00057a3 0 04a 1 af 0 1 04a 0 0
3bfffff 0 0aa 1 ef 1 1 0b5 0 0
28fffff 0 059 1 a3 1 1 064 0 0
0005a89 0 078 1 b5 0 1 078 0 0
000954b 1 06a 1 95 0 1 06b 1 0
3fbffff 1 077 1 fe 1 1 082 1 0
000f230 1 125 1 f2 0 1 126 1 0
3800000 1 07f 1 e0 0 1 08a 1 0
01c08f2 1 3fd 0 e0 0 1 003 1 0
253ffff 0 036 1 94 1 1 041 0 0
000aa9f 1 142 1 aa 1 1 143 1 0
00060bc 1 15a 1 c1 0 1 15a 1 0
000c80b 0 0a1 1 c8 0 1 0a2 0 0
2b7ffff 0 084 1 ad 1 1 08f 0 0
3a80000 1 0d2 1 ea 0 1 0dd 1 0
3e7ffff 0 0e0 1 f9 1 1 0eb 0 0
27c0000 1 08f 1 9f 0 1 09a 1 0
0005f29 1 093 1 be 0 1 093 1 0
3d3ffff 0 089 1 f4 1 1 094 0 0
003336d 0 0ed 0 cc 1 1 0f0 0 0
00083d5 0 0fb 1 83 1 1 0fc 0 0
227ffff 1 0eb 1 89 1 1 0f6 1 0
293ffff 0 088 1 a4 1 1 093 0 0
3400000 0 07a 1 d0 0 1 085 0 0
2bbffff 0 058 1 ae 1 1 063 0 0
0006abc 0 041 0 d5 0 1 041 0 0
00069b8 1 04b 1 d3 0 1 04b 1 0
000bdea 0 097 1 bd 1 1 098 0 0
2cc0000 0 06c 1 b3 0 1 077 0 0
2380000 0 0d8 1 8e 0 1 0e3 0 0
00076ac 0 147 1 ed 0 1 147 0 0
2200000 0 0b1 1 88 0 1 0bc 0 0
000902a 1 09b 1 90 0 1 09c 1 0
2cbffff 0 0c9 1 b2 1 1 0d4 0 0
0006fce 0 0d5 1 df 1 1 0d5 0 0
3c40000 1 0d0 1 f1 0 1 0db 1 0
3dc0000 1 0d1 1 f7 0 1 0dc 1 0
000ec63 0 079 1 ec 0 1 07a 0 0
000b5c2 0 15c 1 b5 1 1 15d 0 0
0008f1f 0 058 0 8f 0 1 059 0 0
000c774 0 148 1 c7 0 1 149 0 0
3f3ffff 0 0d5 1 fc 1 1 0e0 0 0
000722f 1 0d8 1 e4 0 1 0d8 1 0
38bffff 0 0e0 1 e2 1 1 0eb 0 0
000a1cc 0 0ae 1 a1 1 1 0af 0 0
31c0000 1 0d7 1 c7 0 1 0e2 1 0
000c31e 1 14c 1 c3 0 1 14d 1 0
0009759 0 096 1 97 0 1 097 0 0
000969b 0 0ef 1 96 1 1 0f0 0 0
0005a33 1 09f 1 b4 0 1 09f 1 0
0005a33 0 127 1 b4 0 1 127 0 0
00075bb 1 077 1 eb 0 1 077 1 0
0009540 1 0b6 1 95 0 1 0b7 1 0
0007bbf 0 070 1 f7 0 1 070 0 0
24c0000 1 0da 1 93 0 1 0e5 1 0
3a00000 1 087 1 e8 0 1 092 1 0
2f40000 1 0c9 1 bd 0 1 0d4 1 0
0007237 1 0e1 1 e4 0 1 0e1 1 0
000a4fd 1 138 1 a4 1 1 139 1 0
3b40000 0 0ce 1 ed 0 1 0d9 0 0
000d13f 1 0b8 1 d1 0 1 0b9 1 0
373ffff 0 0f2 1 dc 1 1 0fd 0 0
3dfffff 1 039 1 f7 1 1 044 1 0
0009636 1 10c 1 96 0 1 10d 1 0
000d230 1 0ee 1 d2 0 1 0ef 1 0
2500000 0 06a 1 94 0 1 075 0 0
22fffff 0 0d6 1 8b 1 1 0e1 0 0
24bffff 1 0b4 1 92 1 1 0bf 1 0
2100000 1 070 1 84 0 1 07b 1 0
0008207 1 070 1 82 0 1 071 1 0
3000000 1 0ea 1 c0 0 1 0f5 1 0
0006108 0 170 1 c2 0 1 170 0 0
2d3ffff 0 0da 1 b4 1 1 0e5 0 0
2a00000 1 0eb 1 a8 0 1 0f6 1 0
012eb7f 0 0dd 0 97 0 1 0e3 0 0
3e80000 0 0bf 1 fa 0 1 0ca 0 0
0008841 1 0ad 1 88 0 1 0ae 1 0
0005514 1 0b5 1 aa 0 1 0b5 1 0
0005b14 0 0bb 1 b6 0 1 0bb 0 0
373ffff 0 0ed 1 dc 1 1 0f8 0 0
0007e6f 1 0dc 1 fc 1 1 0dc 1 0
393ffff 1 064 1 e4 1 1 06f 1 0
000a559 0 10e 1 a5 0 1 10f 0 0
0008603 1 0ab 1 86 0 1 0ac 1 0
000e717 1 145 1 e7 0 1 146 1 0
2a7ffff 0 0b0 1 a9 1 1 0bb 0 0
377ffff 1 0b4 1 dd 1 1 0bf 1 0
3bbffff 0 073 1 ee 1 1 07e 0 0
000ef45 0 0be 1 ef 0 1 0bf 0 0
3cbffff 1 023 1 f2 1 1 02e 1 0
0006220 1 07a 1 c4 0 1 07a 1 0
0004aff 0 060 1 95 1 1 060 0 0
0007888 0 0e1 1 f1 0 1 0e1 0 0
0006f7d 1 130 1 de 1 1 130 1 0
20bffff 1 0b2 1 82 1 1 0bd 1 0
0006557 0 0d3 1 ca 1 1 0d3 0 0
000b814 0 134 1 b8 0 1 135 0 0
3e7ffff 0 09d 1 f9 1 1 0a8 0 0
0007e82 0 0f9 1 fd 0 1 0f9 0 0
38fffff 1 052 1 e3 1 1 05d 1 0
00061c1 1 0d8 1 c3 1 1 0d8 1 0
3b40000 0 06b 1 ed 0 1 076 0 0
2440000 1 0b7 1 91 0 1 0c2 1 0
00054ff 0 138 1 a9 1 1 138 0 0
00077de 1 079 1 ef 1 1 079 1 0
2f40000 1 0d5 1 bd 0 1 0e0 1 0
2efffff 0 090 1 bb 1 1 09b 0 0
0008526 1 08c 1 85 0 1 08d 1 0
00071ff 1 019 1 e3 1 1 019 1 0
000522a 0 085 1 a4 0 1 085 0 0
2400000 0 0bf 1 90 0 1 0ca 0 0
000af3e 1 0d8 1 af 0 1 0d9 1 0
387ffff 1 0e7 1 e1 1 1 0f2 1 0
0009dde 0 0be 1 9d 1 1 0bf 0 0
0009d7f 1 02a 1 9d 0 1 02b 1 0
0006bf0 1 0d9 1 d7 1 1 0d9 1 0
000b8fb 1 077 1 b8 1 1 078 1 0
3440000 0 008 0 d1 0 0 013 0 0
3540000 1 3ff 1 d5 0 1 00a 1 0
00084b7 1 105 1 84 1 1 106 1 0
31c0000 1 034 1 c7 0 1 03f 1 0
000724c 0 059 1 e4 1 1 059 0 0
20c0000 0 09d 1 83 0 1 0a8 0 0
0005334 1 08e 1 a6 0 1 08e 1 0
0009cf2 1 065 1 9c 1 1 066 1 0
000a4c9 0 097 1 a4 1 1 098 0 0
000cf30 1 0d2 1 cf 0 1 0d3 1 0
2480000 1 02c 1 92 0 1 037 1 0
2040000 1 077 1 81 0 1 082 1 0
2980000 1 03a 1 a6 0 1 045 1 0
2680000 0 0b1 1 9a 0 1 0bc 0 0
0006f7f 0 060 1 de 1 1 060 0 0
28bffff 0 0a6 1 a2 1 1 0b1 0 0
000a2d8 0 0d8 1 a2 1 1 0d9 0 0
3f80000 0 0d9 1 fe 0 1 0e4 0 0
25c0000 1 0e8 1 97 0 1 0f3 1 0
0007de6 1 0e1 1 fb 1 1 0e1 1 0
000a690 1 05b 1 a6 1 1 05c 1 0
2900000 1 0e7 1 a4 0 1 0f2 1 0
3bc0000 1 0d3 1 ef 0 1 0de 1 0
39c0000 1 01e 1 e7 0 1 029 1 0
3cbffff 1 051 1 f2 1 1 05c 1 0
0007ef8 1 0f6 1 fd 1 1 0f6 1 0
30fffff 0 065 1 c3 1 1 070 0 0
24fffff 1 0e3 1 93 1 1 0ee 1 0
3f80000 0 03d 1 fe 0 1 048 0 0
247ffff 1 0b4 1 91 1 1 0bf 1 0
000d10f 1 077 1 d1 0 1 078 1 0
000727f 0 0a8 1 e4 1 1 0a8 0 0
2b3ffff 0 04e 1 ac 1 1 059 0 0
313ffff 1 0b8 1 c4 1 1 0c3 1 0
2dfffff 1 079 1 b7 1 1 084 1 0
000aca8 0 133 1 ac 1 1 134 0 0
0007d90 0 163 1 fb 0 1 163 0 0
36bffff 1 0db 1 da 1 1 0e6 1 0
2240000 0 0f1 1 89 0 1 0fc 0 0
0005f73 0 0a4 1 be 1 1 0a4 0 0
3140000 1 079 1 c5 0 1 084 1 0
000538e 1 075 1 a7 0 1 075 1 0
0005a8e 1 14b 1 b5 0 1 14b 1 0
31fffff 1 03d 1 c7 1 1 048 1 0
3d3ffff 1 073 1 f4 1 1 07e 1 0
3300000 1 0a8 1 cc 0 1 0b3 1 0
0004c04 1 0ac 1 98 0 1 0ac 1 0
0007327 0 06e 1 e6 0 1 06e 0 0
0005a27 0 115 1 b4 0 1 115 0 0
000506d 0 085 1 a0 1 1 085 0 0
000574e 0 0e8 1 ae 1 1 0e8 0 0
0006f78 1 033 1 de 1 1 033 1 0
0005cd0 1 04c 0 b9 1 1 04c 1 0
3d3ffff 0 0f0 1 f4 1 1 0fb 0 0
38bffff 0 089 1 e2 1 1 094 0 0
2e80000 1 0d3 1 ba 0 1 0de 1 0
36fffff 0 03a 1 db 1 1 045 0 0
2abffff 0 0bc 1 aa 1 1 0c7 0 0
2a3ffff 1 0cb 1 a8 1 1 0d6 1 0
000945b 0 10b 1 94 0 1 10c 0 0
00059e0 1 0cd 1 b3 1 1 0cd 1 0
0007f68 0 092 1 fe 1 1 092 0 0
000c8d0 0 0be 1 c8 1 1 0bf 0 0
00086f1 1 0be 1 86 1 1 0bf 1 0
3cbffff 1 002 1 f2 1 1 00d 1 0
38c0000 1 096 1 e3 0 1 0a1 1 0
2a00000 0 0e8 1 a8 0 1 0f3 0 0
2cfffff 0 0b6 1 b3 1 1 0c1 0 0
000e5a4 1 100 0 e5 1 1 101 1 0
000e547 1 075 1 e5 0 1 076 1 0
0006e3e 1 0b5 1 dc 0 1 0b5 1 0
0008953 1 0fd 1 89 0 1 0fe 1 0
29fffff 0 0bf 1 a7 1 1 0ca 0 0
0006848 0 0bd 1 d0 1 1 0bd 0 0
3bfffff 0 045 1 ef 1 1 050 0 0
0007be8 0 115 1 f7 1 1 115 0 0
25fffff 0 080 1 97 1 1 08b 0 0
00072ba 0 049 1 e5 0 1 049 0 0
000b8b0 0 0c9 1 b8 1 1 0ca 0 0
0004a32 0 0a6 1 94 0 1 0a6 0 0
1ffffff 1 097 1 ff 1 1 0a1 1 0
2a80000 0 01f 1 aa 0 1 02a 0 0
2680000 1 08e 1 9a 0 1 099 1 0
000d74d 1 122 1 d7 0 1 123 1 0
22c0000 1 00f 1 8b 0 1 01a 1 0
000b8ee 0 080 0 b8 1 1 081 0 0
2ac0000 0 0cf 1 ab 0 1 0da 0 0
00084e3 0 09f 1 84 1 1 0a0 0 0
0007c3f 0 0b3 1 f8 0 1 0b3 0 0
000d002 1 101 1 d0 0 1 102 1 0
0009bfa 1 098 1 9b 1 1 099 1 0
253ffff 0 3f6 1 94 1 1 001 0 0
0a7b020 1 059 0 a7 1 1 062 1 0
19a8ec3 0 059 0 cd 0 1 063 0 0
3fc0000 1 0e7 1 ff 0 1 0f2 1 0
00067b5 1 118 1 cf 0 1 118 1 0
0005bf6 0 089 1 b7 1 1 089 0 0
363ffff 0 0dc 1 d8 1 1 0e7 0 0
33bffff 1 08d 1 ce 1 1 098 1 0
000777c 1 052 1 ee 1 1 052 1 0
293ffff 1 09d 1 a4 1 1 0a8 1 0
3c3ffff 1 092 1 f0 1 1 09d 1 0
00093d5 0 028 1 93 1 1 029 0 0
3600000 1 0cf 1 d8 0 1 0da 1 0
2600000 0 0db 1 98 0 1 0e6 0 0
33fffff 1 0f0 1 cf 1 1 0fb 1 0
28bffff 0 088 1 a2 1 1 093 0 0
2b00000 0 026 1 ac 0 1 031 0 0
0008950 1 0bb 1 89 0 1 0bc 1 0
2b7ffff 1 0db 1 ad 1 1 0e6 1 0
3e80000 0 04d 1 fa 0 1 058 0 0
36fffff 0 05f 1 db 1 1 06a 0 0
35c0000 0 04f 1 d7 0 1 05a 0 0
0009f8f 1 0f9 1 9f 1 1 0fa 1 0
00088d4 0 06f 1 88 1 1 070 0 0
0008d81 1 0b4 1 8d 1 1 0b5 1 0
000a80c 1 08d 1 a8 0 1 08e 1 0
0005a8f 0 0c9 1 b5 0 1 0c9 0 0
000b57f 1 0da 1 b5 0 1 0db 1 0
0006d23 0 0e8 1 da 0 1 0e8 0 0
2f7ffff 0 086 1 bd 1 1 091 0 0
0008e2b 1 114 1 8e 0 1 115 1 0
3d80000 1 08e 1 f6 0 1 099 1 0
0006c48 1 158 1 d8 1 1 158 1 0
0007992 0 059 1 f3 0 1 059 0 0
0008256 1 070 1 82 0 1 071 1 0
207ffff 0 0e0 1 81 1 1 0eb 0 0
353ffff 0 080 1 d4 1 1 08b 0 0
31c0000 1 0c1 1 c7 0 1 0cc 1 0
0006b9a 0 090 1 d7 0 1 090 0 0
000c9f3 0 039 1 c9 1 1 03a 0 0
000911c 0 11c 1 91 0 1 11d 0 0
0007e76 1 133 1 fc 1 1 133 1 0
000c82b 0 0bd 1 c8 0 1 0be 0 0
2a40000 1 038 1 a9 0 1 043 1 0
0007f0d 0 0d6 1 fe 0 1 0d6 0 0
3480000 0 0cc 1 d2 0 1 0d7 0 0
2240000 0 0ce 1 89 0 1 0d9 0 0
2340000 0 06a 1 8d 0 1 075 0 0
2cbffff 0 0c4 1 b2 1 1 0cf 0 0
0007e2b 1 096 1 fc 0 1 096 1 0
00077bc 0 0e1 1 ef 0 1 0e1 0 0
000ac01 0 078 1 ac 0 1 079 0 0
3b80000 1 0ec 1 ee 0 1 0f7 1 0
2280000 0 0c8 1 8a 0 1 0d3 0 0
0007c08 1 08f 1 f8 0 1 08f 1 0
000803d 0 057 1 80 0 1 058 0 0
27bffff 0 0ec 1 9e 1 1 0f7 0 0
0005c63 1 108 1 b8 1 1 108 1 0
303ffff 0 03a 1 c0 1 1 045 0 0
323ffff 0 0d8 1 c8 1 1 0e3 0 0
000f80e 1 0c1 1 f8 0 1 0c2 1 0
00082a8 0 108 1 82 1 1 109 0 0
000633a 0 0f4 1 c6 0 1 0f4 0 0
3a80000 1 054 1 ea 0 1 05f 1 0
0007ec4 1 134 1 fd 1 1 134 1 0
2f00000 0 006 1 bc 0 1 011 0 0
0006301 0 0ad 1 c6 0 1 0ad 0 0
27bffff 0 0e6 1 9e 1 1 0f1 0 0
06316d0 0 02d 0 c6 0 1 035 0 0
357ffff 0 0e6 1 d5 1 1 0f1 0 0
3e00000 0 0d6 1 f8 0 1 0e1 0 0
3280000 1 08d 1 ca 0 1 098 1 0
000b7ea 1 0c4 1 b7 1 1 0c5 1 0
0004487 0 086 1 89 0 1 086 0 0
000e01f 0 0ac 1 e0 0 1 0ad 0 0
2d00000 0 057 1 b4 0 1 062 0 0
000902b 1 111 1 90 0 1 112 1 0
00068ab 0 12f 1 d1 0 1 12f 0 0
000c4aa 0 0cc 1 c4 1 1 0cd 0 0
00099d6 0 16e 1 99 1 1 16f 0 0
0005d38 1 0bf 1 ba 0 1 0bf 1 0
2b40000 0 055 1 ad 0 1 060 0 0
3f40000 0 0ad 1 fd 0 1 0b8 0 0
0004948 1 0d0 1 92 1 1 0d0 1 0
0006df8 0 070 1 db 1 1 070 0 0
000752e 0 0d3 1 ea 0 1 0d3 0 0
000abdf 1 147 1 ab 1 1 148 1 0
28bffff 1 0c5 1 a2 1 1 0d0 1 0
3480000 1 0e3 1 d2 0 1 0ee 1 0
00065f4 0 097 1 cb 1 1 097 0 0
0007a77 1 087 1 f4 1 1 087 1 0
2140000 1 095 1 85 0 1 0a0 1 0
3b80000 0 086 1 ee 0 1 091 0 0
203ffff 0 08d 1 80 1 1 098 0 0
3080000 0 0a2 1 c2 0 1 0ad 0 0
3a7ffff 0 09b 1 e9 1 1 0a6 0 0
00097d6 0 131 1 97 1 1 132 0 0
0008a5c 1 0b5 1 8a 0 1 0b6 1 0
0006584 0 0fc 1 cb 0 1 0fc 0 0
000aba6 1 0ad 1 ab 1 1 0ae 1 0
3c00000 0 01f 1 f0 0 1 02a 0 0
1ffffff 1 0dc 1 ff 1 1 0e6 1 0
00053eb 1 079 1 a7 1 1 079 1 0
337ffff 1 0a7 1 cd 1 1 0b2 1 0
3880000 1 092 1 e2 0 1 09d 1 0
000a8ff 1 046 1 a8 1 1 047 1 0
33c0000 1 029 1 cf 0 1 034 1 0
000a26b 0 09d 1 a2 0 1 09e 0 0
3480000 0 0b1 0 d2 0 0 0bc 0 0
0004a6d 1 052 0 94 1 1 052 1 0
3dbffff 0 0e8 1 f6 1 1 0f3 0 0
28c0000 0 09b 1 a3 0 1 0a6 0 0
2efffff 0 086 1 bb 1 1 091 0 0
0007c07 1 12c 1 f8 0 1 12c 1 0
00056e0 1 076 1 ad 1 1 076 1 0
2f7ffff 0 070 1 bd 1 1 07b 0 0
2f3ffff 0 0f0 1 bc 1 1 0fb 0 0
000918c 1 149 1 91 1 1 14a 1 0
00071bf 1 105 1 e3 0 1 105 1 0
2100000 0 08a 1 84 0 1 095 0 0
3780000 1 0b9 1 de 0 1 0c4 1 0
00066c8 1 0a7 1 cd 1 1 0a7 1 0
3dc0000 0 0ce 1 f7 0 1 0d9 0 0
0008cea 1 097 1 8c 1 1 098 1 0
3100000 1 0db 1 c4 0 1 0e6 1 0
29c0000 1 0af 1 a7 0 1 0ba 1 0
333ffff 1 0e6 1 cc 1 1 0f1 1 0
3fbffff 1 0c7 1 fe 1 1 0d2 1 0
3240000 0 0e7 1 c9 0 1 0f2 0 0
000a250 0 0b8 1 a2 0 1 0b9 0 0
357ffff 1 05c 1 d5 1 1 067 1 0
3700000 0 0d4 1 dc 0 1 0df 0 0
000865d 0 0c0 1 86 0 1 0c1 0 0
2800000 0 0b7 1 a0 0 1 0c2 0 0
2a40000 0 064 1 a9 0 1 06f 0 0
000c9ee 1 0d2 1 c9 1 1 0d3 1 0
243ffff 0 0a6 1 90 1 1 0b1 0 0
2180000 0 07e 1 86 0 1 089 0 0
0008b5f 1 0df 1 8b 0 1 0e0 1 0
3e7ffff 0 06d 1 f9 1 1 078 0 0
0005ebc 1 0da 1 bd 0 1 0da 1 0
000895e 1 0b9 1 89 0 1 0ba 1 0
0009cd8 0 055 1 9c 1 1 056 0 0
3bbffff 1 0a3 1 ee 1 1 0ae 1 0
2fbffff 1 0d6 1 be 1 1 0e1 1 0
2740000 1 080 0 9d 0 0 08b 1 0
34fffff 0 059 1 d3 1 1 064 0 0
000c858 0 09e 0 c8 0 1 09f 0 0
0005ff7 0 065 1 bf 1 1 065 0 0
3ac0000 0 086 1 eb 0 1 091 0 0
3e80000 1 038 1 fa 0 1 043 1 0
227ffff 0 0e5 1 89 1 1 0f0 0 0
2500000 0 0bd 1 94 0 1 0c8 0 0
000b798 0 09b 1 b7 1 1 09c 0 0
3f7ffff 0 0e4 1 fd 1 1 0ef 0 0
3e3ffff 1 074 1 f8 1 1 07f 1 0
000c26f 1 09a 1 c2 0 1 09b 1 0
000786f 1 0b2 1 f0 1 1 0b2 1 0
000ea70 0 05c 1 ea 0 1 05d 0 0
0009510 0 0d6 1 95 0 1 0d7 0 0
0007234 1 0cb 1 e4 0 1 0cb 1 0
2dbffff 1 03c 1 b6 1 1 047 1 0
2c40000 1 061 1 b1 0 1 06c 1 0
000aa9f 1 0c1 1 aa 1 1 0c2 1 0
3b40000 1 0ea 1 ed 0 1 0f5 1 0
0004c16 1 148 1 98 0 1 148 1 0
3e3ffff 0 09f 1 f8 1 1 0aa 0 0
24bffff 1 034 1 92 1 1 03f 1 0
0006e2f 0 07b 1 dc 0 1 07b 0 0
0005b3a 1 10d 1 b6 0 1 10d 1 0
3f80000 1 0a9 1 fe 0 1 0b4 1 0
000ca34 1 101 1 ca 0 1 102 1 0
3cfffff 1 0a5 1 f3 1 1 0b0 1 0
327ffff 0 085 1 c9 1 1 090 0 0
2f7ffff 1 0e4 1 bd 1 1 0ef 1 0
000ae20 1 0cc 1 ae 0 1 0cd 1 0
0006cb1 1 081 1 d9 0 1 081 1 0
3d7ffff 0 062 1 f5 1 1 06d 0 0
2200000 1 0ea 1 88 0 1 0f5 1 0
0007943 0 119 1 f2 1 1 119 0 0
000b5e6 0 0d2 1 b5 1 1 0d3 0 0
3c7ffff 0 034 1 f1 1 1 03f 0 0
3f3ffff 0 0bb 1 fc 1 1 0c6 0 0
000aba9 1 08a 1 ab 1 1 08b 1 0
0004a80 1 142 1 95 0 1 142 1 0
0009a54 0 083 1 9a 0 1 084 0 0
2280000 0 03b 1 8a 0 1 046 0 0
000d12d 1 112 1 d1 0 1 113 1 0
2e40000 1 0bf 1 b9 0 1 0ca 1 0
000627f 1 15a 1 c4 1 1 15a 1 0
0008340 0 109 1 83 0 1 10a 0 0
248794a 0 0cb 0 92 0 1 0d6 0 0
0008dc0 1 0b8 1 8d 1 1 0b9 1 0
000437e 0 0c2 0 86 1 1 0c2 0 0
0005fa6 1 0d4 1 bf 0 1 0d4 1 0
000af50 0 081 1 af 0 1 082 0 0
3980000 1 0ed 0 e6 0 0 0f8 1 0
2bbffff 0 0b4 1 ae 1 1 0bf 0 0
0007620 0 086 1 ec 0 1 086 0 0
3e7ffff 1 0e7 1 f9 1 1 0f2 1 0
0008e3a 1 0ee 1 8e 0 1 0ef 1 0
0004308 0 154 1 86 0 1 154 0 0
2640000 0 07b 1 99 0 1 086 0 0
36bffff 0 080 1 da 1 1 08b 0 0
31c0000 1 0cc 1 c7 0 1 0d7 1 0
2bc0000 0 0ab 1 af 0 1 0b6 0 0
0009ec0 0 112 1 9e 1 1 113 0 0
3b80000 1 026 1 ee 0 1 031 1 0
000dfa1 0 0b0 1 df 1 1 0b1 0 0
00056a7 0 0e9 0 ad 0 1 0e9 0 0
0008825 0 0d5 1 88 0 1 0d6 0 0
0008a04 0 069 1 8a 0 1 06a 0 0
36c0000 0 0c2 1 db 0 1 0cd 0 0
2280000 1 077 1 8a 0 1 082 1 0
3180000 0 099 1 c6 0 1 0a4 0 0
0005c07 0 145 1 b8 0 1 145 0 0
000a86f 1 156 1 a8 0 1 157 1 0
0007ff8 1 062 1 ff 1 1 062 1 0
29fffff 0 009 1 a7 1 1 014 0 0
0008dc0 0 13b 1 8d 1 1 13c 0 0
3640000 0 088 1 d9 0 1 093 0 0
000a436 1 0be 1 a4 0 1 0bf 1 0
0008d45 1 0e6 1 8d 0 1 0e7 1 0
32bffff 0 0a1 1 ca 1 1 0ac 0 0
3a40000 1 0d3 1 e9 0 1 0de 1 0
247ffff 1 06c 1 91 1 1 077 1 0
000bbaf 0 0af 1 bb 1 1 0b0 0 0
217ffff 1 0b8 1 85 1 1 0c3 1 0
000ef42 1 117 1 ef 0 1 118 1 0
2ebffff 1 0e3 1 ba 1 1 0ee 1 0
000e548 1 09f 1 e5 0 1 0a0 1 0
203ffff 0 0b9 1 80 1 1 0c4 0 0
0009894 1 086 1 98 1 1 087 1 0
22fffff 0 0dd 1 8b 1 1 0e8 0 0
3640000 0 010 1 d9 0 1 01b 0 0
36bffff 1 0df 1 da 1 1 0ea 1 0
3b3ffff 0 0f3 1 ec 1 1 0fe 0 0
2900000 0 0b3 1 a4 0 1 0be 0 0
000da0d 0 0d2 1 da 0 1 0d3 0 0
000a7e8 0 12a 1 a7 1 1 12b 0 0
00074cf 1 0e0 1 e9 1 1 0e0 1 0
000bd5f 0 082 1 bd 0 1 083 0 0
000df20 0 0d7 1 df 0 1 0d8 0 0
3a7ffff 1 012 1 e9 1 1 01d 1 0
000db17 0 066 1 db 0 1 067 0 0
2e7ffff 0 06a 1 b9 1 1 075 0 0
23bffff 0 0b1 1 8e 1 1 0bc 0 0
0005b44 0 0c4 1 b6 1 1 0c4 0 0
0009fb9 0 0ab 1 9f 1 1 0ac 0 0
2bbffff 0 05b 1 ae 1 1 066 0 0
000b1bc 1 090 1 b1 1 1 091 1 0
2d7ffff 0 089 1 b5 1 1 094 0 0
0009c98 0 110 1 9c 1 1 111 0 0
000d1d1 0 0a4 1 d1 1 1 0a5 0 0
2f3ffff 0 055 1 bc 1 1 060 0 0
2b40000 1 0c2 1 ad 0 1 0cd 1 0
000c9e4 1 04d 1 c9 1 1 04e 1 0
3bbffff 0 0c4 1 ee 1 1 0cf 0 0
0005243 1 09f 1 a4 1 1 09f 1 0
233ffff 0 0de 1 8c 1 1 0e9 0 0
3efffff 0 0a3 1 fb 1 1 0ae 0 0
000d49f 1 069 1 d4 1 1 06a 1 0
2780000 0 0b4 1 9e 0 1 0bf 0 0
0008f10 1 01c 1 8f 0 1 01d 1 0
333ffff 0 025 1 cc 1 1 030 0 0
237ffff 0 0ca 1 8d 1 1 0d5 0 0
36c0000 0 0ce 1 db 0 1 0d9 0 0
3680000 0 0cd 1 da 0 1 0d8 0 0
2a7ffff 0 07a 1 a9 1 1 085 0 0
0009798 0 103 1 97 1 1 104 0 0
000783b 0 0d3 1 f0 0 1 0d3 0 0
000e11e 0 0ab 1 e1 0 1 0ac 0 0
37c0000 1 0a3 1 df 0 1 0ae 1 0
2200000 1 021 1 88 0 1 02c 1 0
00082b0 0 10f 1 82 1 1 110 0 0
00095a0 0 0e4 1 95 1 1 0e5 0 0
2cc0000 1 009 0 b3 0 0 014 1 0
00081b1 0 068 1 81 1 1 069 0 0
2bfffff 0 0a0 1 af 1 1 0ab 0 0
0008af3 0 08d 1 8a 1 1 08e 0 0
35bffff 1 03f 1 d6 1 1 04a 1 0
000abcb 0 11a 1 ab 1 1 11b 0 0
0007968 0 0dc 1 f2 1 1 0dc 0 0
3b40000 1 0b4 1 ed 0 1 0bf 1 0
2a80000 0 08b 1 aa 0 1 096 0 0
3bfffff 0 0dc 1 ef 1 1 0e7 0 0
00076dd 0 079 1 ed 1 1 079 0 0
34c0000 0 07d 1 d3 0 1 088 0 0
2940000 1 0c0 1 a5 0 1 0cb 1 0
00096dd 1 0a5 1 96 1 1 0a6 1 0
3f3ffff 1 08a 1 fc 1 1 095 1 0
0008e07 0 135 1 8e 0 1 136 0 0
35fffff 1 040 1 d7 1 1 04b 1 0
38bffff 0 0ba 1 e2 1 1 0c5 0 0
2a3ffff 1 0a3 1 a8 1 1 0ae 1 0
0009767 0 106 1 97 0 1 107 0 0
207ffff 0 0d9 1 81 1 1 0e4 0 0
0009af8 0 129 1 9a 1 1 12a 0 0
002655e 1 0df 0 99 0 1 0e2 1 0
2c3ffff 0 081 1 b0 1 1 08c 0 0
00081c0 0 059 1 81 1 1 05a 0 0
0006c41 1 154 1 d8 1 1 154 1 0
3100000 1 0d6 1 c4 0 1 0e1 1 0
0005ca3 1 0bc 1 b9 0 1 0bc 1 0
3ebffff 1 0a6 1 fa 1 1 0b1 1 0
0005aae 0 149 1 b5 0 1 149 0 0
000fae6 1 0b4 1 fa 1 1 0b5 1 0
35bffff 1 0e4 1 d6 1 1 0ef 1 0
303ffff 0 006 1 c0 1 1 011 0 0
2ec0000 1 0b2 1 bb 0 1 0bd 1 0
00091a3 1 06c 1 91 1 1 06d 1 0
0009a16 1 104 1 9a 0 1 105 1 0
0007fc2 1 12e 1 ff 1 1 12e 1 0
2540000 0 095 1 95 0 1 0a0 0 0
000bea3 1 103 1 be 1 1 104 1 0
31fffff 1 09f 1 c7 1 1 0aa 1 0
303ffff 0 055 1 c0 1 1 060 0 0
38bffff 1 0ed 1 e2 1 1 0f8 1 0
000c61d 0 081 1 c6 0 1 082 0 0
0004c6b 0 0f8 1 98 1 1 0f8 0 0
2ffffff 1 09f 1 bf 1 1 0aa 1 0
0006278 1 0c0 0 c4 1 1 0c0 1 0
000bc3f 0 0b2 1 bc 0 1 0b3 0 0
000912c 1 072 1 91 0 1 073 1 0
223ffff 0 02f 1 88 1 1 03a 0 0
27fffff 1 01c 1 9f 1 1 027 1 0
000acb0 1 0c9 1 ac 1 1 0ca 1 0
0005ad2 1 0c5 1 b5 1 1 0c5 1 0
3880000 0 076 1 e2 0 1 081 0 0
39bffff 1 0e5 1 e6 1 1 0f0 1 0
085334b 0 00e 0 85 0 1 017 0 0
3d3ffff 0 09c 1 f4 1 1 0a7 0 0
0009d62 0 0e0 0 9d 0 1 0e1 0 0
3300000 1 0f1 1 cc 0 1 0fc 1 0
0008889 1 096 1 88 1 1 097 1 0
233ffff 1 0bf 1 8c 1 1 0ca 1 0
3d09daa 1 035 0 f4 0 1 040 1 0
2b00000 0 0c1 1 ac 0 1 0cc 0 0
2f7ffff 0 0ea 1 bd 1 1 0f5 0 0
000b8cf 0 107 1 b8 1 1 108 0 0
000e250 0 0f7 1 e2 0 1 0f8 0 0
37bffff 1 083 1 de 1 1 08e 1 0
2600000 1 0c3 1 98 0 1 0ce 1 0
0039860 1 039 0 e6 0 1 03c 1 0
2a00000 1 0a0 1 a8 0 1 0ab 1 0
20bffff 0 0dd 1 82 1 1 0e8 0 0
20bffff 0 0e5 1 82 1 1 0f0 0 0
000a16e 0 0b5 1 a1 0 1 0b6 0 0
2480000 0 0be 1 92 0 1 0c9 0 0
2f84e0c 0 02b 0 be 0 1 036 0 0
000797a 1 09a 1 f2 1 1 09a 1 0
000a720 0 064 1 a7 0 1 065 0 0
0008436 1 0b3 1 84 0 1 0b4 1 0
0008949 1 0b8 1 89 0 1 0b9 1 0
000759a 0 067 1 eb 0 1 067 0 0
27c0000 1 096 1 9f 0 1 0a1 1 0
000991b 0 0d5 1 99 0 1 0d6 0 0
3cbffff 0 065 1 f2 1 1 070 0 0
00074ca 1 0c3 1 e9 1 1 0c3 1 0
3000000 1 0f0 1 c0 0 1 0fb 1 0
000d2c7 1 0b1 1 d2 1 1 0b2 1 0
0004cd3 0 0dd 1 99 1 1 0dd 0 0
3200000 1 0ef 1 c8 0 1 0fa 1 0
000914a 1 071 1 91 0 1 072 1 0
0007aa5 0 0ed 1 f5 0 1 0ed 0 0
000c161 0 13c 1 c1 0 1 13d 0 0
0008bdc 0 11d 1 8b 1 1 11e 0 0
26fffff 1 0e0 1 9b 1 1 0eb 1 0
0005f78 1 0f2 1 be 1 1 0f2 1 0
00083d0 1 121 1 83 1 1 122 1 0
000cc8c 1 0ca 1 cc 1 1 0cb 1 0
35fffff 1 080 1 d7 1 1 08b 1 0
0009b64 1 0b5 1 9b 0 1 0b6 1 0
0008cf8 0 0e8 1 8c 1 1 0e9 0 0
000bfe5 0 0ae 1 bf 1 1 0af 0 0
0008a77 1 0fb 1 8a 0 1 0fc 1 0
303ffff 0 0e3 1 c0 1 1 0ee 0 0
0006977 0 116 1 d2 1 1 116 0 0
000c2c5 1 09f 1 c2 1 1 0a0 1 0
000a934 0 0fd 1 a9 0 1 0fe 0 0
0006289 0 005 0 c5 0 1 005 0 0
0006d4f 1 04d 1 da 1 1 04d 1 0
20bffff 0 0ca 1 82 1 1 0d5 0 0
002c849 1 04a 0 b2 0 1 04d 1 0
000de1a 0 028 1 de 0 1 029 0 0
2040000 1 0c9 1 81 0 1 0d4 1 0
27fffff 1 0ae 1 9f 1 1 0b9 1 0
000a8bd 1 0a1 1 a8 1 1 0a2 1 0
0006f35 0 041 1 de 0 1 041 0 0
0009b33 1 0a1 1 9b 0 1 0a2 1 0
00057cb 0 0a2 1 af 1 1 0a2 0 0
2b40000 0 0b1 1 ad 0 1 0bc 0 0
0009fbf 1 090 1 9f 1 1 091 1 0
0008513 0 124 1 85 0 1 125 0 0
203ffff 0 092 1 80 1 1 09d 0 0
3080000 1 0d2 1 c2 0 1 0dd 1 0
2e7ffff 1 0a4 1 b9 1 1 0af 1 0
000d7d2 0 0bd 1 d7 1 1 0be 0 0
000c98f 0 08a 1 c9 1 1 08b 0 0
000717f 1 0e7 1 e2 1 1 0e7 1 0
30bffff 0 0c2 1 c2 1 1 0cd 0 0
24fffff 0 0da 1 93 1 1 0e5 0 0
00097bb 0 0fb 1 97 1 1 0fc 0 0
00059e8 1 168 1 b3 1 1 168 1 0
3600000 0 088 1 d8 0 1 093 0 0
09377a0 1 049 0 93 0 1 052 1 0
00064dc 1 0d3 1 c9 1 1 0d3 1 0
0008e91 1 0c7 1 8e 1 1 0c8 1 0
3180000 1 06e 1 c6 0 1 079 1 0
2b3ffff 0 0ba 1 ac 1 1 0c5 0 0
0007a80 1 06e 1 f5 0 1 06e 1 0
000872b 1 0ff 1 87 0 1 100 1 0
2a80000 1 0dc 1 aa 0 1 0e7 1 0
000522d 0 0cc 1 a4 0 1 0cc 0 0
000a6a0 0 10f 1 a6 1 1 110 0 0
00095a2 1 13b 1 95 1 1 13c 1 0
3b40000 0 0de 1 ed 0 1 0e9 0 0
3f3ffff 0 0c5 1 fc 1 1 0d0 0 0
000d98f 0 0f5 1 d9 1 1 0f6 0 0
23c0000 0 09e 1 8f 0 1 0a9 0 0
000c531 1 12c 1 c5 0 1 12d 1 0
3300000 0 0b2 1 cc 0 1 0bd 0 0
3600000 0 0bb 1 d8 0 1 0c6 0 0
0007f5b 0 0ba 1 fe 1 1 0ba 0 0
000cb95 0 11a 1 cb 1 1 11b 0 0
000a18f 1 130 1 a1 1 1 131 1 0
000ced3 0 055 1 ce 1 1 056 0 0
000c224 1 00b 0 c2 0 1 00c 1 0
2340000 1 0bb 1 8d 0 1 0c6 1 0
0009c8b 0 0a5 1 9c 1 1 0a6 0 0
000bc7a 1 095 1 bc 0 1 096 1 0
2580000 1 0e8 1 96 0 1 0f3 1 0
00089e7 1 06f 1 89 1 1 070 1 0
3a3ffff 1 080 1 e8 1 1 08b 1 0
00076ac 1 052 1 ed 0 1 052 1 0
0005d6f 1 11a 1 ba 1 1 11a 1 0
00086c0 1 11f 1 86 1 1 120 1 0
217ffff 0 08b 1 85 1 1 096 0 0
3a40000 1 070 1 e9 0 1 07b 1 0
000818e 1 0db 1 81 1 1 0dc 1 0
24fffff 1 0e7 1 93 1 1 0f2 1 0
000cea3 1 05c 1 ce 1 1 05d 1 0
2a3ffff 0 092 1 a8 1 1 09d 0 0
000714f 0 0d6 1 e2 1 1 0d6 0 0
0009eea 1 109 1 9e 1 1 10a 1 0
0006bf8 0 066 1 d7 1 1 066 0 0
393ffff 0 0d8 1 e4 1 1 0e3 0 0
000aa64 0 058 1 aa 0 1 059 0 0
36bffff 0 0c5 1 da 1 1 0d0 0 0
38bffff 0 0e0 1 e2 1 1 0eb 0 0
3cbffff 1 012 1 f2 1 1 01d 1 0
0007f7c 0 0ad 1 fe 1 1 0ad 0 0
37bffff 1 0ad 1 de 1 1 0b8 1 0
000d230 0 08f 1 d2 0 1 090 0 0
2800000 0 05f 0 a0 0 0 06a 0 0
3680000 0 07a 1 da 0 1 085 0 0
3340000 0 03d 1 cd 0 1 048 0 0
0007cb0 0 047 1 f9 0 1 047 0 0
2080000 1 0b1 1 82 0 1 0bc 1 0
2140000 0 027 1 85 0 1 032 0 0
3cbffff 1 0cc 1 f2 1 1 0d7 1 0
000643e 0 0e5 1 c8 0 1 0e5 0 0
353ffff 0 0d3 1 d4 1 1 0de 0 0
00052e0 1 157 1 a5 1 1 157 1 0
2b80000 0 08c 1 ae 0 1 097 0 0
3b40000 0 0d2 0 ed 0 0 0dd 0 0
00091d3 1 0dc 1 91 1 1 0dd 1 0
2080000 1 0f3 1 82 0 1 0fe 1 0
00052f2 0 155 1 a5 1 1 155 0 0
2bfffff 1 0b6 1 af 1 1 0c1 1 0
34bffff 1 09d 1 d2 1 1 0a8 1 0
000ce88 0 0bc 0 ce 1 1 0bd 0 0
000b423 1 05e 1 b4 0 1 05f 1 0
2f3ffff 1 087 1 bc 1 1 092 1 0
0007323 0 073 1 e6 0 1 073 0 0
00066ee 1 111 1 cd 1 1 111 1 0
2d80000 0 089 1 b6 0 1 094 0 0
0007a57 1 0e4 1 f4 1 1 0e4 1 0
0008a5f 1 110 1 8a 0 1 111 1 0
22fffff 0 06c 1 8b 1 1 077 0 0
000bc89 1 0f2 1 bc 1 1 0f3 1 0
000bd68 1 129 1 bd 0 1 12a 1 0
000709e 0 105 1 e1 0 1 105 0 0
207ffff 1 072 1 81 1 1 07d 1 0
000978b 0 10f 1 97 1 1 110 0 0
253ffff 1 0bd 1 94 1 1 0c8 1 0
373ffff 1 0c8 1 dc 1 1 0d3 1 0
0006280 1 0a6 1 c5 0 1 0a6 1 0
253ffff 0 0e1 1 94 1 1 0ec 0 0
000c720 1 04c 1 c7 0 1 04d 1 0
02e98e8 0 055 0 ba 0 1 05c 0 0
33fffff 1 091 1 cf 1 1 09c 1 0
000ada9 1 125 1 ad 1 1 126 1 0
0008cd9 0 072 1 8c 1 1 073 0 0
000916f 0 0fd 1 91 0 1 0fe 0 0
253ffff 0 0b0 1 94 1 1 0bb 0 0
000cf89 1 07d 1 cf 1 1 07e 1 0
21bffff 0 09c 1 86 1 1 0a7 0 0
000556b 0 0c3 1 aa 1 1 0c3 0 0
0007d99 0 0d7 1 fb 0 1 0d7 0 0
0007c9b 1 0d6 1 f9 0 1 0d6 1 0
00084d9 0 0d4 1 84 1 1 0d5 0 0
0007dff 0 01c 0 fb 1 1 01c 0 0
0007637 0 094 1 ec 0 1 094 0 0
3400000 1 0d0 1 d0 0 1 0db 1 0
2a00000 0 009 1 a8 0 1 014 0 0
3efffff 1 071 1 fb 1 1 07c 1 0
000a797 1 0fa 1 a7 1 1 0fb 1 0
2900000 0 060 1 a4 0 1 06b 0 0
28bffff 0 0a1 1 a2 1 1 0ac 0 0
3880000 0 0c8 1 e2 0 1 0d3 0 0
0005340 0 106 1 a6 1 1 106 0 0
2200000 0 0a7 1 88 0 1 0b2 0 0
0006d19 0 12f 1 da 0 1 12f 0 0
3f40000 1 0a2 1 fd 0 1 0ad 1 0
000ba44 1 0c7 1 ba 0 1 0c8 1 0
0006847 0 0fd 1 d0 1 1 0fd 0 0
0006b18 0 112 1 d6 0 1 112 0 0
0008e2f 1 0a9 1 8e 0 1 0aa 1 0
000a4f0 1 08e 1 a4 1 1 08f 1 0
207ffff 1 0e1 1 81 1 1 0ec 1 0
0006778 0 144 1 ce 1 1 144 0 0
000ab45 0 08a 1 ab 0 1 08b 0 0
3e80000 1 088 1 fa 0 1 093 1 0
2e40000 0 095 1 b9 0 1 0a0 0 0
28fffff 0 0cb 1 a3 1 1 0d6 0 0
0007ddf 1 045 1 fb 1 1 045 1 0
00094d1 1 0c5 1 94 1 1 0c6 1 0
0006f17 0 11e 1 de 0 1 11e 0 0
36fffff 1 0ef 1 db 1 1 0fa 1 0
20fffff 0 09d 1 83 1 1 0a8 0 0
000616b 0 052 1 c2 1 1 052 0 0
3080000 0 0df 1 c2 0 1 0ea 0 0
00063e9 0 08b 1 c7 1 1 08b 0 0
000c0b7 0 0cf 1 c0 1 1 0d0 0 0
0009cf6 0 0d9 1 9c 1 1 0da 0 0
0009a68 0 15b 1 9a 0 1 15c 0 0
3cc0000 0 051 1 f3 0 1 05c 0 0
000596f 0 0bf 1 b2 1 1 0bf 0 0
377ffff 1 06a 1 dd 1 1 075 1 0
000925b 1 097 1 92 0 1 098 1 0
2fc0000 0 089 1 bf 0 1 094 0 0
000a4e3 0 0a6 1 a4 1 1 0a7 0 0
3a80000 0 04d 1 ea 0 1 058 0 0
2500000 1 0de 1 94 0 1 0e9 1 0
3bc0000 0 091 1 ef 0 1 09c 0 0
0009f05 1 0ce 1 9f 0 1 0cf 1 0
3340000 0 0ef 1 cd 0 1 0fa 0 0
00076a9 0 117 1 ed 0 1 117 0 0
3080000 1 001 1 c2 0 1 00c 1 0
000544f 1 028 0 a8 1 1 028 1 0
0009e37 0 10c 1 9e 0 1 10d 0 0
0444b0c 1 018 0 88 1 1 020 1 0
2480000 0 0c3 1 92 0 1 0ce 0 0
0007b60 0 15c 1 f6 1 1 15c 0 0
000b39c 0 0da 1 b3 1 1 0db 0 0
21bffff 0 024 1 86 1 1 02f 0 0
00080a0 0 05f 1 80 1 1 060 0 0
0006687 1 119 1 cd 0 1 119 1 0
3cbffff 1 0e8 1 f2 1 1 0f3 1 0
22fffff 0 079 1 8b 1 1 084 0 0
0004909 1 05e 0 92 0 1 05e 1 0
0005beb 1 0a4 1 b7 1 1 0a4 1 0
00089b8 0 0bc 1 89 1 1 0bd 0 0
000858b 1 101 1 85 1 1 102 1 0
31c0000 0 0c7 1 c7 0 1 0d2 0 0
0007f43 0 0f8 1 fe 1 1 0f8 0 0
3940000 0 0e3 0 e5 0 0 0ee 0 0
1097621 1 04f 0 84 1 1 059 1 0
00086a8 0 158 1 86 1 1 159 0 0
0005b00 0 06d 1 b6 0 1 06d 0 0
2a3ffff 0 0f3 1 a8 1 1 0fe 0 0
00093cf 0 076 1 93 1 1 077 0 0
207ffff 0 0ab 1 81 1 1 0b6 0 0
00080ad 1 06c 1 80 1 1 06d 1 0
2280000 1 035 1 8a 0 1 040 1 0
0490716 0 077 0 92 0 1 07f 0 0
0006d00 0 0de 1 da 0 1 0de 0 0
00067cf 1 0bd 1 cf 1 1 0bd 1 0
2d7ffff 0 0dc 1 b5 1 1 0e7 0 0
000eb36 0 0f0 1 eb 0 1 0f1 0 0
000962d 1 0a0 1 96 0 1 0a1 1 0
0011fd8 1 0bc 0 8f 1 1 0be 1 0
28bffff 0 05d 1 a2 1 1 068 0 0
0008303 1 123 1 83 0 1 124 1 0
2d3ffff 0 076 1 b4 1 1 081 0 0
25c0000 1 0d9 1 97 0 1 0e4 1 0
000cb94 0 130 1 cb 1 1 131 0 0
0004d16 0 0a6 1 9a 0 1 0a6 0 0
000ac93 1 141 1 ac 1 1 142 1 0
000d22d 0 112 1 d2 0 1 113 0 0
0006139 0 144 1 c2 0 1 144 0 0
0009b64 0 0b3 1 9b 0 1 0b4 0 0
0009c98 0 117 1 9c 1 1 118 0 0
00073a3 0 050 1 e7 0 1 050 0 0
000aea8 1 03d 1 ae 1 1 03e 1 0
23fffff 1 0de 1 8f 1 1 0e9 1 0
2640000 1 0d8 1 99 0 1 0e3 1 0
22bffff 1 097 1 8a 1 1 0a2 1 0
0006ae9 1 122 1 d5 1 1 122 1 0
000a977 1 0c4 1 a9 0 1 0c5 1 0
36c0000 0 067 1 db 0 1 072 0 0
3800000 0 0bd 1 e0 0 1 0c8 0 0
000dc62 0 043 1 dc 0 1 044 0 0
0005189 0 093 1 a3 0 1 093 0 0
000ba90 0 0ef 1 ba 1 1 0f0 0 0
0009240 0 13b 1 92 0 1 13c 0 0
000b014 0 0c7 1 b0 0 1 0c8 0 0
00079d4 0 097 1 f3 1 1 097 0 0
2480000 0 018 1 92 0 1 023 0 0
000ea48 1 074 1 ea 0 1 075 1 0
000cceb 1 12c 1 cc 1 1 12d 1 0
0008b7f 1 0cc 1 8b 0 1 0cd 1 0
0008b04 1 093 1 8b 0 1 094 1 0
00c80fc 0 048 0 c8 0 1 04d 0 0
30c0000 0 02f 1 c3 0 1 03a 0 0
343ffff 0 0bc 1 d0 1 1 0c7 0 0
0009f24 1 027 0 9f 0 1 028 1 0
3680000 1 0d7 1 da 0 1 0e2 1 0
000ec3f 1 0c3 1 ec 0 1 0c4 1 0
0007238 1 0d6 1 e4 0 1 0d6 1 0
3000000 1 07d 1 c0 0 1 088 1 0
38bffff 1 08b 1 e2 1 1 096 1 0
000c083 1 0a2 1 c0 1 1 0a3 1 0
3b7ffff 0 04e 1 ed 1 1 059 0 0
2abffff 0 0e8 1 aa 1 1 0f3 0 0
39c0000 1 0d2 1 e7 0 1 0dd 1 0
307ffff 0 0f0 1 c1 1 1 0fb 0 0
3780000 0 3fd 1 de 0 1 008 0 0
0007ad2 0 0c8 1 f5 1 1 0c8 0 0
3d40000 0 014 1 f5 0 1 01f 0 0
2ec0000 1 048 1 bb 0 1 053 1 0
0008795 1 156 1 87 1 1 157 1 0
3b80000 1 029 0 ee 0 0 034 1 0
000f90c 0 066 0 f9 0 1 067 0 0
3e40000 0 046 1 f9 0 1 051 0 0
36c0000 0 0d1 1 db 0 1 0dc 0 0
2a40000 0 0f0 1 a9 0 1 0fb 0 0
00093a8 1 103 1 93 1 1 104 1 0
3b80000 0 0af 1 ee 0 1 0ba 0 0
00b924a 0 005 0 b9 0 1 00a 0 0
0007512 1 083 1 ea 0 1 083 1 0
293ffff 0 06a 1 a4 1 1 075 0 0
000af6e 0 05b 0 af 0 1 05c 0 0
333ffff 0 0aa 1 cc 1 1 0b5 0 0
207ffff 0 071 1 81 1 1 07c 0 0
00066f6 0 05d 1 cd 1 1 05d 0 0
3cc0000 0 0a7 1 f3 0 1 0b2 0 0
0009d41 1 0b6 1 9d 0 1 0b7 1 0
0009107 0 109 1 91 0 1 10a 0 0
0009849 1 081 1 98 0 1 082 1 0
23fffff 1 039 1 8f 1 1 044 1 0
2ffffff 0 022 1 bf 1 1 02d 0 0
000abe0 0 0bd 1 ab 1 1 0be 0 0
237ffff 1 0b4 1 8d 1 1 0bf 1 0
3a7ffff 0 02e 1 e9 1 1 039 0 0
00073a5 1 15f 1 e7 0 1 15f 1 0
000739b 1 0d3 1 e7 0 1 0d3 1 0
2efffff 0 07d 1 bb 1 1 088 0 0
00077f5 0 092 1 ef 1 1 092 0 0
32c0000 1 0c0 1 cb 0 1 0cb 1 0
35fffff 1 0f3 1 d7 1 1 0fe 1 0
2380000 0 0b9 0 8e 0 0 0c4 0 0
000a1bc 1 107 1 a1 1 1 108 1 0
000a9bf 0 094 1 a9 1 1 095 0 0
2700000 0 060 1 9c 0 1 06b 0 0
0007c3e 1 0ce 1 f8 0 1 0ce 1 0
000a4e3 1 0c3 1 a4 1 1 0c4 1 0
27bffff 1 0bb 1 9e 1 1 0c6 1 0
39bffff 0 01c 1 e6 1 1 027 0 0
2c00000 1 09d 1 b0 0 1 0a8 1 0
000e5a3 0 0dd 0 e5 1 1 0de 0 0
000b26a 1 0b9 1 b2 0 1 0ba 1 0
000c18f 1 127 1 c1 1 1 128 1 0
2fbffff 0 03f 1 be 1 1 04a 0 0
2480000 0 07a 1 92 0 1 085 0 0
2a80000 1 0aa 1 aa 0 1 0b5 1 0
000976e 1 0b0 1 97 0 1 0b1 1 0
000a3b5 0 0d1 1 a3 1 1 0d2 0 0
0004b38 0 10d 1 96 0 1 10d 0 0
000c66f 1 0db 1 c6 0 1 0dc 1 0
00b3692 1 0dd 0 b3 0 1 0e2 1 0
00077c4 0 171 1 ef 1 1 171 0 0
0007c91 1 0af 1 f9 0 1 0af 1 0
000d51f 0 0b4 1 d5 0 1 0b5 0 0
0007e90 1 06f 1 fd 0 1 06f 1 0
0008c5d 1 104 1 8c 0 1 105 1 0
000b45f 1 069 1 b4 0 1 06a 1 0
000801f 1 133 1 80 0 1 134 1 0
3ac0000 1 06a 1 eb 0 1 075 1 0
0008a0b 1 064 1 8a 0 1 065 1 0
263ffff 0 0e3 1 98 1 1 0ee 0 0
000b636 1 0d0 1 b6 0 1 0d1 1 0
277ffff 1 06f 1 9d 1 1 07a 1 0
324792c 1 022 0 c9 0 1 02d 1 0
2d7ffff 1 0ec 1 b5 1 1 0f7 1 0
34bffff 0 048 1 d2 1 1 053 0 0
00095e3 1 0ff 1 95 1 1 100 1 0
2840000 1 076 1 a1 0 1 081 1 0
2780000 0 0f2 1 9e 0 1 0fd 0 0
0009840 1 06c 1 98 0 1 06d 1 0
000be4f 0 0bb 1 be 0 1 0bc 0 0
00074f9 1 0ab 1 e9 1 1 0ab 1 0
32bffff 0 0c8 1 ca 1 1 0d3 0 0
000a5b4 1 098 1 a5 1 1 099 1 0
00095c9 0 124 1 95 1 1 125 0 0
3b40000 0 05b 1 ed 0 1 066 0 0
2cfffff 1 0cd 1 b3 1 1 0d8 1 0
0004de0 1 046 0 9b 1 1 046 1 0
27c0000 0 096 1 9f 0 1 0a1 0 0
0007487 0 089 1 e9 0 1 089 0 0
000d592 1 0f5 1 d5 1 1 0f6 1 0
072d272 1 082 0 e5 1 1 08a 1 0
207ffff 0 04a 1 81 1 1 055 0 0
3cfffff 0 0a6 1 f3 1 1 0b1 0 0
18ba920 0 041 0 c5 1 1 04b 0 0
273ffff 0 077 1 9c 1 1 082 0 0
3400000 0 0ef 1 d0 0 1 0fa 0 0
00049d7 1 114 1 93 1 1 114 1 0
3bc0000 0 0bc 1 ef 0 1 0c7 0 0
3100000 1 02b 1 c4 0 1 036 1 0
2c40000 0 052 1 b1 0 1 05d 0 0
0007500 0 09e 1 ea 0 1 09e 0 0
0006583 1 0b9 1 cb 0 1 0b9 1 0
2280000 1 0ce 1 8a 0 1 0d9 1 0
0006fc2 1 0a0 1 df 1 1 0a0 1 0
327ffff 0 0a7 1 c9 1 1 0b2 0 0
39c0000 0 0aa 1 e7 0 1 0b5 0 0
22bffff 1 061 1 8a 1 1 06c 1 0
3240000 1 0e6 1 c9 0 1 0f1 1 0
000b1c0 0 0d1 1 b1 1 1 0d2 0 0
2c7ffff 1 0e7 1 b1 1 1 0f2 1 0
0000a9e 1 0c9 0 a9 1 1 0c6 1 0
000cf2f 0 101 1 cf 0 1 102 0 0
39c0000 0 0f1 1 e7 0 1 0fc 0 0
217ffff 1 0d7 1 85 1 1 0e2 1 0
2ffffff 0 0cf 1 bf 1 1 0da 0 0
0009977 1 047 1 99 0 1 048 1 0
000b67c 0 061 1 b6 0 1 062 0 0
0014a6c 0 054 0 a5 0 1 056 0 0
36c0000 1 3ff 1 db 0 1 00a 1 0
3e7ffff 1 081 1 f9 1 1 08c 1 0
3c00000 0 090 1 f0 0 1 09b 0 0
2f40000 1 093 1 bd 0 1 09e 1 0
038a8b4 0 0b5 0 e2 1 1 0bc 0 0
3fc0000 0 0ca 1 ff 0 1 0d5 0 0
0006981 0 0f2 1 d3 0 1 0f2 0 0
00082a7 1 0f7 1 82 1 1 0f8 1 0
20fffff 0 09b 1 83 1 1 0a6 0 0
28c0000 1 0e3 1 a3 0 1 0ee 1 0
26fffff 0 099 1 9b 1 1 0a4 0 0
0006053 1 037 1 c0 1 1 037 1 0
0009ee7 1 0a0 1 9e 1 1 0a1 1 0
0009247 0 01a 1 92 0 1 01b 0 0
2bbffff 1 0b6 1 ae 1 1 0c1 1 0
000c959 1 0be 1 c9 0 1 0bf 1 0
0006f83 1 100 1 df 0 1 100 1 0
3440000 1 0c8 1 d1 0 1 0d3 1 0
2b00000 0 089 1 ac 0 1 094 0 0
0009fd7 0 0f3 1 9f 1 1 0f4 0 0
27c0000 1 0a0 1 9f 0 1 0ab 1 0
2e80000 1 0d6 1 ba 0 1 0e1 1 0
257ffff 0 07e 1 95 1 1 089 0 0
0009306 0 0c0 1 93 0 1 0c1 0 0
2c3ffff 1 0e5 1 b0 1 1 0f0 1 0
000aff5 0 0b4 0 af 1 1 0b5 0 0
000a010 0 135 1 a0 0 1 136 0 0
000ae4a 0 081 0 ae 0 1 082 0 0
3a7ffff 0 0b9 1 e9 1 1 0c4 0 0
000591f 0 0b9 1 b2 0 1 0b9 0 0
343ffff 0 012 1 d0 1 1 01d 0 0
000f328 0 050 1 f3 0 1 051 0 0
0006ee8 1 08d 1 dd 1 1 08d 1 0
0009cce 1 07c 0 9c 1 1 07d 1 0
39fffff 1 078 1 e7 1 1 083 1 0
3fc0000 1 0eb 1 ff 0 1 0f6 1 0
3c3ffff 0 0ca 1 f0 1 1 0d5 0 0
000f137 0 097 1 f1 0 1 098 0 0
0006387 0 0b6 1 c7 0 1 0b6 0 0
00047b8 1 0d4 1 8f 0 1 0d4 1 0
000a062 1 008 0 a0 0 1 009 1 0
0009a9a 1 0f2 1 9a 1 1 0f3 1 0
29c0000 0 0ab 1 a7 0 1 0b6 0 0
0008e67 1 0ea 1 8e 0 1 0eb 1 0
000c3bc 0 096 1 c3 1 1 097 0 0
000abf6 0 125 1 ab 1 1 126 0 0
2640000 0 0eb 1 99 0 1 0f6 0 0
0009294 0 0a8 1 92 1 1 0a9 0 0
2b00000 0 0ef 1 ac 0 1 0fa 0 0
33bffff 0 094 1 ce 1 1 09f 0 0
2a7ffff 0 0df 1 a9 1 1 0ea 0 0
000a4bd 1 0ed 1 a4 1 1 0ee 1 0
00089f8 1 109 1 89 1 1 10a 1 0
203ffff 0 01e 1 80 1 1 029 0 0
00095b4 1 055 1 95 1 1 056 1 0
000c6b5 0 06e 1 c6 1 1 06f 0 0
000580d 1 0de 1 b0 0 1 0de 1 0
3800000 1 0f1 1 e0 0 1 0fc 1 0
2d3ffff 1 0b5 1 b4 1 1 0c0 1 0
0004f0a 1 0fc 1 9e 0 1 0fc 1 0
0008c8f 1 088 1 8c 1 1 089 1 0
3a80000 0 0bc 1 ea 0 1 0c7 0 0
31fffff 0 0b2 1 c7 1 1 0bd 0 0
3d7ffff 1 0e4 1 f5 1 1 0ef 1 0
000a0f2 1 091 1 a0 1 1 092 1 0
35c0000 0 040 1 d7 0 1 04b 0 0
397ffff 1 0c5 1 e5 1 1 0d0 1 0
000a487 1 101 1 a4 1 1 102 1 0
2cc0000 0 032 1 b3 0 1 03d 0 0
3880000 0 0e0 1 e2 0 1 0eb 0 0
000955f 1 0af 1 95 0 1 0b0 1 0
0009981 1 061 0 99 1 1 062 1 0
00056a0 1 0df 1 ad 0 1 0df 1 0
000887f 1 0e7 1 88 0 1 0e8 1 0
23bffff 1 076 1 8e 1 1 081 1 0
000dfa1 0 0c1 1 df 1 1 0c2 0 0
267ffff 1 08a 1 99 1 1 095 1 0
26c0000 1 00c 1 9b 0 1 017 1 0
000a127 1 10f 1 a1 0 1 110 1 0
000a669 0 13a 1 a6 0 1 13b 0 0
2e3ffff 0 0f1 1 b8 1 1 0fc 0 0
38bffff 0 03c 1 e2 1 1 047 0 0
00749c7 1 052 0 e9 0 1 056 1 0
0009afc 0 06d 1 9a 1 1 06e 0 0
0008b37 1 101 1 8b 0 1 102 1 0
3b3ffff 1 0da 1 ec 1 1 0e5 1 0
000d3c7 1 0e2 1 d3 1 1 0e3 1 0
0008a0e 1 029 1 8a 0 1 02a 1 0
0008626 0 0a5 1 86 0 1 0a6 0 0
000b993 1 0ea 1 b9 1 1 0eb 1 0
000a100 0 094 1 a1 0 1 095 0 0
2180000 1 0e6 1 86 0 1 0f1 1 0
3f7ffff 0 0d2 1 fd 1 1 0dd 0 0
0007cf7 0 127 1 f9 1 1 127 0 0
00084f6 0 0e7 1 84 1 1 0e8 0 0
3f80000 0 033 1 fe 0 1 03e 0 0
21fffff 0 096 1 87 1 1 0a1 0 0
000936b 1 0dd 1 93 0 1 0de 1 0
2d80000 1 0af 1 b6 0 1 0ba 1 0
0005db5 0 071 1 bb 0 1 071 0 0
0007590 0 035 0 eb 0 1 035 0 0
2b3ffff 0 069 1 ac 1 1 074 0 0
22bffff 0 0e0 1 8a 1 1 0eb 0 0
387ffff 1 062 1 e1 1 1 06d 1 0
2bc0000 0 0c3 1 af 0 1 0ce 0 0
313ffff 0 0cd 1 c4 1 1 0d8 0 0
3bbffff 0 0c9 1 ee 1 1 0d4 0 0
2100000 1 046 1 84 0 1 051 1 0
0fd8015 0 0f5 0 fd 1 1 0fe 0 0
0006e99 1 09d 1 dd 0 1 09d 1 0
3840000 1 0ca 1 e1 0 1 0d5 1 0
000ced4 1 0d8 1 ce 1 1 0d9 1 0
39bffff 1 09c 1 e6 1 1 0a7 1 0
267ffff 1 092 1 99 1 1 09d 1 0
000a9bb 1 0fb 1 a9 1 1 0fc 1 0
0006dee 1 0d1 1 db 1 1 0d1 1 0
000a5b2 0 0d8 1 a5 1 1 0d9 0 0
0007ab8 0 0c4 1 f5 0 1 0c4 0 0
23c0000 0 0c3 1 8f 0 1 0ce 0 0
2240000 1 008 1 89 0 1 013 1 0
000d4cf 0 069 1 d4 1 1 06a 0 0
000c555 0 091 0 c5 0 1 092 0 0
3efffff 1 0de 1 fb 1 1 0e9 1 0
000a380 0 0d2 1 a3 1 1 0d3 0 0
3d3ffff 0 098 1 f4 1 1 0a3 0 0
39c0000 0 06e 1 e7 0 1 079 0 0
3b00000 1 093 1 ec 0 1 09e 1 0
00096ba 1 07f 1 96 1 1 080 1 0
38bffff 0 0f0 1 e2 1 1 0fb 0 0
3a3ffff 1 0ea 1 e8 1 1 0f5 1 0
000d585 0 042 1 d5 1 1 043 0 0
2e80000 0 096 1 ba 0 1 0a1 0 0
000556c 1 06c 1 aa 1 1 06c 1 0
2540000 1 06a 1 95 0 1 075 1 0
337ffff 1 0de 1 cd 1 1 0e9 1 0
3f00000 1 0de 1 fc 0 1 0e9 1 0
26bffff 0 0dd 1 9a 1 1 0e8 0 0
35fffff 1 096 1 d7 1 1 0a1 1 0
000c860 1 0b4 1 c8 0 1 0b5 1 0
000c228 0 0aa 1 c2 0 1 0ab 0 0
2440000 1 0a5 1 91 0 1 0b0 1 0
0005217 1 0f5 1 a4 0 1 0f5 1 0
004e320 0 08e 0 9c 0 1 092 0 0
2fc0000 1 087 0 bf 0 0 092 1 0
0008ed9 0 152 1 8e 1 1 153 0 0
0006ca1 0 08a 1 d9 0 1 08a 0 0
0007c69 0 09e 1 f8 1 1 09e 0 0
317ffff 1 031 1 c5 1 1 03c 1 0
0008d5f 1 0cb 1 8d 0 1 0cc 1 0
317ffff 1 041 1 c5 1 1 04c 1 0
2480000 1 05f 1 92 0 1 06a 1 0
000bb34 1 109 1 bb 0 1 10a 1 0
3c00000 0 06c 1 f0 0 1 077 0 0
33fffff 0 0f1 1 cf 1 1 0fc 0 0
3f00000 1 0cb 1 fc 0 1 0d6 1 0
227ffff 1 0eb 1 89 1 1 0f6 1 0
000aa7f 0 0c4 1 aa 0 1 0c5 0 0
2040000 1 08f 1 81 0 1 09a 1 0
273ffff 1 088 1 9c 1 1 093 1 0
24bffff 0 0d4 1 92 1 1 0df 0 0
000cfc8 1 10b 1 cf 1 1 10c 1 0
00080a2 1 112 0 80 1 1 113 1 0
0009558 1 0c9 1 95 0 1 0ca 1 0
000752f 1 0eb 1 ea 0 1 0eb 1 0
000a17c 0 118 1 a1 0 1 119 0 0
3cfffff 0 0a1 1 f3 1 1 0ac 0 0
0007eee 0 0db 1 fd 1 1 0db 0 0
0007840 1 0b3 1 f0 1 1 0b3 1 0
0008dfd 0 07f 1 8d 1 1 080 0 0
000adc4 0 132 1 ad 1 1 133 0 0
0007880 1 064 1 f1 0 1 064 1 0
2ac0000 1 0e2 1 ab 0 1 0ed 1 0
000af76 1 087 1 af 0 1 088 1 0
3600000 0 0e8 1 d8 0 1 0f3 0 0
000bc0f 1 0e7 1 bc 0 1 0e8 1 0
3d40000 1 097 1 f5 0 1 0a2 1 0
0008a44 0 0bc 1 8a 0 1 0bd 0 0
3b7ffff 1 09d 1 ed 1 1 0a8 1 0
0005056 0 0be 1 a0 1 1 0be 0 0
000c3ef 1 13c 1 c3 1 1 13d 1 0
0006e0b 0 028 1 dc 0 1 028 0 0
000705b 0 094 1 e0 1 1 094 0 0
1e84e9c 0 08e 0 f4 0 1 098 0 0
3e00000 0 067 1 f8 0 1 072 0 0
000864f 0 087 1 86 0 1 088 0 0
33bffff 1 040 1 ce 1 1 04b 1 0
36c0000 1 0ba 1 db 0 1 0c5 1 0
35bffff 1 0e8 1 d6 1 1 0f3 1 0
26bffff 1 0e0 1 9a 1 1 0eb 1 0
000c3ae 1 0f8 1 c3 1 1 0f9 1 0
3d00000 0 042 1 f4 0 1 04d 0 0
3a00000 0 0dd 1 e8 0 1 0e8 0 0
000547f 0 08c 1 a8 1 1 08c 0 0
2980000 0 0e7 1 a6 0 1 0f2 0 0
0006756 1 110 1 ce 1 1 110 1 0
30fffff 1 073 1 c3 1 1 07e 1 0
3cfffff 1 0b8 1 f3 1 1 0c3 1 0
0009009 1 0e1 1 90 0 1 0e2 1 0
00085b6 1 081 1 85 1 1 082 1 0
2240000 1 032 1 89 0 1 03d 1 0
0006cc6 0 155 1 d9 1 1 155 0 0
000b092 0 0c0 1 b0 1 1 0c1 0 0
3c80000 1 003 1 f2 0 1 00e 1 0
000c20f 0 154 1 c2 0 1 155 0 0
000c1ed 1 060 1 c1 1 1 061 1 0
0008b36 0 11d 1 8b 0 1 11e 0 0
0008f04 0 0d6 1 8f 0 1 0d7 0 0
00080c3 1 113 1 80 1 1 114 1 0
357ffff 1 0f3 1 d5 1 1 0fe 1 0
000472d 0 15d 1 8e 0 1 15d 0 0
3e3ffff 0 081 1 f8 1 1 08c 0 0
28c0000 1 0e6 1 a3 0 1 0f1 1 0
207ffff 1 085 1 81 1 1 090 1 0
3a80000 1 0b3 1 ea 0 1 0be 1 0
000585b 1 0db 1 b0 1 1 0db 1 0
0004c00 0 04c 1 98 0 1 04c 0 0
2340000 1 046 1 8d 0 1 051 1 0
0006a58 1 11b 1 d4 1 1 11b 1 0
000adc8 0 051 1 ad 1 1 052 0 0
000ab48 0 083 1 ab 0 1 084 0 0
31c0000 1 0da 1 c7 0 1 0e5 1 0
00077df 1 072 1 ef 1 1 072 1 0
24c0000 1 08f 1 93 0 1 09a 1 0
0009e27 1 11b 1 9e 0 1 11c 1 0
000a9ab 0 0b8 1 a9 1 1 0b9 0 0
3efffff 1 01a 1 fb 1 1 025 1 0
3180000 0 0a8 1 c6 0 1 0b3 0 0
1ffffff 1 0c8 1 ff 1 1 0d2 1 0
373ffff 1 0b0 1 dc 1 1 0bb 1 0
33c0000 1 072 1 cf 0 1 07d 1 0
00075c6 1 0ac 1 eb 1 1 0ac 1 0
00063ef 1 0ac 1 c7 1 1 0ac 1 0
0007d3b 0 14b 1 fa 0 1 14b 0 0
3a80000 1 079 1 ea 0 1 084 1 0
0009cde 1 0d6 1 9c 1 1 0d7 1 0
0007673 0 0ef 1 ec 1 1 0ef 0 0
000a6e7 1 11d 1 a6 1 1 11e 1 0
2d00000 1 04a 1 b4 0 1 055 1 0
30bffff 1 0d0 1 c2 1 1 0db 1 0
2180000 0 071 1 86 0 1 07c 0 0
000832e 1 061 0 83 0 1 062 1 0
0009302 1 0e4 1 93 0 1 0e5 1 0
3640000 1 076 1 d9 0 1 081 1 0
383ffff 0 05d 1 e0 1 1 068 0 0
28bffff 0 09b 1 a2 1 1 0a6 0 0
0004493 0 119 1 89 0 1 119 0 0
3740000 0 030 1 dd 0 1 03b 0 0
3dfffff 1 072 1 f7 1 1 07d 1 0
000d65f 0 0c0 1 d6 0 1 0c1 0 0
2280000 1 03a 1 8a 0 1 045 1 0
000dfa4 0 0c1 0 df 1 1 0c2 0 0
0087976 0 04c 0 87 1 1 051 0 0
3c00000 0 046 1 f0 0 1 051 0 0
000a680 0 0c1 1 a6 1 1 0c2 0 0
000cbf1 1 0c4 1 cb 1 1 0c5 1 0
3900000 1 0b0 1 e4 0 1 0bb 1 0
00086ab 0 0e1 1 86 1 1 0e2 0 0
0005f68 0 0da 1 be 1 1 0da 0 0
00077ff 0 077 1 ef 1 1 077 0 0
00073c7 1 04a 1 e7 1 1 04a 1 0
313ffff 1 044 1 c4 1 1 04f 1 0
0009c63 0 0e3 1 9c 0 1 0e4 0 0
0006c1c 1 12d 1 d8 0 1 12d 1 0
000b034 1 076 1 b0 0 1 077 1 0
0007cce 1 0da 1 f9 1 1 0da 1 0
233ffff 0 0c7 1 8c 1 1 0d2 0 0
2f40000 1 0cf 1 bd 0 1 0da 1 0
000c3f7 0 0a3 1 c3 1 1 0a4 0 0
3c00000 0 07e 1 f0 0 1 089 0 0
3600000 1 0e4 1 d8 0 1 0ef 1 0
2abffff 0 0c2 1 aa 1 1 0cd 0 0
3040000 0 055 1 c1 0 1 060 0 0
2600000 0 0b5 1 98 0 1 0c0 0 0
000a8f0 1 02a 1 a8 1 1 02b 1 0
0008023 0 05b 1 80 0 1 05c 0 0
2c7ffff 0 095 1 b1 1 1 0a0 0 0
2040000 1 049 1 81 0 1 054 1 0
3cfffff 1 0c2 1 f3 1 1 0cd 1 0
3800000 0 0c5 1 e0 0 1 0d0 0 0
00064c8 0 09c 1 c9 1 1 09c 0 0
0008cef 0 08c 1 8c 1 1 08d 0 0
000a1bd 1 0fe 1 a1 1 1 0ff 1 0
000785a 1 124 1 f0 1 1 124 1 0
000e250 1 0ff 1 e2 0 1 100 1 0
000fc02 1 115 1 fc 0 1 116 1 0
001385c 1 0e8 0 9c 0 1 0ea 1 0
2c80000 0 058 1 b2 0 1 063 0 0
000ce5f 1 05a 1 ce 0 1 05b 1 0
0005517 1 118 1 aa 0 1 118 1 0
000787e 1 09a 1 f0 1 1 09a 1 0
3c3ffff 1 0be 1 f0 1 1 0c9 1 0
3ac0000 1 084 1 eb 0 1 08f 1 0
00088b7 0 0bc 1 88 1 1 0bd 0 0
3dbffff 0 024 1 f6 1 1 02f 0 0
000aa21 0 0bf 1 aa 0 1 0c0 0 0
0006336 1 08c 1 c6 0 1 08c 1 0
367ffff 1 073 1 d9 1 1 07e 1 0
27fffff 0 0b8 1 9f 1 1 0c3 0 0
2bc0000 1 0e6 1 af 0 1 0f1 1 0
3f3ffff 0 068 1 fc 1 1 073 0 0
0009314 0 03e 1 93 0 1 03f 0 0
2400000 0 0f1 1 90 0 1 0fc 0 0
32fffff 0 0be 1 cb 1 1 0c9 0 0
0009a8d 1 083 1 9a 1 1 084 1 0
0006841 1 110 1 d0 1 1 110 1 0
