0007291 0000000 1 039 0 0 0007291 0 039 1
0000000 2300000 1 0d2 1 0 22fffff 0 0d2 1
0009a4d 0000000 1 05c 1 1 0009a4d 1 05c 1
0007740 0000000 1 0a2 0 1 000773f 0 0a2 1
0000000 3840000 1 0ba 0 0 3840000 0 0ba 1
000df8c 0000000 1 0ae 0 1 000df8b 0 0ae 1
0000000 3140000 1 0b2 1 1 3140000 1 0b2 1
0000000 3c40000 1 0a9 0 1 3c3ffff 1 0a9 1
00081c6 0000000 1 0be 0 0 00081c6 0 0be 1
00068c4 0000000 1 077 1 0 00068c3 1 077 1
00071b6 0000000 1 085 0 1 00071b5 0 085 1
0000000 3a00000 1 09c 0 0 3a00000 0 09c 1
0000000 3800000 1 0a0 0 1 37fffff 1 0a0 1
0000000 3980000 1 0b9 0 1 397ffff 1 0b9 1
0009286 0000000 1 0fe 1 1 0009286 1 0fe 1
0000000 2ec0000 1 0c9 0 0 2ec0000 0 0c9 1
0008259 0000000 1 07c 1 0 0008258 1 07c 1
000906c 0000000 1 0db 1 1 000906c 1 0db 1
0000000 27c0000 1 0c1 0 1 27bffff 1 0c1 1
000a4ea 0000000 1 0f6 0 1 000a4e9 0 0f6 1
0000000 3740000 1 3fd 0 0 3740000 0 3fd 1
0009600 0000000 1 07c 0 0 0009600 0 07c 1
000d580 0000000 1 0ef 0 0 000d580 0 0ef 1
0009140 0008900 0 087 1 0 0000840 1 087 0
0006d0e 0000000 1 0e2 1 1 0006d0e 1 0e2 1
00078fa 0069800 0 0c6 1 0 0061f06 0 0c6 0
000d9c6 0000000 1 112 1 1 000d9c6 1 112 1
000b638 0000000 1 12b 0 1 000b637 0 12b 1
0000000 38c0000 1 0f0 1 1 38c0000 1 0f0 1
0004c98 0000006 1 03f 0 0 0004c9e 0 03f 1
00085e0 0000000 1 0be 1 1 00085e0 1 0be 1
0000000 2440000 1 0a2 0 0 2440000 0 0a2 1
0009182 0000000 1 0fa 0 0 0009182 0 0fa 1
0000000 2e80000 1 07d 0 0 2e80000 0 07d 1
0000000 3f40000 1 0dc 0 1 3f3ffff 1 0dc 1
00060db 0000000 1 0a9 1 1 00060db 1 0a9 1
00069a0 0000000 1 14e 1 1 00069a0 1 14e 1
0000000 3e40000 1 0e2 1 1 3e40000 1 0e2 1
0006b70 0000000 1 07b 1 0 0006b6f 1 07b 1
0000000 3200000 1 0a1 1 1 3200000 1 0a1 1
0005ef6 0000000 1 08c 1 1 0005ef6 1 08c 1
000a6b8 0000000 1 078 1 0 000a6b7 1 078 1
0000000 2cc0000 1 0e5 0 1 2cbffff 1 0e5 1
0008b42 0000000 1 0e5 1 1 0008b42 1 0e5 1
0000000 24c0000 1 0ba 1 0 24bffff 0 0ba 1
0000000 3fc0000 1 043 1 0 3fbffff 0 043 1
0000000 3800000 1 0cd 0 0 3800000 0 0cd 1
0008fe6 0000000 1 11c 1 1 0008fe6 1 11c 1
000b3de 0000000 1 0df 1 1 000b3de 1 0df 1
0008a40 0000000 1 115 0 0 0008a40 0 115 1
0000000 3b40000 1 0f3 1 1 3b40000 1 0f3 1
0007c3e 0000000 1 0a8 1 1 0007c3e 1 0a8 1
0000000 3140000 1 079 1 1 3140000 1 079 1
0009c68 0017e00 0 037 0 0 0021a68 0 037 0
0000000 2800000 1 086 1 0 27fffff 0 086 1
00079fd 0000000 1 107 1 0 00079fc 1 107 1
0006ff9 0000000 1 0b3 0 0 0006ff9 0 0b3 1
0000000 35c0000 1 0ab 0 1 35bffff 1 0ab 1
0000000 3ec0000 1 067 0 0 3ec0000 0 067 1
0000000 31c0000 1 068 1 0 31bffff 0 068 1
000731d 0000000 1 07c 1 0 000731c 1 07c 1
0000000 3900000 1 0ac 0 0 3900000 0 0ac 1
0000000 2540000 1 096 1 0 253ffff 0 096 1
0000000 2340000 1 0dd 0 0 2340000 0 0dd 1
0006f60 0000000 1 141 1 1 0006f60 1 141 1
000d476 0000000 1 0b7 1 0 000d475 1 0b7 1
0009e8e 0000000 1 0cc 0 1 0009e8d 0 0cc 1
0000000 3900000 1 03c 0 0 3900000 0 03c 1
0000000 2e00000 1 0f0 1 0 2dfffff 0 0f0 1
0004f50 0000001 1 0ca 0 0 0004f51 0 0ca 1
0000000 2d40000 1 0bc 0 1 2d3ffff 1 0bc 1
000b88c 0000000 1 0bb 1 1 000b88c 1 0bb 1
0000000 3c80000 1 0c7 0 1 3c7ffff 1 0c7 1
000ef1e 0000000 1 070 0 1 000ef1d 0 070 1
000e0f7 0000000 1 073 0 1 000e0f6 0 073 1
0000000 3f80000 1 0cb 0 1 3f7ffff 1 0cb 1
0000000 2fc0000 1 0de 0 1 2fbffff 1 0de 1
0007e80 004b000 0 0ef 0 1 0043180 1 0ef 0
0000000 3bc0000 1 0bc 0 1 3bbffff 1 0bc 1
0000000 3b80000 1 0a8 1 1 3b80000 1 0a8 1
000acce 0000000 1 134 1 1 000acce 1 134 1
0000000 22c0000 1 0b6 1 0 22bffff 0 0b6 1
00076c0 0000000 1 0ba 1 1 00076c0 1 0ba 1
000b12b 0000000 1 047 0 0 000b12b 0 047 1
0000000 2380000 1 03a 0 1 237ffff 1 03a 1
0000000 3840000 1 0e0 1 1 3840000 1 0e0 1
0000000 28c0000 1 0a3 1 0 28bffff 0 0a3 1
0000000 2000000 1 0c2 0 0 2000000 0 0c2 1
0000000 3100000 1 062 1 1 3100000 1 062 1
0007592 0000000 1 0f1 0 1 0007591 0 0f1 1
0000000 2980000 1 021 0 0 2980000 0 021 1
0005f8e 0000000 1 097 0 1 0005f8d 0 097 1
0000000 2b40000 1 00a 1 0 2b3ffff 0 00a 1
0000000 3b00000 1 0a0 1 0 3afffff 0 0a0 1
0000000 3180000 1 017 0 0 3180000 0 017 1
0007c9b 0000000 1 117 0 1 0007c9a 0 117 1
0000000 2880000 1 0e3 1 0 287ffff 0 0e3 1
0007ef9 0000008 1 093 1 1 0007f01 1 093 1
000c3f0 0000000 1 118 0 0 000c3f0 0 118 1
0000000 2540000 1 09b 1 1 2540000 1 09b 1
0007242 0a10000 0 005 1 0 0a08dbe 0 005 0
000a534 0000000 1 0d2 0 1 000a533 0 0d2 1
0000000 3c00000 1 0a2 1 1 3c00000 1 0a2 1
0006f5d 0000d20 0 030 0 1 000623d 0 030 0
0000000 3d80000 1 0d4 0 1 3d7ffff 1 0d4 1
0009d1e 0066800 0 0e4 0 0 007051e 0 0e4 0
0000000 2700000 1 073 0 1 26fffff 1 073 1
0000000 2880000 1 058 1 0 287ffff 0 058 1
0000000 2a80000 1 09e 1 0 2a7ffff 0 09e 1
0009d62 0000000 1 0bd 1 0 0009d61 1 0bd 1
0006880 0042800 0 085 0 1 003bf80 1 085 0
0000000 2e00000 1 0b0 1 0 2dfffff 0 0b0 1
000585c 0000000 1 070 0 1 000585b 0 070 1
0008f82 0000000 1 0f1 1 0 0008f81 1 0f1 1
0000000 3300000 1 0e5 1 1 3300000 1 0e5 1
0000000 2140000 1 0a8 0 0 2140000 0 0a8 1
0000000 3600000 1 00a 1 1 3600000 1 00a 1
0000000 2000000 1 085 1 1 2000000 1 085 1
0000000 2900000 1 093 0 1 28fffff 1 093 1
0005fe5 0a40000 0 067 1 1 0a45fe5 1 067 0
0000000 2240000 1 09d 1 1 2240000 1 09d 1
0000000 3640000 1 0d5 1 0 363ffff 0 0d5 1
0000000 23c0000 1 0e7 1 1 23c0000 1 0e7 1
0000000 2400000 1 0b1 0 1 23fffff 1 0b1 1
00096d5 0000000 1 07c 0 1 00096d4 0 07c 1
0008a04 0000000 1 089 1 1 0008a04 1 089 1
0000000 3540000 1 093 1 0 353ffff 0 093 1
0006edc 0000000 1 0db 1 0 0006edb 1 0db 1
0005294 0000000 1 0c7 1 0 0005293 1 0c7 1
00050a0 0000000 1 081 0 1 000509f 0 081 1
0008507 0000023 0 02e 0 0 000852a 0 02e 0
0000000 31c0000 1 091 1 0 31bffff 0 091 1
0000000 2340000 1 0d2 1 0 233ffff 0 0d2 1
0000000 3e00000 1 064 0 1 3dfffff 1 064 1
0000000 3dc0000 1 049 0 0 3dc0000 0 049 1
000a936 0000000 1 10a 0 1 000a935 0 10a 1
0000000 2c40000 1 0b1 0 0 2c40000 0 0b1 1
0005820 0000000 1 0c2 1 0 000581f 1 0c2 1
000e92a 0000000 1 14a 1 1 000e92a 1 14a 1
0006bc4 0000000 1 0d5 1 1 0006bc4 1 0d5 1
0008f3e 0004600 0 0aa 1 0 000493e 1 0aa 0
0000000 20c0000 1 065 1 1 20c0000 1 065 1
0007bc8 0000000 1 0a2 0 0 0007bc8 0 0a2 1
0000000 2c80000 1 03b 0 0 2c80000 0 03b 1
0000000 3340000 1 0bc 1 0 333ffff 0 0bc 1
000a6fe 0000000 1 0db 1 1 000a6fe 1 0db 1
0000000 32c0000 1 0db 1 1 32c0000 1 0db 1
0000000 2b40000 1 06e 0 1 2b3ffff 1 06e 1
000dc80 0000000 1 0b7 0 0 000dc80 0 0b7 1
0000000 3140000 1 0f0 0 1 313ffff 1 0f0 1
0000000 3940000 1 002 0 1 393ffff 1 002 1
0000000 25c0000 1 0e5 0 0 25c0000 0 0e5 1
0009f5c 0000000 1 083 0 0 0009f5c 0 083 1
0000000 32c0000 1 03c 1 0 32bffff 0 03c 1
0000000 21c0000 1 09a 1 0 21bffff 0 09a 1
0007f2e 0000000 1 0c1 1 1 0007f2e 1 0c1 1
000816f 0000000 1 02d 1 1 000816f 1 02d 1
0005d64 0000003 1 0ee 0 1 0005d60 0 0ee 1
000a8dc 0000000 1 0c1 0 0 000a8dc 0 0c1 1
0000000 23c0000 1 018 0 1 23bffff 1 018 1
0000000 34c0000 1 0b2 0 0 34c0000 0 0b2 1
0009cc4 0000000 1 100 0 0 0009cc4 0 100 1
0000000 3240000 1 0dc 0 0 3240000 0 0dc 1
00071b2 0000000 1 089 1 1 00071b2 1 089 1
0000000 3ec0000 1 092 0 1 3ebffff 1 092 1
0000000 30c0000 1 0e7 0 1 30bffff 1 0e7 1
0000000 2340000 1 0db 1 0 233ffff 0 0db 1
000a4d8 0000000 1 0d9 0 0 000a4d8 0 0d9 1
0000000 32c0000 1 0de 1 0 32bffff 0 0de 1
000d4f8 0000000 1 03a 1 1 000d4f8 1 03a 1
0000000 2b00000 1 06c 1 1 2b00000 1 06c 1
0000000 2580000 1 0cd 1 1 2580000 1 0cd 1
0000000 3680000 1 0b0 0 0 3680000 0 0b0 1
00080bc 0000000 1 042 0 0 00080bc 0 042 1
0000000 3500000 1 03a 0 1 34fffff 1 03a 1
0009775 0000000 1 080 1 0 0009774 1 080 1
0008d50 0000000 1 114 1 1 0008d50 1 114 1
000a1c4 0000005 1 024 1 1 000a1c9 1 024 1
0000000 3080000 1 0c5 1 1 3080000 1 0c5 1
000c1c8 0000000 1 0ae 0 1 000c1c7 0 0ae 1
000dfd8 0000000 1 128 1 0 000dfd7 1 128 1
000804c 0000000 1 0d8 0 0 000804c 0 0d8 1
0000000 3600000 1 0ba 0 1 35fffff 1 0ba 1
0000000 2f00000 1 095 1 0 2efffff 0 095 1
0000000 34c0000 1 08b 0 0 34c0000 0 08b 1
0000000 37c0000 1 05c 0 0 37c0000 0 05c 1
0009e38 0000000 1 16d 0 0 0009e38 0 16d 1
0000000 2c00000 1 022 1 0 2bfffff 0 022 1
0006cb0 0000000 1 0b2 1 1 0006cb0 1 0b2 1
0000000 3e80000 1 0e2 1 0 3e7ffff 0 0e2 1
0005e56 0000000 1 074 1 1 0005e56 1 074 1
000686d 0000000 1 138 0 1 000686c 0 138 1
0006e32 0000000 1 15e 1 0 0006e31 1 15e 1
0000000 3740000 1 0c5 1 1 3740000 1 0c5 1
0000000 3500000 1 0f3 0 0 3500000 0 0f3 1
0000000 3c80000 1 02c 0 0 3c80000 0 02c 1
0000000 3a80000 1 086 1 1 3a80000 1 086 1
000ad8a 0000000 1 15b 1 0 000ad89 1 15b 1
000813e 0000000 1 0d1 1 0 000813d 1 0d1 1
0000000 2840000 1 084 1 1 2840000 1 084 1
000d2fe 0000000 1 059 0 1 000d2fd 0 059 1
000b520 0000000 1 09e 0 0 000b520 0 09e 1
00071b0 0000001 1 10a 0 0 00071b1 0 10a 1
0000000 3700000 1 0c4 0 1 36fffff 1 0c4 1
0000000 2040000 1 064 0 0 2040000 0 064 1
0000000 2200000 1 04c 0 0 2200000 0 04c 1
000a37a 0000000 1 075 1 0 000a379 1 075 1
000aff6 0000000 1 0a4 0 1 000aff5 0 0a4 1
0000000 2000000 1 0d1 1 1 2000000 1 0d1 1
000a89e 0000000 1 0b6 1 0 000a89d 1 0b6 1
0000000 23c0000 1 0e2 1 1 23c0000 1 0e2 1
00096fe 0000000 1 0ab 0 1 00096fd 0 0ab 1
0008c78 0000000 1 05d 1 1 0008c78 1 05d 1
0000000 3040000 1 0db 0 0 3040000 0 0db 1
0007cc8 0000000 1 059 0 1 0007cc7 0 059 1
0006720 0000000 1 0d0 0 1 000671f 0 0d0 1
000a4f0 0052000 0 097 0 0 005c4f0 0 097 0
0006158 0000000 1 0e6 1 0 0006157 1 0e6 1
0000000 2c40000 1 0d9 1 1 2c40000 1 0d9 1
00084b1 0000000 1 108 1 0 00084b0 1 108 1
0000000 3300000 1 095 0 1 32fffff 1 095 1
0007c08 0000000 1 034 1 0 0007c07 1 034 1
000be50 0000000 1 082 1 1 000be50 1 082 1
0000000 26c0000 1 3fe 1 0 26bffff 0 3fe 1
000a9c4 0000000 1 07a 1 1 000a9c4 1 07a 1
0000000 2580000 1 02f 1 0 257ffff 0 02f 1
0008d72 0000000 1 0d8 1 1 0008d72 1 0d8 1
0000000 3ec0000 1 050 0 0 3ec0000 0 050 1
000a32c 0000000 1 11c 1 0 000a32b 1 11c 1
0008208 0000000 1 0ff 1 1 0008208 1 0ff 1
0008668 0000000 1 0ab 0 1 0008667 0 0ab 1
000d503 0000000 1 0db 1 0 000d502 1 0db 1
0009c18 0000000 1 163 1 0 0009c17 1 163 1
000b810 0000000 1 083 0 1 000b80f 0 083 1
0000000 3300000 1 086 1 1 3300000 1 086 1
00090bc 0000000 1 09a 0 1 00090bb 0 09a 1
0000000 3d00000 1 05d 0 1 3cfffff 1 05d 1
000b8ce 0000000 1 11e 0 1 000b8cd 0 11e 1
0000000 2840000 1 0af 1 1 2840000 1 0af 1
0000000 2000000 1 053 1 1 2000000 1 053 1
0008be8 035c000 0 034 1 0 0353418 0 034 0
0008574 0000000 1 0ee 0 0 0008574 0 0ee 1
0000000 3700000 1 0cd 0 0 3700000 0 0cd 1
0008550 0020400 0 0c3 1 0 0017eb0 0 0c3 0
0000000 33c0000 1 047 0 0 33c0000 0 047 1
0006ccd 0000000 1 128 1 1 0006ccd 1 128 1
0000000 3cc0000 1 0a5 1 0 3cbffff 0 0a5 1
0000000 2d80000 1 0c1 1 1 2d80000 1 0c1 1
0000000 3700000 1 0f3 1 0 36fffff 0 0f3 1
0000000 2480000 1 04b 1 1 2480000 1 04b 1
0000000 2300000 1 3f6 1 1 2300000 1 3f6 1
0000000 3100000 1 0a8 1 1 3100000 1 0a8 1
0000000 23c0000 1 09f 0 0 23c0000 0 09f 1
000c05d 0000000 1 0fc 1 1 000c05d 1 0fc 1
0000000 3e80000 1 059 1 1 3e80000 1 059 1
0000000 3780000 1 06f 0 1 377ffff 1 06f 1
0005bc8 0000000 1 0d0 1 1 0005bc8 1 0d0 1
0000000 2140000 1 0e4 0 0 2140000 0 0e4 1
0000000 3000000 1 0cc 0 0 3000000 0 0cc 1
0000000 2980000 1 0bb 1 0 297ffff 0 0bb 1
0007b24 0000000 1 0ad 1 0 0007b23 1 0ad 1
0000000 3600000 1 052 1 1 3600000 1 052 1
0000000 2780000 1 0de 0 1 277ffff 1 0de 1
0000000 2d80000 1 02b 1 1 2d80000 1 02b 1
0000000 2c00000 1 0b1 0 1 2bfffff 1 0b1 1
00069a8 0000000 1 037 0 0 00069a8 0 037 1
00082c8 0000000 1 0de 0 0 00082c8 0 0de 1
0008196 0000000 1 0a2 0 0 0008196 0 0a2 1
0000000 3080000 1 0e9 0 0 3080000 0 0e9 1
0000000 2740000 1 01a 1 1 2740000 1 01a 1
0000000 3b40000 1 0cd 1 0 3b3ffff 0 0cd 1
0000000 3c80000 1 0f0 1 0 3c7ffff 0 0f0 1
000abcb 0000000 1 0b7 0 0 000abcb 0 0b7 1
000cd64 0000000 1 088 0 0 000cd64 0 088 1
0000000 3c80000 1 078 0 0 3c80000 0 078 1
000ce8b 0000000 1 0a2 0 1 000ce8a 0 0a2 1
0000000 2940000 1 04f 1 0 293ffff 0 04f 1
00073f0 0000000 1 0f5 1 0 00073ef 1 0f5 1
000d040 0002300 0 05b 1 0 000ad40 1 05b 0
0006b94 0000000 1 0e9 0 1 0006b93 0 0e9 1
0000000 3580000 1 026 1 1 3580000 1 026 1
0007803 0000000 1 12b 1 1 0007803 1 12b 1
0008ce4 0000000 0 066 1 0 0008ce4 1 066 0
000c4a8 0000000 1 109 1 1 000c4a8 1 109 1
0000000 3cc0000 1 0dc 0 0 3cc0000 0 0dc 1
0007404 0000000 1 0d4 1 1 0007404 1 0d4 1
0000000 3840000 1 039 1 0 383ffff 0 039 1
000616b 0000000 1 147 0 0 000616b 0 147 1
0000000 2940000 1 082 1 0 293ffff 0 082 1
00097bb 0000000 1 0bf 0 1 00097ba 0 0bf 1
0000000 2500000 1 083 1 1 2500000 1 083 1
0000000 34c0000 1 0af 1 1 34c0000 1 0af 1
0000000 37c0000 1 065 1 1 37c0000 1 065 1
0008289 0000000 1 0cf 1 1 0008289 1 0cf 1
0007bec 0000000 1 117 1 1 0007bec 1 117 1
000b8cf 0000000 1 15b 1 1 000b8cf 1 15b 1
0000000 2ac0000 1 0e1 1 0 2abffff 0 0e1 1
0009e85 0548000 0 06b 1 0 053e17b 0 06b 0
0000000 3240000 1 0c8 1 1 3240000 1 0c8 1
0000000 27c0000 1 01b 0 1 27bffff 1 01b 1
0000000 2f40000 1 019 1 0 2f3ffff 0 019 1
0009210 0000000 1 0a7 1 1 0009210 1 0a7 1
0000000 3200000 1 0b3 0 1 31fffff 1 0b3 1
0000000 2b80000 1 0b7 1 1 2b80000 1 0b7 1
0008f70 0000000 1 088 1 1 0008f70 1 088 1
0006388 0000000 1 0c8 0 0 0006388 0 0c8 1
0000000 2a00000 1 0be 0 1 29fffff 1 0be 1
0000000 3e40000 1 0db 0 1 3e3ffff 1 0db 1
0000000 37c0000 1 02e 0 0 37c0000 0 02e 1
0000000 3e00000 1 0d5 1 0 3dfffff 0 0d5 1
00078ea 0000000 1 081 1 0 00078e9 1 081 1
0007fc1 0000000 1 0b6 0 1 0007fc0 0 0b6 1
0000000 25c0000 0 0e8 0 0 25c0000 0 0e8 0
000de78 0000000 1 05e 1 0 000de77 1 05e 1
0000000 3ec0000 1 0c6 1 0 3ebffff 0 0c6 1
0000000 3100000 1 0cb 1 0 30fffff 0 0cb 1
000753f 02a8000 0 0ab 0 1 02a0ac1 1 0ab 0
0000000 26c0000 1 0ba 0 1 26bffff 1 0ba 1
0008ef2 0d50000 0 082 0 0 0d58ef2 0 082 0
0000000 2c00000 1 0c7 1 1 2c00000 1 0c7 1
0008879 0000000 1 09d 0 1 0008878 0 09d 1
0007d6e 0000048 1 092 0 1 0007d25 0 092 1
0000000 2d80000 1 0b9 0 0 2d80000 0 0b9 1
0000000 37c0000 1 096 0 1 37bffff 1 096 1
0000000 2dc0000 1 0b1 1 0 2dbffff 0 0b1 1
0006281 0000000 1 0c7 0 1 0006280 0 0c7 1
0000000 3040000 1 0d9 1 1 3040000 1 0d9 1
0000000 3980000 1 08a 1 0 397ffff 0 08a 1
000bfa6 0000000 1 083 1 1 000bfa6 1 083 1
000a162 0000000 1 04d 1 0 000a161 1 04d 1
0009a4a 0000000 1 111 0 1 0009a49 0 111 1
0006d92 0000000 1 0c7 1 0 0006d91 1 0c7 1
0000000 3fc0000 1 052 0 1 3fbffff 1 052 1
0000000 3200000 1 08d 1 1 3200000 1 08d 1
0000000 32c0000 1 0b0 0 0 32c0000 0 0b0 1
000ad68 00035c0 0 0d2 1 1 000e328 1 0d2 0
000bf38 0000050 1 071 1 0 000bee7 1 071 1
0000000 3380000 1 0c5 1 1 3380000 1 0c5 1
0007bb2 0000004 0 023 0 0 0007bb6 0 023 0
0000000 2c80000 1 00f 1 0 2c7ffff 0 00f 1
0007ee0 0000000 1 115 0 1 0007edf 0 115 1
0009cd8 0000000 1 0c1 0 1 0009cd7 0 0c1 1
0000000 3e80000 1 077 0 0 3e80000 0 077 1
0000000 3840000 1 0ed 1 0 383ffff 0 0ed 1
0000000 2280000 1 043 0 0 2280000 0 043 1
0000000 3b40000 0 090 0 1 3b40000 1 090 0
0000000 3fc0000 1 035 1 1 3fc0000 1 035 1
0000000 39c0000 1 0a9 0 1 39bffff 1 0a9 1
0006654 0000000 1 111 0 1 0006653 0 111 1
000d381 0000000 1 0a0 1 1 000d381 1 0a0 1
00091be 0000000 1 0f8 0 0 00091be 0 0f8 1
000cc15 0000028 1 0a2 1 1 000cc3d 1 0a2 1
0000000 2280000 1 061 1 0 227ffff 0 061 1
000c31e 0000000 1 0b9 0 1 000c31d 0 0b9 1
0000000 3dc0000 1 08d 1 1 3dc0000 1 08d 1
0000000 3a40000 1 06a 1 1 3a40000 1 06a 1
00070d6 0000000 1 0a6 1 1 00070d6 1 0a6 1
0008cfd 0000000 1 07a 1 1 0008cfd 1 07a 1
0000000 31c0000 1 0b4 0 1 31bffff 1 0b4 1
0000000 3c40000 1 05b 1 1 3c40000 1 05b 1
0000000 3340000 1 096 1 1 3340000 1 096 1
0009420 0000000 1 105 1 1 0009420 1 105 1
0000000 34c0000 1 062 1 1 34c0000 1 062 1
0000000 3dc0000 1 0b1 0 0 3dc0000 0 0b1 1
0000000 3280000 1 077 0 0 3280000 0 077 1
00071f4 0000000 1 065 1 1 00071f4 1 065 1
0000000 2d40000 1 0a6 1 1 2d40000 1 0a6 1
0000000 2240000 1 0ca 0 0 2240000 0 0ca 1
0000000 2080000 1 0be 0 1 207ffff 1 0be 1
00051a8 0000000 1 0d5 1 1 00051a8 1 0d5 1
0000000 3080000 1 039 1 0 307ffff 0 039 1
0000000 3080000 1 0db 0 1 307ffff 1 0db 1
0009ed0 0000000 1 056 1 0 0009ecf 1 056 1
0000000 2f40000 1 0a4 0 1 2f3ffff 1 0a4 1
000d411 0000000 1 08c 1 1 000d411 1 08c 1
0000000 3780000 1 0c0 1 1 3780000 1 0c0 1
000adf0 0000092 0 014 1 0 000ad5e 1 014 0
000aeb6 0178000 0 04a 0 0 0182eb6 0 04a 0
000837c 0000000 1 091 0 0 000837c 0 091 1
0009f4b 0000000 1 0be 0 0 0009f4b 0 0be 1
0006aa4 0000000 1 0fc 1 1 0006aa4 1 0fc 1
0000000 2f40000 1 09c 1 0 2f3ffff 0 09c 1
0000000 3540000 1 0ef 0 0 3540000 0 0ef 1
0007b99 0000000 1 0cb 1 1 0007b99 1 0cb 1
0000000 2ec0000 1 0a6 1 1 2ec0000 1 0a6 1
0000000 2880000 1 0dd 0 1 287ffff 1 0dd 1
0000000 3c80000 1 075 1 1 3c80000 1 075 1
0000000 3340000 1 019 1 0 333ffff 0 019 1
0000000 38c0000 1 010 0 0 38c0000 0 010 1
000ab80 0000000 1 0d4 0 0 000ab80 0 0d4 1
000749a 0000000 1 087 1 0 0007499 1 087 1
0000000 3440000 1 0a9 1 1 3440000 1 0a9 1
0000000 30c0000 1 045 0 0 30c0000 0 045 1
0000000 2680000 1 04a 1 1 2680000 1 04a 1
000682f 0000000 1 0f5 1 0 000682e 1 0f5 1
0000000 2e40000 1 036 0 1 2e3ffff 1 036 1
0008730 0000000 1 0af 1 1 0008730 1 0af 1
000731d 0000000 1 110 0 0 000731d 0 110 1
0006048 0000000 1 12c 0 0 0006048 0 12c 1
000ba60 0000000 1 0b4 1 1 000ba60 1 0b4 1
0007bb4 0000000 1 150 1 0 0007bb3 1 150 1
0000000 2c00000 1 0c4 0 1 2bfffff 1 0c4 1
0007fb9 0000000 1 0b1 0 1 0007fb8 0 0b1 1
0000000 34c0000 1 0d7 0 1 34bffff 1 0d7 1
0000000 2280000 1 076 1 1 2280000 1 076 1
000636e 0000000 1 10a 0 1 000636d 0 10a 1
0006bf9 1600000 0 096 1 0 15f9407 0 096 0
00090a2 0000000 1 053 1 1 00090a2 1 053 1
0000000 3480000 1 090 0 0 3480000 0 090 1
0000000 3340000 1 0b5 1 1 3340000 1 0b5 1
00082dc 0000000 1 15c 1 0 00082db 1 15c 1
0000000 3a80000 1 056 1 1 3a80000 1 056 1
0000000 3740000 1 08f 0 0 3740000 0 08f 1
0007f24 0000000 1 092 1 0 0007f23 1 092 1
0000000 3d00000 1 08a 0 1 3cfffff 1 08a 1
0007459 0000000 1 0af 0 0 0007459 0 0af 1
0000000 2080000 1 009 1 0 207ffff 0 009 1
0007d5c 0000000 1 096 1 0 0007d5b 1 096 1
0006d14 0000000 1 0cb 1 0 0006d13 1 0cb 1
00083d6 0000000 1 0f8 0 0 00083d6 0 0f8 1
000735c 0000000 1 0d9 0 0 000735c 0 0d9 1
0006834 0000000 1 06a 0 0 0006834 0 06a 1
0000000 3ec0000 1 0cb 0 0 3ec0000 0 0cb 1
000882c 0000000 1 12e 1 0 000882b 1 12e 1
000bf6e 0000000 1 0d4 1 1 000bf6e 1 0d4 1
000b563 0000000 1 0ee 1 0 000b562 1 0ee 1
000b120 00012c0 0 090 0 0 000c3e0 0 090 0
0000000 3ac0000 1 0c4 1 0 3abffff 0 0c4 1
000d8e7 0000000 1 13d 0 1 000d8e6 0 13d 1
0000000 3f40000 1 065 0 0 3f40000 0 065 1
000dd22 0000017 1 04f 0 0 000dd39 0 04f 1
000bb08 0000000 1 062 0 0 000bb08 0 062 1
0000000 3e00000 1 0a1 1 0 3dfffff 0 0a1 1
0000000 3e80000 1 010 1 0 3e7ffff 0 010 1
000b6dc 0000000 1 0a6 0 0 000b6dc 0 0a6 1
0008500 0000000 1 0fe 1 0 00084ff 1 0fe 1
0000000 3bc0000 1 0da 1 1 3bc0000 1 0da 1
0000000 2c80000 1 0ba 0 1 2c7ffff 1 0ba 1
00078a5 0000000 1 0df 1 1 00078a5 1 0df 1
0004ea0 0000000 1 0b4 0 0 0004ea0 0 0b4 1
0009060 0000000 1 056 1 0 000905f 1 056 1
0000000 25c0000 1 0bf 0 0 25c0000 0 0bf 1
0000000 2c80000 1 0d3 1 1 2c80000 1 0d3 1
0000000 3640000 1 0dc 0 0 3640000 0 0dc 1
0000000 2c80000 1 01e 0 1 2c7ffff 1 01e 1
0008765 000013c 0 02d 1 1 00088a1 1 02d 0
0009ed0 0000000 1 13f 0 1 0009ecf 0 13f 1
0000000 2bc0000 1 0a0 0 1 2bbffff 1 0a0 1
000af74 0000001 1 096 1 1 000af75 1 096 1
0000000 33c0000 1 04b 1 0 33bffff 0 04b 1
0006f80 0000000 1 0a3 0 0 0006f80 0 0a3 1
0000000 3140000 1 0d6 1 1 3140000 1 0d6 1
000e196 0000000 1 113 0 1 000e195 0 113 1
0000000 3940000 1 085 1 1 3940000 1 085 1
000afb6 0000000 1 102 1 1 000afb6 1 102 1
000bc2f 0000000 1 0b7 0 1 000bc2e 0 0b7 1
0000000 3d00000 1 0cd 0 1 3cfffff 1 0cd 1
0006e32 0000000 1 14e 0 0 0006e32 0 14e 1
000e796 0000000 1 101 0 1 000e795 0 101 1
0000000 3b00000 1 049 1 0 3afffff 0 049 1
0007d70 0040800 0 004 1 0 0038a90 0 004 0
0007a04 0000000 1 11f 0 1 0007a03 0 11f 1
0000000 2d00000 1 0a8 0 1 2cfffff 1 0a8 1
0000000 38c0000 1 0c7 1 0 38bffff 0 0c7 1
0005d15 0000000 1 129 0 0 0005d15 0 129 1
0000000 3900000 1 088 1 1 3900000 1 088 1
0004d1c 0000000 1 114 1 0 0004d1b 1 114 1
0000000 3e80000 1 0d2 1 0 3e7ffff 0 0d2 1
00070d0 0000000 1 10f 0 1 00070cf 0 10f 1
0006063 0000000 1 0b6 1 1 0006063 1 0b6 1
000c210 0000000 1 0c2 0 0 000c210 0 0c2 1
0009990 0000000 1 02a 0 1 000998f 0 02a 1
0000000 0000000 1 3f5 0 0 0000000 0 3f5 1
000b4a8 0000000 1 082 0 1 000b4a7 0 082 1
0006a86 0000000 1 07c 1 1 0006a86 1 07c 1
000ab9a 0000000 1 0f1 0 0 000ab9a 0 0f1 1
000c709 0000000 1 155 0 0 000c709 0 155 1
0000000 2400000 1 0a8 0 1 23fffff 1 0a8 1
0000000 3f80000 1 0d0 0 0 3f80000 0 0d0 1
0000000 3480000 1 084 1 0 347ffff 0 084 1
0000000 3b80000 1 0d7 1 0 3b7ffff 0 0d7 1
0000000 3600000 1 072 1 1 3600000 1 072 1
000956a 0000000 1 0ed 0 1 0009569 0 0ed 1
0000000 2c00000 1 0ab 0 1 2bfffff 1 0ab 1
000be74 0000000 1 07c 0 1 000be73 0 07c 1
000ae00 0000000 1 090 0 0 000ae00 0 090 1
00078eb 0000000 1 075 1 0 00078ea 1 075 1
000a920 0000000 1 0f4 0 0 000a920 0 0f4 1
0000000 2380000 1 03e 1 0 237ffff 0 03e 1
0005be8 0000000 1 0a7 0 0 0005be8 0 0a7 1
0000000 35c0000 1 05b 0 1 35bffff 1 05b 1
0000000 2580000 1 0e3 1 0 257ffff 0 0e3 1
0000000 3480000 1 0e4 1 1 3480000 1 0e4 1
0000000 2cc0000 1 0df 1 1 2cc0000 1 0df 1
000738f 0000000 1 09a 0 0 000738f 0 09a 1
0007661 0000000 1 0e9 0 0 0007661 0 0e9 1
00098c1 0000000 1 0cd 1 0 00098c0 1 0cd 1
000bb62 0000000 1 099 0 1 000bb61 0 099 1
0000000 3f40000 1 049 0 1 3f3ffff 1 049 1
0000000 3680000 1 0c4 0 1 367ffff 1 0c4 1
000848a 0000000 1 0f1 0 0 000848a 0 0f1 1
0000000 3e80000 1 09e 0 1 3e7ffff 1 09e 1
000b793 0000000 1 0b7 1 0 000b792 1 0b7 1
0000000 31c0000 1 0b5 0 1 31bffff 1 0b5 1
0009924 0000000 1 145 0 1 0009923 0 145 1
0009969 0000000 1 08b 0 0 0009969 0 08b 1
0000000 38c0000 1 0ec 1 0 38bffff 0 0ec 1
0007f68 0000000 1 0ab 1 0 0007f67 1 0ab 1
0000000 2700000 1 0e9 0 1 26fffff 1 0e9 1
0000000 2240000 1 067 1 1 2240000 1 067 1
000cb96 0000000 1 095 0 0 000cb96 0 095 1
0000000 39c0000 1 06d 1 0 39bffff 0 06d 1
0000000 2b80000 1 0d7 0 0 2b80000 0 0d7 1
0000000 2280000 1 052 0 1 227ffff 1 052 1
0007942 0000026 1 02a 1 1 0007968 1 02a 1
0008742 0000000 1 0a6 0 1 0008741 0 0a6 1
0000000 2500000 1 0ce 1 0 24fffff 0 0ce 1
0008870 0000000 1 09a 0 1 000886f 0 09a 1
0005f64 0000000 1 128 0 1 0005f63 0 128 1
0000000 28c0000 1 09f 0 0 28c0000 0 09f 1
0006fda 0000000 1 070 0 1 0006fd9 0 070 1
000a8dc 0000000 1 113 1 1 000a8dc 1 113 1
00058f2 0000000 1 0ca 0 1 00058f1 0 0ca 1
00082f8 000026c 0 033 0 0 0008564 0 033 0
000bcd0 0000000 1 09a 1 0 000bccf 1 09a 1
0007176 0000000 1 107 1 0 0007175 1 107 1
0000000 3680000 1 076 0 0 3680000 0 076 1
0006d23 0000076 0 07b 0 1 0006cad 0 07b 0
0007500 0000002 1 0bb 1 0 00074fd 1 0bb 1
0000000 3340000 1 0d4 1 1 3340000 1 0d4 1
0000000 3040000 1 09e 0 1 303ffff 1 09e 1
000b45a 0000000 1 0f9 0 1 000b459 0 0f9 1
0000000 3000000 1 0c8 0 1 2ffffff 1 0c8 1
000a686 000000f 1 0ce 1 1 000a695 1 0ce 1
0000000 3500000 1 080 0 1 34fffff 1 080 1
0007d0a 0000000 1 111 1 1 0007d0a 1 111 1
0000000 3740000 1 0e9 0 0 3740000 0 0e9 1
0000000 30c0000 1 055 1 1 30c0000 1 055 1
0008688 000004b 1 060 0 1 000863c 0 060 1
0000000 2380000 1 04f 0 1 237ffff 1 04f 1
0000000 2c80000 1 089 1 0 2c7ffff 0 089 1
0000000 2a00000 1 0b0 0 1 29fffff 1 0b0 1
0008748 0000000 1 047 1 1 0008748 1 047 1
000a68c 0000000 1 0ca 1 0 000a68b 1 0ca 1
0000000 2080000 1 07e 1 1 2080000 1 07e 1
0000000 2580000 1 0d4 0 1 257ffff 1 0d4 1
0005ce4 0000000 1 04e 0 1 0005ce3 0 04e 1
0000000 37c0000 1 0d0 0 1 37bffff 1 0d0 1
000aad9 0000000 1 11c 0 0 000aad9 0 11c 1
0000000 2000000 1 0c0 0 1 1ffffff 1 0c0 1
0000000 30c0000 1 07e 1 1 30c0000 1 07e 1
0000000 3240000 1 080 0 0 3240000 0 080 1
0000000 3ac0000 1 0b5 0 1 3abffff 1 0b5 1
0000000 2c00000 0 3fc 0 1 2c00000 1 3fc 0
0008570 0000000 1 08e 1 1 0008570 1 08e 1
00088d8 0000000 1 0eb 1 1 00088d8 1 0eb 1
0000000 3440000 1 0bb 1 0 343ffff 0 0bb 1
000d2a8 0000000 1 0a3 0 0 000d2a8 0 0a3 1
0000000 3600000 1 0e3 1 0 35fffff 0 0e3 1
0005427 0014600 0 0d0 0 1 000f1d9 1 0d0 0
0004fd1 0000000 1 11b 0 0 0004fd1 0 11b 1
0000000 2f00000 1 083 0 1 2efffff 1 083 1
0000000 3440000 1 053 0 0 3440000 0 053 1
0009120 0000000 1 12c 1 0 000911f 1 12c 1
000b54d 0000000 1 071 1 0 000b54c 1 071 1
000ae3c 0000000 1 0df 0 0 000ae3c 0 0df 1
0006218 0000000 0 120 1 0 0006218 1 120 0
0009c42 0000000 1 0e6 0 1 0009c41 0 0e6 1
0000000 36c0000 1 0ae 1 1 36c0000 1 0ae 1
0005dbe 0000000 1 0c7 0 0 0005dbe 0 0c7 1
0000000 3580000 1 00b 0 1 357ffff 1 00b 1
0005780 003a000 0 0a5 0 1 0034880 1 0a5 0
0000000 2480000 1 07e 1 1 2480000 1 07e 1
00066f0 0000000 1 0f1 0 1 00066ef 0 0f1 1
0008e68 0000000 1 126 0 0 0008e68 0 126 1
000c5b8 0000000 1 0e3 1 1 000c5b8 1 0e3 1
0000000 3200000 1 0de 0 1 31fffff 1 0de 1
0000000 2740000 1 01c 0 1 273ffff 1 01c 1
0000000 27c0000 1 09e 0 1 27bffff 1 09e 1
000c3dc 0000000 1 086 1 0 000c3db 1 086 1
0000000 2f40000 1 0cc 0 0 2f40000 0 0cc 1
000a5d1 0000000 0 069 1 0 000a5d1 1 069 0
0000000 39c0000 1 0af 1 1 39c0000 1 0af 1
0007bed 1e60000 0 0d1 0 1 1e58413 1 0d1 0
0000000 2a40000 1 0ca 1 0 2a3ffff 0 0ca 1
0000000 3940000 0 0bb 1 0 3940000 0 0bb 0
0000000 2280000 1 070 0 0 2280000 0 070 1
0006dd4 3c80000 0 0ac 1 1 3c86dd4 1 0ac 0
000a406 0000000 1 080 1 0 000a405 1 080 1
0007d20 0000000 1 123 0 0 0007d20 0 123 1
00082e3 0000000 1 09b 0 1 00082e2 0 09b 1
0000000 3740000 1 062 1 1 3740000 1 062 1
0000000 32c0000 1 0a7 0 0 32c0000 0 0a7 1
0008071 0000000 1 04f 0 0 0008071 0 04f 1
0006120 0000000 1 06e 0 0 0006120 0 06e 1
00076f2 0000000 1 049 0 1 00076f1 0 049 1
0000000 3800000 1 016 1 0 37fffff 0 016 1
0000000 2340000 1 0ae 1 0 233ffff 0 0ae 1
0009934 0000000 1 13b 1 0 0009933 1 13b 1
0000000 3640000 1 06e 1 0 363ffff 0 06e 1
000ef1e 0000000 1 092 1 1 000ef1e 1 092 1
000cc30 0000000 1 0d7 0 0 000cc30 0 0d7 1
0000000 26c0000 1 0e6 1 1 26c0000 1 0e6 1
00083f9 0000000 1 08f 1 0 00083f8 1 08f 1
0000000 3f80000 1 0b4 1 1 3f80000 1 0b4 1
0006d6c 0000000 1 0fe 1 0 0006d6b 1 0fe 1
000d4e4 0000000 1 090 1 0 000d4e3 1 090 1
000cc8c 0000000 1 051 1 1 000cc8c 1 051 1
000a0b4 0000000 1 08b 0 0 000a0b4 0 08b 1
0000000 3c00000 1 0e9 1 1 3c00000 1 0e9 1
000c156 0000000 1 11f 1 0 000c155 1 11f 1
0007826 0df0000 0 0b9 1 1 0df7826 1 0b9 0
0000000 2940000 1 095 1 1 2940000 1 095 1
0004e22 0000000 1 134 1 0 0004e21 1 134 1
0000000 2ac0000 1 08f 1 0 2abffff 0 08f 1
0009843 0000000 1 103 0 1 0009842 0 103 1
0000000 2300000 1 0d4 1 1 2300000 1 0d4 1
0000000 2400000 1 0cb 1 0 23fffff 0 0cb 1
000a3e0 0000000 1 109 0 1 000a3df 0 109 1
00086ce 0000000 1 0cc 0 1 00086cd 0 0cc 1
0007365 0000000 1 0b8 1 1 0007365 1 0b8 1
000aeb0 0000000 1 0c7 1 0 000aeaf 1 0c7 1
0000000 3a80000 1 0ab 1 1 3a80000 1 0ab 1
0000000 2300000 1 0ca 0 0 2300000 0 0ca 1
0005208 0000000 1 0f1 0 1 0005207 0 0f1 1
00082ad 0000000 1 0cf 1 1 00082ad 1 0cf 1
0000000 3f40000 1 0e2 0 0 3f40000 0 0e2 1
00098e4 0000000 1 0fa 0 0 00098e4 0 0fa 1
0000000 3e00000 1 060 1 1 3e00000 1 060 1
000adb8 0000000 1 0f0 1 0 000adb7 1 0f0 1
0000000 2000000 1 09b 0 0 2000000 0 09b 1
000ec60 0000000 1 11e 1 0 000ec5f 1 11e 1
000620e 0000000 1 076 0 0 000620e 0 076 1
0000000 2140000 1 0db 1 0 213ffff 0 0db 1
000b108 0000000 1 16e 1 1 000b108 1 16e 1
000c2e6 0000000 1 0af 0 0 000c2e6 0 0af 1
000871b 0000000 1 0b4 1 0 000871a 1 0b4 1
0000000 3140000 1 028 0 1 313ffff 1 028 1
000a0b4 0000000 1 09a 1 1 000a0b4 1 09a 1
0000000 3f40000 1 026 0 0 3f40000 0 026 1
0000000 3740000 1 0e0 1 0 373ffff 0 0e0 1
0000000 3440000 1 041 0 1 343ffff 1 041 1
000cd62 0000000 1 103 1 1 000cd62 1 103 1
0000000 2b40000 1 0f3 0 0 2b40000 0 0f3 1
0005b80 0000000 1 0b3 0 1 0005b7f 0 0b3 1
0000000 2400000 1 083 0 0 2400000 0 083 1
000bb28 0000000 1 044 0 1 000bb27 0 044 1
0005500 0002b40 0 065 1 0 00029c0 1 065 0
0009720 0000000 1 109 1 1 0009720 1 109 1
000e2dd 0000000 1 080 0 0 000e2dd 0 080 1
0000000 2440000 1 0c1 0 0 2440000 0 0c1 1
0008550 0000000 1 109 0 0 0008550 0 109 1
000c573 0000000 1 08b 1 1 000c573 1 08b 1
0009603 0001180 0 0c2 0 1 0008483 0 0c2 0
0007003 0000000 1 098 1 0 0007002 1 098 1
0006ee8 0000000 1 0e8 0 1 0006ee7 0 0e8 1
000d5b3 0000000 1 099 1 1 000d5b3 1 099 1
0000000 28c0000 1 0a7 1 0 28bffff 0 0a7 1
0000000 2680000 1 09e 0 0 2680000 0 09e 1
000809e 0000000 1 091 0 0 000809e 0 091 1
0008700 0000000 1 0f2 1 0 00086ff 1 0f2 1
0000000 2980000 1 066 1 0 297ffff 0 066 1
0000000 2340000 1 0dd 1 0 233ffff 0 0dd 1
0000000 2780000 1 0c0 1 1 2780000 1 0c0 1
000bad0 0000057 1 0ba 0 1 000ba78 0 0ba 1
000bc43 0000000 1 128 0 1 000bc42 0 128 1
0000000 3600000 1 0df 0 0 3600000 0 0df 1
0000000 2c80000 1 047 0 0 2c80000 0 047 1
0000000 2ec0000 1 0c1 1 0 2ebffff 0 0c1 1
0000000 3500000 1 0cc 1 1 3500000 1 0cc 1
0006ff0 0000000 1 0ad 1 1 0006ff0 1 0ad 1
0000000 2f00000 1 018 1 0 2efffff 0 018 1
00081c6 0000000 1 12b 1 1 00081c6 1 12b 1
0007f5c 0000000 1 066 0 1 0007f5b 0 066 1
0000000 2880000 1 0d1 0 1 287ffff 1 0d1 1
0000000 2200000 1 0c6 0 0 2200000 0 0c6 1
0000000 2340000 1 0bf 0 1 233ffff 1 0bf 1
0007803 0000000 1 112 1 0 0007802 1 112 1
000c2e8 1240000 0 3f8 0 0 124c2e8 0 3f8 0
0004e0c 0000000 1 024 0 1 0004e0b 0 024 1
0000000 2700000 1 0c4 0 1 26fffff 1 0c4 1
0000000 3d00000 1 0ca 0 1 3cfffff 1 0ca 1
0000000 3240000 1 094 1 1 3240000 1 094 1
0000000 3240000 1 0e6 0 0 3240000 0 0e6 1
0000000 3940000 1 09f 0 1 393ffff 1 09f 1
0000000 2180000 1 067 0 0 2180000 0 067 1
000691e 0000000 1 15a 0 1 000691d 0 15a 1
0007062 0000000 1 0c9 0 0 0007062 0 0c9 1
0000000 3940000 1 0be 1 1 3940000 1 0be 1
0000000 2d80000 1 0ae 1 0 2d7ffff 0 0ae 1
0005db5 0000001 1 01d 1 0 0005db3 1 01d 1
00077b4 0000000 1 0a7 0 1 00077b3 0 0a7 1
0009147 0000000 1 0cd 0 1 0009146 0 0cd 1
0007caa 0000000 1 136 1 0 0007ca9 1 136 1
0000000 3380000 1 0c1 0 1 337ffff 1 0c1 1
000a51b 0000000 1 0bc 0 0 000a51b 0 0bc 1
0000000 3480000 1 0f1 0 1 347ffff 1 0f1 1
00072e6 0000140 0 016 1 1 0007426 1 016 0
00088dd 0000000 1 14e 1 1 00088dd 1 14e 1
0000000 3f80000 1 0ea 1 0 3f7ffff 0 0ea 1
0007d6e 0000000 1 0e0 1 0 0007d6d 1 0e0 1
0000000 2f40000 1 095 1 1 2f40000 1 095 1
0006d2c 0000000 1 05f 1 1 0006d2c 1 05f 1
0008653 0000000 1 165 1 1 0008653 1 165 1
0000000 3840000 1 009 0 1 383ffff 1 009 1
000631f 0000000 1 0d5 1 0 000631e 1 0d5 1
0008c4c 0000000 1 106 1 0 0008c4b 1 106 1
0000000 3580000 1 028 1 1 3580000 1 028 1
0000000 2900000 1 0a3 1 1 2900000 1 0a3 1
000a50b 0000000 1 07c 1 1 000a50b 1 07c 1
00064d2 0000000 1 065 0 0 00064d2 0 065 1
0000000 2940000 1 0e5 0 1 293ffff 1 0e5 1
0000000 3000000 1 0b3 1 1 3000000 1 0b3 1
0000000 2b80000 1 0dd 0 1 2b7ffff 1 0dd 1
0000000 3140000 1 0f3 1 0 313ffff 0 0f3 1
000f32a 0000000 1 08e 0 1 000f329 0 08e 1
0000000 3680000 1 095 0 1 367ffff 1 095 1
00073c8 0000000 1 121 0 0 00073c8 0 121 1
000e3cc 0000000 1 0d1 1 0 000e3cb 1 0d1 1
000abf3 0000000 1 14a 1 1 000abf3 1 14a 1
0000000 39c0000 1 0a5 1 1 39c0000 1 0a5 1
0000000 3b00000 1 0e8 1 1 3b00000 1 0e8 1
0000000 3000000 1 09e 1 0 2ffffff 0 09e 1
0000000 3280000 1 0f0 1 0 327ffff 0 0f0 1
0000000 3c40000 1 074 1 1 3c40000 1 074 1
000dc80 0000000 1 138 0 0 000dc80 0 138 1
0008040 0000000 1 0eb 0 1 000803f 0 0eb 1
000b637 0000000 1 097 0 1 000b636 0 097 1
0008dc0 0000000 1 107 0 0 0008dc0 0 107 1
0007f99 0000000 1 117 0 0 0007f99 0 117 1
0000000 2580000 1 0c0 1 1 2580000 1 0c0 1
0006a90 0000000 1 0b0 0 1 0006a8f 0 0b0 1
0000000 3f80000 1 088 0 1 3f7ffff 1 088 1
000b172 0000000 1 0c4 0 0 000b172 0 0c4 1
0000000 2b80000 1 0a6 1 0 2b7ffff 0 0a6 1
0000000 3540000 1 0b3 1 1 3540000 1 0b3 1
0008502 0000000 1 10d 1 1 0008502 1 10d 1
0007850 0000000 1 0bb 0 1 000784f 0 0bb 1
0000000 3740000 1 089 0 0 3740000 0 089 1
0000000 2b00000 1 0b2 1 0 2afffff 0 0b2 1
0000000 2ac0000 1 059 0 0 2ac0000 0 059 1
0000000 2600000 1 096 1 1 2600000 1 096 1
0000000 3780000 1 058 1 0 377ffff 0 058 1
000d2f0 0000000 1 110 0 1 000d2ef 0 110 1
0000000 23c0000 1 0ac 0 0 23c0000 0 0ac 1
0000000 2040000 1 0ee 0 1 203ffff 1 0ee 1
000af50 0000000 0 06e 1 0 000af50 1 06e 0
0000000 2240000 1 07c 0 0 2240000 0 07c 1
0008100 0000000 1 045 0 0 0008100 0 045 1
000a206 0000000 1 064 1 0 000a205 1 064 1
0000000 3a40000 1 0c9 1 0 3a3ffff 0 0c9 1
0000000 2140000 1 0cc 1 0 213ffff 0 0cc 1
00078fc 0000000 1 052 0 0 00078fc 0 052 1
0000000 3bc0000 1 07d 1 0 3bbffff 0 07d 1
000b0c6 0000000 1 137 1 1 000b0c6 1 137 1
0006fc8 0000000 1 0b9 0 1 0006fc7 0 0b9 1
0000000 3d00000 1 0e6 0 0 3d00000 0 0e6 1
0000000 3d40000 1 06e 1 1 3d40000 1 06e 1
0008b65 0000000 1 0a2 0 0 0008b65 0 0a2 1
000458a 0000000 1 134 0 1 0004589 0 134 1
0007594 0000000 1 0c2 1 0 0007593 1 0c2 1
0000000 2440000 1 0ed 0 1 243ffff 1 0ed 1
0007c54 0000000 1 123 1 0 0007c53 1 123 1
0000000 3800000 1 0e6 0 0 3800000 0 0e6 1
0000000 2a00000 1 0d1 1 1 2a00000 1 0d1 1
0000000 3080000 0 03e 0 1 3080000 1 03e 0
0000000 2380000 1 0d5 1 1 2380000 1 0d5 1
0008d60 0000000 1 066 0 1 0008d5f 0 066 1
0008c28 0000000 1 110 0 0 0008c28 0 110 1
00065a3 0000000 1 0f7 0 0 00065a3 0 0f7 1
0000000 36c0000 1 0d6 0 1 36bffff 1 0d6 1
00098fa 0000000 1 0e6 0 0 00098fa 0 0e6 1
0000000 3ec0000 1 0da 1 1 3ec0000 1 0da 1
0000000 3580000 1 09d 1 1 3580000 1 09d 1
0000000 2280000 1 069 0 0 2280000 0 069 1
0006374 0000000 1 0a5 0 1 0006373 0 0a5 1
000724c 0000000 1 0df 1 1 000724c 1 0df 1
0006d92 0000000 1 0d4 0 1 0006d91 0 0d4 1
000bf88 0250000 0 048 0 0 025bf88 0 048 0
0000000 3e40000 1 0c4 1 1 3e40000 1 0c4 1
0000000 29c0000 1 05f 1 1 29c0000 1 05f 1
0000000 2380000 0 04c 0 1 2380000 1 04c 0
0000000 2fc0000 1 069 0 0 2fc0000 0 069 1
0000000 3100000 1 05e 1 0 30fffff 0 05e 1
0009e20 0000000 1 11c 0 1 0009e1f 0 11c 1
0000000 3c80000 1 06d 0 0 3c80000 0 06d 1
0000000 35c0000 1 0d1 0 0 35c0000 0 0d1 1
0005a66 0000000 1 085 0 0 0005a66 0 085 1
0008ac4 0000000 1 0ac 1 1 0008ac4 1 0ac 1
0000000 3740000 1 0d7 1 0 373ffff 0 0d7 1
0004d99 0000000 1 0b7 0 0 0004d99 0 0b7 1
0000000 3880000 1 06e 0 1 387ffff 1 06e 1
0000000 3180000 1 0f1 0 1 317ffff 1 0f1 1
000a9aa 0000000 1 0e7 0 1 000a9a9 0 0e7 1
000c3b0 0000000 1 096 0 1 000c3af 0 096 1
0007cc5 0000000 1 119 1 0 0007cc4 1 119 1
0006e32 0000000 1 0ee 1 1 0006e32 1 0ee 1
0000000 3600000 1 090 0 1 35fffff 1 090 1
0007390 0000000 1 074 0 1 000738f 0 074 1
0006f88 0000000 1 10b 0 1 0006f87 0 10b 1
0000000 2900000 1 048 0 0 2900000 0 048 1
0005ca2 0000000 1 051 0 0 0005ca2 0 051 1
00096d2 0000007 1 094 0 1 00096ca 0 094 1
0008109 0000000 1 150 0 0 0008109 0 150 1
0000000 3e00000 1 06c 0 0 3e00000 0 06c 1
0000000 3780000 1 04d 0 1 377ffff 1 04d 1
000837c 0000000 1 0b9 1 0 000837b 1 0b9 1
0000000 2480000 1 0cb 0 1 247ffff 1 0cb 1
000a1c4 0000000 1 099 1 0 000a1c3 1 099 1
0000000 3980000 1 0c5 0 1 397ffff 1 0c5 1
0009ff6 0000000 1 04c 0 0 0009ff6 0 04c 1
0008784 0000000 1 121 1 0 0008783 1 121 1
000ac44 0063000 0 088 1 1 006dc44 1 088 0
0000000 2840000 1 089 1 0 283ffff 0 089 1
0000000 2a80000 1 0d7 0 0 2a80000 0 0d7 1
0000000 3180000 0 002 1 0 3180000 0 002 0
0005438 0000000 1 072 0 0 0005438 0 072 1
0005087 0000000 1 045 0 0 0005087 0 045 1
0000000 2cc0000 1 080 0 1 2cbffff 1 080 1
000acbc 0000000 1 07e 1 0 000acbb 1 07e 1
000aa98 0000025 1 0e3 1 0 000aa72 1 0e3 1
0000000 2d80000 1 3ff 0 1 2d7ffff 1 3ff 1
000a1ba 0000000 1 066 0 1 000a1b9 0 066 1
0000000 2b40000 1 032 0 1 2b3ffff 1 032 1
0000000 2640000 1 057 0 1 263ffff 1 057 1
0007c54 0000000 1 073 0 1 0007c53 0 073 1
000c61b 0000000 1 086 1 0 000c61a 1 086 1
00075bc 000d700 0 089 1 1 0014cbc 1 089 0
000672a 0000000 1 059 0 1 0006729 0 059 1
0000000 2640000 1 0ea 0 1 263ffff 1 0ea 1
000e2d8 0000000 1 0b1 0 1 000e2d7 0 0b1 1
0000000 3880000 1 043 0 0 3880000 0 043 1
0000000 3fc0000 0 001 1 0 3fc0000 0 001 0
0000000 2c40000 1 038 1 0 2c3ffff 0 038 1
0000000 2e00000 1 06a 1 1 2e00000 1 06a 1
0000000 3780000 1 07a 0 1 377ffff 1 07a 1
0000000 2e00000 1 0a6 0 1 2dfffff 1 0a6 1
000b718 0000000 1 149 0 0 000b718 0 149 1
0007840 0000000 1 108 0 1 000783f 0 108 1
0007a5e 0000000 1 0ae 0 0 0007a5e 0 0ae 1
0005517 0000000 1 0d3 0 1 0005516 0 0d3 1
0000000 3640000 1 0c3 1 0 363ffff 0 0c3 1
0000000 2140000 1 0cb 1 1 2140000 1 0cb 1
0009664 0000000 1 083 1 0 0009663 1 083 1
0008b10 0000000 1 0ae 0 1 0008b0f 0 0ae 1
0000000 33c0000 1 0cf 0 1 33bffff 1 0cf 1
000df08 0000000 1 101 1 1 000df08 1 101 1
00087a0 0000000 1 0b5 0 0 00087a0 0 0b5 1
0000000 3940000 1 072 0 0 3940000 0 072 1
0000000 2080000 1 0f0 1 0 207ffff 0 0f0 1
000b17b 0000000 1 0f0 0 1 000b17a 0 0f0 1
0009f15 0000004 1 0f9 1 0 0009f10 1 0f9 1
0009736 0000000 1 0c4 0 1 0009735 0 0c4 1
0000000 33c0000 1 0cc 0 1 33bffff 1 0cc 1
000ba60 0000000 1 03b 1 1 000ba60 1 03b 1
0000000 3d80000 1 0ea 0 0 3d80000 0 0ea 1
0008826 0000000 1 045 1 1 0008826 1 045 1
0007080 0000000 1 105 0 1 000707f 0 105 1
000bd60 0001f00 0 094 1 1 000dc60 1 094 0
0005f28 0000000 1 027 1 0 0005f27 1 027 1
0000000 2a00000 1 0c4 1 1 2a00000 1 0c4 1
0007a22 0000000 1 0c9 0 0 0007a22 0 0c9 1
0008700 0000000 1 0cb 1 1 0008700 1 0cb 1
000638a 0000000 1 138 0 1 0006389 0 138 1
0000000 2000000 1 0c2 0 1 1ffffff 1 0c2 1
0000000 3e80000 1 0a5 0 0 3e80000 0 0a5 1
0000000 37c0000 1 0b0 1 1 37c0000 1 0b0 1
000d31c 0000000 1 08c 0 1 000d31b 0 08c 1
000bad0 0000000 1 150 1 1 000bad0 1 150 1
0000000 2f40000 1 039 0 1 2f3ffff 1 039 1
0000000 3f80000 1 0e3 1 1 3f80000 1 0e3 1
0000000 2980000 1 01d 0 1 297ffff 1 01d 1
00089f7 0000000 1 088 1 0 00089f6 1 088 1
0000000 2d00000 1 0e6 1 1 2d00000 1 0e6 1
0009ce0 0000000 1 0bd 1 0 0009cdf 1 0bd 1
0000000 2b80000 1 06e 1 1 2b80000 1 06e 1
0009000 0000000 1 08b 0 0 0009000 0 08b 1
00080a2 0000000 1 077 1 0 00080a1 1 077 1
0007038 0000000 1 0fa 1 0 0007037 1 0fa 1
0000000 3100000 1 09a 1 1 3100000 1 09a 1
0000000 3140000 1 066 0 0 3140000 0 066 1
000928b 000000f 1 04b 0 1 000927b 0 04b 1
0000000 21c0000 1 0c7 1 0 21bffff 0 0c7 1
0000000 2740000 1 0d4 0 0 2740000 0 0d4 1
00071a0 0000000 0 020 0 1 00071a0 0 020 0
00057c0 0000000 1 0ef 0 1 00057bf 0 0ef 1
0000000 30c0000 1 0b7 0 0 30c0000 0 0b7 1
0000000 3a00000 1 095 1 0 39fffff 0 095 1
0000000 3d00000 1 072 0 0 3d00000 0 072 1
00099ef 0029400 0 031 0 0 0032def 0 031 0
0000000 32c0000 1 0cf 0 1 32bffff 1 0cf 1
0000000 38c0000 1 03e 1 0 38bffff 0 03e 1
0006ea0 0000000 1 0f2 0 0 0006ea0 0 0f2 1
0006b8b 0000000 1 0ee 0 0 0006b8b 0 0ee 1
0008f04 0000000 1 086 0 0 0008f04 0 086 1
0000000 29c0000 1 0ad 1 0 29bffff 0 0ad 1
0000000 3780000 1 06e 1 0 377ffff 0 06e 1
000a1c4 0000000 1 0a0 1 0 000a1c3 1 0a0 1
0000000 2540000 1 062 0 1 253ffff 1 062 1
0000000 3a40000 1 0b9 0 0 3a40000 0 0b9 1
00074bf 0000000 1 090 0 0 00074bf 0 090 1
0000000 3ec0000 1 0c0 0 1 3ebffff 1 0c0 1
0007e54 0000000 1 0ba 1 0 0007e53 1 0ba 1
0000000 23c0000 1 099 1 0 23bffff 0 099 1
0004500 0000000 1 13f 1 1 0004500 1 13f 1
00081b5 00007d8 0 02a 1 0 00079dd 1 02a 0
000867b 0000000 1 127 1 1 000867b 1 127 1
0000000 2740000 1 0ec 1 1 2740000 1 0ec 1
000b7f4 0000000 1 12e 0 1 000b7f3 0 12e 1
0006d60 0000000 1 0d8 1 1 0006d60 1 0d8 1
0007e70 0000000 1 140 1 1 0007e70 1 140 1
00067ce 0000000 1 08b 0 1 00067cd 0 08b 1
00062b6 0000000 1 060 1 1 00062b6 1 060 1
0000000 3300000 1 08a 1 0 32fffff 0 08a 1
0007f80 0000000 1 064 0 1 0007f7f 0 064 1
000a591 0000000 1 05a 1 1 000a591 1 05a 1
0000000 2c00000 1 0f0 1 1 2c00000 1 0f0 1
000aebc 0000000 1 143 0 1 000aebb 0 143 1
0000000 3d80000 1 0df 0 0 3d80000 0 0df 1
000adac 0000000 1 0e6 1 0 000adab 1 0e6 1
000aec8 0000000 1 10a 1 0 000aec7 1 10a 1
00072d0 0000000 1 05d 0 1 00072cf 0 05d 1
0000000 3000000 1 092 0 1 2ffffff 1 092 1
0000000 2d00000 1 0d7 0 1 2cfffff 1 0d7 1
0000000 2a80000 1 0db 1 0 2a7ffff 0 0db 1
000a162 0000000 1 04f 1 0 000a161 1 04f 1
00070da 0000000 1 06c 1 1 00070da 1 06c 1
0000000 3940000 1 057 1 0 393ffff 0 057 1
0000000 2240000 1 0d8 1 1 2240000 1 0d8 1
0000000 2c00000 1 09f 0 0 2c00000 0 09f 1
00074e0 0000000 1 0b5 0 0 00074e0 0 0b5 1
000b8c3 0000000 1 0dd 0 0 000b8c3 0 0dd 1
0005fa6 000000d 1 085 1 0 0005f98 1 085 1
00072d8 0000000 1 0dc 1 1 00072d8 1 0dc 1
0000000 2e80000 1 0e4 0 0 2e80000 0 0e4 1
0000000 2e80000 1 09f 0 1 2e7ffff 1 09f 1
0006d80 0000000 1 06e 0 0 0006d80 0 06e 1
000942c 0000000 1 053 1 1 000942c 1 053 1
000821a 0000000 1 0d5 0 1 0008219 0 0d5 1
00079d4 0000000 1 0d7 1 1 00079d4 1 0d7 1
000939f 0000000 1 12b 1 0 000939e 1 12b 1
0000000 3e80000 1 090 1 1 3e80000 1 090 1
0000000 2500000 1 0c2 1 1 2500000 1 0c2 1
0000000 33c0000 1 0d3 1 1 33c0000 1 0d3 1
0007ff8 0000000 1 08d 1 1 0007ff8 1 08d 1
0000000 2100000 1 0db 1 1 2100000 1 0db 1
0000000 3240000 1 086 0 1 323ffff 1 086 1
0009021 0000000 1 12a 0 1 0009020 0 12a 1
0000000 3180000 1 053 0 1 317ffff 1 053 1
0008520 0000000 1 06f 0 0 0008520 0 06f 1
0000000 37c0000 1 09b 1 1 37c0000 1 09b 1
0006384 0000000 1 0d9 0 0 0006384 0 0d9 1
0004e80 0000000 1 098 0 1 0004e7f 0 098 1
0000000 3b80000 1 08e 1 0 3b7ffff 0 08e 1
0000000 2180000 1 0d6 0 1 217ffff 1 0d6 1
0000000 2680000 1 09d 0 1 267ffff 1 09d 1
0007c4c 0000000 1 151 1 0 0007c4b 1 151 1
0000000 3c00000 1 028 0 0 3c00000 0 028 1
0007dcc 0000000 1 105 0 0 0007dcc 0 105 1
0000000 3800000 1 038 1 0 37fffff 0 038 1
0000000 3d00000 1 03a 0 1 3cfffff 1 03a 1
0000000 2dc0000 1 0ab 0 1 2dbffff 1 0ab 1
0000000 3700000 1 036 0 0 3700000 0 036 1
0009ebb 0000000 1 110 1 1 0009ebb 1 110 1
0000000 2fc0000 1 0eb 1 0 2fbffff 0 0eb 1
0000000 2700000 1 05d 1 0 26fffff 0 05d 1
0006680 0000000 1 0ca 0 1 000667f 0 0ca 1
0000000 3700000 1 0b2 1 0 36fffff 0 0b2 1
0008b88 0000000 1 048 0 0 0008b88 0 048 1
00098fa 0000000 1 0d4 1 1 00098fa 1 0d4 1
00093a8 0000000 1 019 1 1 00093a8 1 019 1
0008304 0000000 1 03d 1 1 0008304 1 03d 1
000c083 0000000 1 10b 0 1 000c082 0 10b 1
0000000 2700000 1 0b9 1 0 26fffff 0 0b9 1
00076b4 27c0000 0 0cf 1 1 27c76b4 1 0cf 0
00089b2 0000000 1 091 1 0 00089b1 1 091 1
0000000 2a00000 1 0bf 0 1 29fffff 1 0bf 1
0000000 3080000 1 0c0 0 1 307ffff 1 0c0 1
0000000 2d80000 1 0c7 1 1 2d80000 1 0c7 1
0000000 39c0000 1 097 1 1 39c0000 1 097 1
0000000 3040000 1 088 1 1 3040000 1 088 1
0007c00 0000000 1 100 0 0 0007c00 0 100 1
0000000 3280000 1 0a3 1 1 3280000 1 0a3 1
000866a 0000000 1 0ff 0 0 000866a 0 0ff 1
000a119 0000000 1 15d 0 1 000a118 0 15d 1
0000000 3600000 1 012 1 0 35fffff 0 012 1
00079c7 0000000 1 0c9 1 0 00079c6 1 0c9 1
0009b5f 0000000 1 0b3 1 0 0009b5e 1 0b3 1
000dc23 0000000 1 0f8 1 0 000dc22 1 0f8 1
0000000 3ec0000 1 0d2 1 1 3ec0000 1 0d2 1
0000000 3840000 1 02e 0 0 3840000 0 02e 1
0009d45 0000034 0 020 0 1 0009d11 0 020 0
0007c91 0000000 1 07b 1 1 0007c91 1 07b 1
0000000 3600000 1 082 0 0 3600000 0 082 1
0000000 2700000 1 0ca 0 0 2700000 0 0ca 1
0000000 2f80000 1 05d 0 1 2f7ffff 1 05d 1
0000000 2340000 1 02b 0 1 233ffff 1 02b 1
000748b 000015c 0 040 0 0 00075e7 0 040 0
00097d4 0000000 1 149 1 1 00097d4 1 149 1
0000000 2240000 1 060 1 1 2240000 1 060 1
00079bc 0000000 1 133 0 0 00079bc 0 133 1
0000000 2600000 1 04b 0 1 25fffff 1 04b 1
0000000 3300000 1 0e0 1 0 32fffff 0 0e0 1
0000000 3340000 1 0e7 1 1 3340000 1 0e7 1
0000000 2640000 1 086 1 0 263ffff 0 086 1
00052b2 0000000 1 05f 1 1 00052b2 1 05f 1
0000000 3300000 1 0f1 1 0 32fffff 0 0f1 1
0000000 2a80000 1 0b3 1 1 2a80000 1 0b3 1
0008b41 0000000 1 116 1 1 0008b41 1 116 1
000695a 0000000 1 069 1 1 000695a 1 069 1
0000000 2f80000 1 0a1 0 0 2f80000 0 0a1 1
000785a 0000000 1 140 0 0 000785a 0 140 1
0007580 0000000 1 0a5 0 1 000757f 0 0a5 1
0000000 2300000 1 016 1 0 22fffff 0 016 1
0000000 2f80000 1 0de 1 0 2f7ffff 0 0de 1
00088e6 0000000 1 12f 1 0 00088e5 1 12f 1
0000000 38c0000 1 075 1 0 38bffff 0 075 1
0000000 21c0000 1 0e2 0 0 21c0000 0 0e2 1
000a6d1 0000318 0 095 0 0 000a9e9 0 095 0
0000000 2880000 1 0d1 1 1 2880000 1 0d1 1
0007196 0000000 1 09d 1 1 0007196 1 09d 1
00081f0 0000000 1 02a 0 0 00081f0 0 02a 1
00069ff 0000015 0 055 0 1 00069ea 0 055 0
0004305 0000000 1 13e 0 1 0004304 0 13e 1
00098da 001cc00 0 0ec 0 0 00264da 0 0ec 0
000c592 0000000 1 060 1 0 000c591 1 060 1
0009878 0003180 0 0d2 1 1 000c9f8 1 0d2 0
0000000 3880000 1 0a4 1 1 3880000 1 0a4 1
0007c6a 0001da0 0 081 1 0 0005eca 1 081 0
0000000 26c0000 1 0e6 1 0 26bffff 0 0e6 1
0007af4 0000000 1 056 0 0 0007af4 0 056 1
0000000 37c0000 1 0ba 1 1 37c0000 1 0ba 1
0000000 2180000 1 0bf 1 0 217ffff 0 0bf 1
00074e5 0000000 1 120 0 1 00074e4 0 120 1
0008a81 0000000 1 0cf 0 0 0008a81 0 0cf 1
0008492 000000e 1 08e 0 0 00084a0 0 08e 1
0006fc0 0000000 1 0df 0 0 0006fc0 0 0df 1
000cb0f 0000000 1 0b5 1 0 000cb0e 1 0b5 1
0000000 36c0000 1 0ad 1 1 36c0000 1 0ad 1
0000000 39c0000 1 095 0 1 39bffff 1 095 1
0007290 0000000 1 0f0 0 1 000728f 0 0f0 1
0000000 3540000 1 017 1 0 353ffff 0 017 1
0007d0a 0000000 1 104 1 1 0007d0a 1 104 1
0000000 3e80000 1 0f2 0 1 3e7ffff 1 0f2 1
0000000 3ac0000 1 0cf 0 1 3abffff 1 0cf 1
00080d0 0000000 1 09d 0 1 00080cf 0 09d 1
000e484 0000000 1 0b9 0 0 000e484 0 0b9 1
0005655 0000000 1 09f 1 1 0005655 1 09f 1
0000000 2000000 1 0ae 1 0 1ffffff 0 0ae 1
0000000 2200000 1 0d8 0 1 21fffff 1 0d8 1
0000000 2680000 1 090 1 0 267ffff 0 090 1
0000000 23c0000 1 073 0 1 23bffff 1 073 1
00069eb 0000000 1 0ab 1 1 00069eb 1 0ab 1
0000000 2440000 1 05e 1 1 2440000 1 05e 1
0007156 00005c0 0 037 1 1 0007716 1 037 0
0000000 2d00000 1 063 1 0 2cfffff 0 063 1
0000000 2600000 1 07f 0 1 25fffff 1 07f 1
000db46 0000000 1 0a0 0 1 000db45 0 0a0 1
0009ccc 0000000 1 071 0 1 0009ccb 0 071 1
0008799 0000000 1 13d 1 1 0008799 1 13d 1
0000000 3580000 1 08f 0 1 357ffff 1 08f 1
0000000 3880000 1 0a1 0 0 3880000 0 0a1 1
00079d4 0000000 1 11a 0 1 00079d3 0 11a 1
000a65c 0000000 1 0d4 1 0 000a65b 1 0d4 1
0000000 2c40000 1 0e6 1 1 2c40000 1 0e6 1
0000000 3c40000 1 075 1 1 3c40000 1 075 1
0007b0c 0000000 1 082 1 1 0007b0c 1 082 1
0006cd8 0000000 1 079 1 1 0006cd8 1 079 1
000aa58 14c0000 0 08f 0 1 14b55a8 1 08f 0
0000000 3800000 1 069 1 0 37fffff 0 069 1
0000000 36c0000 1 056 0 0 36c0000 0 056 1
0000000 2640000 1 09a 1 0 263ffff 0 09a 1
0000000 3a40000 1 0ce 0 1 3a3ffff 1 0ce 1
000c5f4 0000000 1 0fc 1 1 000c5f4 1 0fc 1
0000000 36c0000 1 0db 0 0 36c0000 0 0db 1
000c8b9 0000000 0 078 0 0 000c8b9 0 078 0
0000000 3280000 1 009 0 1 327ffff 1 009 1
0000000 2980000 1 0b3 0 1 297ffff 1 0b3 1
0000000 2580000 1 0cc 1 1 2580000 1 0cc 1
0000000 3740000 1 08d 0 0 3740000 0 08d 1
000df8c 0000000 1 094 1 1 000df8c 1 094 1
0000000 20c0000 1 0f3 1 0 20bffff 0 0f3 1
0000000 2e00000 1 034 1 0 2dfffff 0 034 1
00076bc 0000000 1 136 1 0 00076bb 1 136 1
000837c 0000000 1 071 0 1 000837b 0 071 1
0000000 2000000 1 09c 0 0 2000000 0 09c 1
0000000 2b80000 1 053 1 1 2b80000 1 053 1
0000000 24c0000 1 0c2 1 0 24bffff 0 0c2 1
0008cb6 0000000 1 0e4 1 1 0008cb6 1 0e4 1
0009450 03e4000 0 051 0 0 03ed450 0 051 0
000f230 0000000 1 0c6 1 0 000f22f 1 0c6 1
000726e 0000000 1 064 1 1 000726e 1 064 1
0000000 3680000 1 0b5 1 0 367ffff 0 0b5 1
0000000 3cc0000 1 0ee 1 1 3cc0000 1 0ee 1
000c247 0000000 1 108 1 0 000c246 1 108 1
0000000 2000000 1 05f 1 1 2000000 1 05f 1
000ca18 0000000 1 113 0 1 000ca17 0 113 1
0000000 3200000 1 08e 1 0 31fffff 0 08e 1
0000000 3840000 1 077 1 0 383ffff 0 077 1
0000000 2140000 1 05d 1 1 2140000 1 05d 1
0007684 0000000 1 0a1 1 0 0007683 1 0a1 1
00087d8 0000000 1 0e0 1 0 00087d7 1 0e0 1
00049c6 0000000 1 091 0 1 00049c5 0 091 1
000aee2 0000000 1 05f 1 1 000aee2 1 05f 1
0000000 3fc0000 1 005 0 1 3fbffff 1 005 1
000cc30 0000000 1 0d3 0 0 000cc30 0 0d3 1
00065d4 0000000 1 07b 0 0 00065d4 0 07b 1
0007caa 00001b0 0 04b 1 1 0007e5a 1 04b 0
0006f18 0000000 1 06f 1 1 0006f18 1 06f 1
0009ae0 017c000 0 0e9 1 0 0172520 0 0e9 0
0000000 3340000 1 0cb 0 1 333ffff 1 0cb 1
0000000 2f40000 1 058 1 0 2f3ffff 0 058 1
0000000 3c40000 1 0da 1 1 3c40000 1 0da 1
000865e 0000000 1 076 0 0 000865e 0 076 1
0004db2 0000000 1 09a 1 0 0004db1 1 09a 1
0000000 2bc0000 1 0ad 0 0 2bc0000 0 0ad 1
000698c 0000000 1 0dc 1 0 000698b 1 0dc 1
0000000 2140000 1 062 0 0 2140000 0 062 1
0000000 2180000 1 0ac 1 0 217ffff 0 0ac 1
0000000 3900000 1 0e2 0 0 3900000 0 0e2 1
0008f60 0000000 1 07a 0 1 0008f5f 0 07a 1
0000000 2c00000 1 0bd 0 1 2bfffff 1 0bd 1
0000000 2700000 1 054 0 0 2700000 0 054 1
00082ec 0009e00 0 0dc 1 0 0001b14 0 0dc 0
0009588 0000000 1 0e0 1 1 0009588 1 0e0 1
000bbb9 0000000 1 0bf 0 0 000bbb9 0 0bf 1
0000000 2b40000 1 049 0 1 2b3ffff 1 049 1
0009735 0000000 1 11a 1 1 0009735 1 11a 1
00075e0 0000000 0 066 1 1 00075e0 1 066 0
0009d44 0000000 1 0ae 0 1 0009d43 0 0ae 1
0000000 3080000 1 0e3 0 1 307ffff 1 0e3 1
000556e 0000000 1 104 0 0 000556e 0 104 1
00069a8 0000000 1 0f3 0 1 00069a7 0 0f3 1
0000000 29c0000 1 0d5 1 0 29bffff 0 0d5 1
0000000 3440000 0 04d 0 1 3440000 1 04d 0
0000000 2d00000 1 0e8 1 0 2cfffff 0 0e8 1
0005a2d 0000000 1 012 1 0 0005a2c 1 012 1
000d23c 0000000 1 031 0 1 000d23b 0 031 1
0000000 31c0000 1 052 1 0 31bffff 0 052 1
0000000 3800000 1 0e3 1 1 3800000 1 0e3 1
00070bd 0000000 1 103 1 0 00070bc 1 103 1
0000000 2e40000 1 0d6 1 1 2e40000 1 0d6 1
000e4bb 0000000 1 0b8 0 1 000e4ba 0 0b8 1
0009a2f 0000000 1 08a 0 0 0009a2f 0 08a 1
0000000 3080000 1 0e9 0 0 3080000 0 0e9 1
0000000 3d80000 1 09a 1 0 3d7ffff 0 09a 1
0009bd6 0000000 1 0b0 1 1 0009bd6 1 0b0 1
0000000 2b00000 1 095 0 1 2afffff 1 095 1
0000000 2480000 1 067 1 1 2480000 1 067 1
0000000 3340000 1 095 1 0 333ffff 0 095 1
0008ab8 0000000 1 0dc 1 1 0008ab8 1 0dc 1
0004a5b 0000000 1 0b2 0 1 0004a5a 0 0b2 1
000b4b0 0000000 1 0e1 0 0 000b4b0 0 0e1 1
0009c26 0000000 1 090 1 0 0009c25 1 090 1
0000000 3a80000 1 074 1 0 3a7ffff 0 074 1
000556c 0000000 1 15c 1 1 000556c 1 15c 1
0007c58 0000000 1 094 0 1 0007c57 0 094 1
0008da4 0000000 1 0ee 1 0 0008da3 1 0ee 1
000686c 0000000 1 078 0 1 000686b 0 078 1
0000000 33c0000 1 0e9 0 1 33bffff 1 0e9 1
0000000 2a40000 1 0f0 1 1 2a40000 1 0f0 1
0000000 35c0000 1 0f2 1 1 35c0000 1 0f2 1
0009840 0000000 1 12c 1 1 0009840 1 12c 1
0000000 3980000 1 0e7 1 1 3980000 1 0e7 1
00084b4 0000000 1 12f 1 0 00084b3 1 12f 1
000a861 0000000 1 093 0 0 000a861 0 093 1
0000000 3640000 1 0b4 1 1 3640000 1 0b4 1
0000000 2840000 1 0ed 1 1 2840000 1 0ed 1
0008af9 0000000 1 0bf 1 1 0008af9 1 0bf 1
0000000 2480000 1 09e 0 0 2480000 0 09e 1
0000000 3c40000 1 086 1 1 3c40000 1 086 1
000a9aa 0000000 1 0ef 1 0 000a9a9 1 0ef 1
0008ae8 0000000 1 13d 0 1 0008ae7 0 13d 1
000648c 0000000 1 105 1 0 000648b 1 105 1
000595c 0000000 1 0cd 1 1 000595c 1 0cd 1
0000000 23c0000 1 0bb 0 1 23bffff 1 0bb 1
0000000 2540000 1 090 0 1 253ffff 1 090 1
00089bc 0000000 1 152 1 0 00089bb 1 152 1
0006afe 0000000 1 115 1 0 0006afd 1 115 1
0009150 0000000 1 092 1 0 000914f 1 092 1
0005cb8 0000000 1 126 1 0 0005cb7 1 126 1
0009da0 0000000 1 07f 1 0 0009d9f 1 07f 1
0000000 2940000 1 068 0 1 293ffff 1 068 1
000a61d 0000000 1 0e2 1 0 000a61c 1 0e2 1
0007f80 0000000 1 0a3 0 0 0007f80 0 0a3 1
000bb7e 0000000 1 08a 1 0 000bb7d 1 08a 1
000a348 0000000 1 04f 0 1 000a347 0 04f 1
0000000 3dc0000 0 0cb 1 0 3dc0000 0 0cb 0
0000000 2100000 1 0f2 1 1 2100000 1 0f2 1
0006e28 0000000 1 0d1 1 0 0006e27 1 0d1 1
0006fa0 0000000 1 074 0 1 0006f9f 0 074 1
0000000 2440000 1 04d 0 0 2440000 0 04d 1
000e39a 0000000 1 149 1 0 000e399 1 149 1
00051e1 0a70000 0 0b2 0 0 0a751e1 0 0b2 0
00062c4 0000000 1 0f0 0 1 00062c3 0 0f0 1
0000000 3f00000 1 064 0 0 3f00000 0 064 1
0000000 2940000 1 07b 1 0 293ffff 0 07b 1
000adac 0e80000 0 042 0 1 0e75254 1 042 0
0000000 3f40000 1 07c 1 0 3f3ffff 0 07c 1
0000000 2a00000 1 061 0 1 29fffff 1 061 1
0009416 0000000 1 0c0 0 0 0009416 0 0c0 1
0000000 3dc0000 1 08a 0 0 3dc0000 0 08a 1
0006ef0 0000000 1 0fd 1 1 0006ef0 1 0fd 1
0000000 35c0000 1 0b7 1 1 35c0000 1 0b7 1
000e1c6 1720000 0 0a2 0 0 172e1c6 0 0a2 0
000c431 0000000 1 10d 1 0 000c430 1 10d 1
000950d 0000000 1 0fd 0 1 000950c 0 0fd 1
000578a 0000000 1 0d9 1 1 000578a 1 0d9 1
0000000 2d80000 1 0d6 0 0 2d80000 0 0d6 1
000be96 0000000 1 0e2 1 0 000be95 1 0e2 1
0000000 3dc0000 1 013 0 1 3dbffff 1 013 1
0000000 2d40000 1 05e 0 1 2d3ffff 1 05e 1
000a28f 0000001 1 08a 0 0 000a290 0 08a 1
0000000 2800000 1 0d6 1 1 2800000 1 0d6 1
0008f10 0000000 1 080 1 1 0008f10 1 080 1
0006549 0000000 1 0cd 1 0 0006548 1 0cd 1
000eb6e 0000000 1 0b9 0 0 000eb6e 0 0b9 1
0006138 0000000 1 0ae 1 0 0006137 1 0ae 1
0009748 0000000 1 051 0 0 0009748 0 051 1
00084c0 0000000 1 108 0 1 00084bf 0 108 1
0000000 2900000 1 042 1 1 2900000 1 042 1
000607c 0000000 1 0a7 1 0 000607b 1 0a7 1
000a674 000002a 0 02e 1 0 000a64a 1 02e 0
0000000 27c0000 1 0db 1 1 27c0000 1 0db 1
0000000 3b80000 1 02e 0 0 3b80000 0 02e 1
0000000 2c40000 1 07f 1 0 2c3ffff 0 07f 1
0000000 3100000 1 069 1 0 30fffff 0 069 1
000a0b4 0000000 1 0a0 1 1 000a0b4 1 0a0 1
0000000 2040000 1 066 0 1 203ffff 1 066 1
0000000 3c40000 1 0c9 0 0 3c40000 0 0c9 1
0000000 2d80000 1 051 1 1 2d80000 1 051 1
0000000 2640000 1 095 0 0 2640000 0 095 1
0004dee 0000000 1 037 1 1 0004dee 1 037 1
0000000 2140000 1 0d7 1 1 2140000 1 0d7 1
0006810 0000000 1 0ab 0 0 0006810 0 0ab 1
0000000 3980000 1 0a9 1 0 397ffff 0 0a9 1
0005ac8 0000000 1 0d2 1 1 0005ac8 1 0d2 1
0000000 2980000 1 0bd 0 0 2980000 0 0bd 1
000a636 0000015 1 0d7 0 1 000a620 0 0d7 1
0000000 2c40000 1 0cd 1 0 2c3ffff 0 0cd 1
000556e 0000000 1 060 0 1 000556d 0 060 1
0000000 3400000 1 0c5 0 1 33fffff 1 0c5 1
0000000 2140000 1 00c 0 0 2140000 0 00c 1
0008709 0000000 1 0de 1 0 0008708 1 0de 1
000b726 0000000 1 0ac 0 1 000b725 0 0ac 1
0000000 2280000 1 08a 0 1 227ffff 1 08a 1
000765e 0000000 1 0fa 1 0 000765d 1 0fa 1
0006231 0000000 1 0a4 0 1 0006230 0 0a4 1
000664e 0000000 1 15a 1 1 000664e 1 15a 1
00099aa 0000000 1 0d2 0 0 00099aa 0 0d2 1
000e0f0 0000000 1 097 0 1 000e0ef 0 097 1
0000000 3d80000 1 030 1 0 3d7ffff 0 030 1
0000000 2ec0000 1 094 1 1 2ec0000 1 094 1
0000000 37c0000 1 063 0 0 37c0000 0 063 1
000bfa3 0000000 1 132 1 0 000bfa2 1 132 1
0008bf4 0000000 1 090 0 0 0008bf4 0 090 1
000d808 0000000 1 107 0 0 000d808 0 107 1
0000000 20c0000 1 0c2 0 0 20c0000 0 0c2 1
000846c 0000000 1 119 0 0 000846c 0 119 1
0000000 3900000 1 0d2 0 1 38fffff 1 0d2 1
00069a8 0000000 1 0b3 0 1 00069a7 0 0b3 1
000a95d 0000000 1 06b 0 0 000a95d 0 06b 1
000bbf0 0000000 1 053 0 1 000bbef 0 053 1
0000000 39c0000 1 058 1 1 39c0000 1 058 1
0000000 2b40000 1 0dd 0 1 2b3ffff 1 0dd 1
0000000 3540000 1 014 1 1 3540000 1 014 1
0000000 2880000 1 056 0 1 287ffff 1 056 1
0007e34 0000000 1 0e3 0 0 0007e34 0 0e3 1
000a488 0000000 1 0f8 1 1 000a488 1 0f8 1
0000000 33c0000 1 0e8 1 1 33c0000 1 0e8 1
0009fba 0000000 1 0d2 1 0 0009fb9 1 0d2 1
000b98e 0000000 1 0de 1 0 000b98d 1 0de 1
0000000 2dc0000 1 0ed 0 1 2dbffff 1 0ed 1
0000000 23c0000 1 044 1 0 23bffff 0 044 1
0000000 2340000 1 0e4 1 1 2340000 1 0e4 1
000bfa0 0000000 1 111 0 0 000bfa0 0 111 1
0000000 2d00000 1 066 0 1 2cfffff 1 066 1
0009e98 0000000 1 15b 1 0 0009e97 1 15b 1
0000000 3540000 1 083 1 0 353ffff 0 083 1
0008043 00000f3 0 056 1 0 0007f50 1 056 0
0005190 0000000 1 0c2 1 0 000518f 1 0c2 1
0007174 0000000 1 06c 0 1 0007173 0 06c 1
0000000 3f80000 1 0be 1 0 3f7ffff 0 0be 1
0000000 28c0000 1 07e 0 1 28bffff 1 07e 1
0000000 2700000 1 094 1 1 2700000 1 094 1
0008ec3 0000000 1 0b6 0 1 0008ec2 0 0b6 1
000c91c 0000000 1 137 0 1 000c91b 0 137 1
000de78 0000000 1 10c 0 0 000de78 0 10c 1
0006c90 0004500 0 043 1 0 0002790 1 043 0
00083dc 00012c0 0 0f5 1 1 000969c 1 0f5 0
000d698 0000000 1 125 1 0 000d697 1 125 1
0007b75 0000000 1 098 0 1 0007b74 0 098 1
000a521 0000000 1 0b1 1 0 000a520 1 0b1 1
0006900 0000000 1 127 0 1 00068ff 0 127 1
000b14e 0000000 1 146 0 1 000b14d 0 146 1
0007ffe 0000000 1 0d5 0 0 0007ffe 0 0d5 1
0000000 36c0000 1 084 1 0 36bffff 0 084 1
0000000 3380000 1 0b4 1 1 3380000 1 0b4 1
0000000 3e00000 1 0c9 1 0 3dfffff 0 0c9 1
0000000 2d00000 1 083 1 1 2d00000 1 083 1
0000000 3540000 1 029 0 0 3540000 0 029 1
000b5ef 0000000 1 098 1 0 000b5ee 1 098 1
000bd60 0000000 1 0e5 1 1 000bd60 1 0e5 1
000d48c 0000001 1 043 0 1 000d48a 0 043 1
0005028 0000000 1 0bf 1 0 0005027 1 0bf 1
0007594 000000a 1 062 0 0 000759e 0 062 1
0000000 32c0000 1 0e4 0 0 32c0000 0 0e4 1
0007278 0000000 1 0d4 1 1 0007278 1 0d4 1
000470d 0000000 1 139 0 0 000470d 0 139 1
0000000 2500000 1 0a3 0 1 24fffff 1 0a3 1
0000000 3000000 1 0bc 0 1 2ffffff 1 0bc 1
0008d3d 0000000 1 06a 1 0 0008d3c 1 06a 1
000af28 0000007 1 04d 0 0 000af2f 0 04d 1
0000000 2ac0000 1 08d 0 1 2abffff 1 08d 1
0009878 0000000 1 0fc 1 0 0009877 1 0fc 1
000a9ca 0000000 1 0e4 0 1 000a9c9 0 0e4 1
00098c1 0000000 1 0a4 1 0 00098c0 1 0a4 1
00068f2 0000000 1 02d 1 0 00068f1 1 02d 1
0009966 0000000 1 077 1 1 0009966 1 077 1
0000000 2c00000 1 0d9 0 0 2c00000 0 0d9 1
0000000 3b40000 1 0a1 1 0 3b3ffff 0 0a1 1
000e79c 0001f60 0 0e7 1 0 000c83c 1 0e7 0
0007a85 0000000 1 106 0 0 0007a85 0 106 1
000bea4 0000000 1 085 0 0 000bea4 0 085 1
0008c62 0000000 1 10a 1 0 0008c61 1 10a 1
0008af6 0000000 1 0ca 1 0 0008af5 1 0ca 1
0005bb6 0000000 1 08a 1 0 0005bb5 1 08a 1
0005f28 001f200 0 0ad 1 0 00192d8 0 0ad 0
0008bdd 0000000 1 0fc 0 0 0008bdd 0 0fc 1
0008bc2 3e00000 0 094 0 1 3df743e 1 094 0
0006c2a 0000000 1 085 1 0 0006c29 1 085 1
0007d76 0000000 1 07c 0 0 0007d76 0 07c 1
0008660 0000000 1 0a9 0 0 0008660 0 0a9 1
0004780 0000000 1 12c 1 0 000477f 1 12c 1
0008ac0 0000000 1 0d0 0 1 0008abf 0 0d0 1
0008246 0000000 1 0fb 0 0 0008246 0 0fb 1
0000000 3bc0000 1 0a8 0 0 3bc0000 0 0a8 1
0000000 2400000 1 0e8 0 1 23fffff 1 0e8 1
000a91a 0000000 0 080 0 1 000a91a 0 080 0
0000000 2b00000 1 0ac 0 1 2afffff 1 0ac 1
0000000 3800000 1 061 0 1 37fffff 1 061 1
0000000 3b80000 1 0cf 0 0 3b80000 0 0cf 1
0000000 2440000 1 044 1 1 2440000 1 044 1
0008fea 0000000 1 098 1 1 0008fea 1 098 1
0000000 2bc0000 1 094 0 1 2bbffff 1 094 1
000bb40 0000000 1 07e 0 0 000bb40 0 07e 1
000794a 0000000 1 0b4 0 0 000794a 0 0b4 1
000613a 0000000 1 136 1 1 000613a 1 136 1
0000000 2080000 1 0b8 0 1 207ffff 1 0b8 1
000c126 0000000 1 0bb 0 1 000c125 0 0bb 1
000721d 0000001 1 0a3 0 1 000721b 0 0a3 1
0000000 3b40000 1 0d1 0 0 3b40000 0 0d1 1
0000000 2ac0000 1 025 1 0 2abffff 0 025 1
0000000 2280000 1 08b 0 1 227ffff 1 08b 1
0000000 3080000 1 0a6 1 1 3080000 1 0a6 1
000e658 0000000 1 0a9 1 1 000e658 1 0a9 1
0000000 2980000 1 3f6 0 0 2980000 0 3f6 1
000b5b0 0000000 1 123 0 0 000b5b0 0 123 1
0000000 3480000 1 0a5 0 1 347ffff 1 0a5 1
0000000 3e40000 1 0e7 0 1 3e3ffff 1 0e7 1
0000000 2c40000 1 032 1 1 2c40000 1 032 1
0000000 3e40000 1 040 1 1 3e40000 1 040 1
0008507 0000000 1 0b7 0 1 0008506 0 0b7 1
0000000 28c0000 1 0cb 0 0 28c0000 0 0cb 1
0000000 3340000 0 096 0 1 3340000 1 096 0
000780c 0000000 1 0e4 1 0 000780b 1 0e4 1
0006e58 0000000 1 0ad 0 1 0006e57 0 0ad 1
0000000 2180000 1 013 1 1 2180000 1 013 1
0008626 0000000 1 0c8 1 0 0008625 1 0c8 1
0004fdd 0000000 1 0fd 1 0 0004fdc 1 0fd 1
0000000 3a80000 1 0ad 0 1 3a7ffff 1 0ad 1
0000000 3f40000 1 0b0 1 0 3f3ffff 0 0b0 1
0004509 0000000 1 0e6 0 0 0004509 0 0e6 1
000d755 0000000 1 067 1 0 000d754 1 067 1
0000000 2d40000 1 0b7 1 0 2d3ffff 0 0b7 1
0000000 3c40000 1 073 0 1 3c3ffff 1 073 1
000a7e2 0000000 1 0c8 1 0 000a7e1 1 0c8 1
000603f 0000008 1 0ec 1 0 0006036 1 0ec 1
0000000 2a00000 1 0a7 0 0 2a00000 0 0a7 1
0000000 2b00000 1 0c3 1 0 2afffff 0 0c3 1
0000000 2c00000 1 0d9 0 0 2c00000 0 0d9 1
0000000 3840000 1 062 1 0 383ffff 0 062 1
00064d2 0000000 1 0e8 1 0 00064d1 1 0e8 1
000a1be 0000000 1 0cf 1 1 000a1be 1 0cf 1
0000000 2600000 1 0ef 0 0 2600000 0 0ef 1
0006582 0000000 1 049 1 0 0006581 1 049 1
0000000 3840000 1 0ce 0 0 3840000 0 0ce 1
0000000 2900000 1 0f0 0 0 2900000 0 0f0 1
0000000 3000000 1 0b3 1 0 2ffffff 0 0b3 1
000739c 0000000 1 0e2 1 0 000739b 1 0e2 1
0000000 32c0000 1 0c0 0 0 32c0000 0 0c0 1
000b5b0 0000000 1 083 1 1 000b5b0 1 083 1
0000000 3d40000 1 0cf 1 0 3d3ffff 0 0cf 1
0000000 2f80000 1 0bf 0 1 2f7ffff 1 0bf 1
0000000 2940000 1 0b6 0 0 2940000 0 0b6 1
0000000 2f80000 1 08e 1 1 2f80000 1 08e 1
0000000 3040000 1 0d0 1 0 303ffff 0 0d0 1
0000000 3680000 1 0d8 1 1 3680000 1 0d8 1
0000000 3500000 1 0d2 0 0 3500000 0 0d2 1
0000000 3400000 1 0b7 0 1 33fffff 1 0b7 1
0007678 0000000 1 0c6 0 1 0007677 0 0c6 1
0008412 0000000 1 0fb 0 0 0008412 0 0fb 1
0000000 2740000 1 04c 0 0 2740000 0 04c 1
0007b16 0000000 1 0a3 1 0 0007b15 1 0a3 1
0000000 3500000 1 06d 1 0 34fffff 0 06d 1
0009aa1 0000000 1 111 1 0 0009aa0 1 111 1
0000000 2940000 1 074 1 1 2940000 1 074 1
0007ab8 0000000 1 0af 0 1 0007ab7 0 0af 1
000b554 000004e 1 0e5 1 1 000b5a2 1 0e5 1
000bb44 0000000 1 0ae 0 0 000bb44 0 0ae 1
0000000 3b80000 1 0e8 1 0 3b7ffff 0 0e8 1
0000000 2540000 1 0ea 1 1 2540000 1 0ea 1
000f324 0000000 1 09f 0 1 000f323 0 09f 1
000a4fd 0000000 1 046 0 0 000a4fd 0 046 1
0000000 2fc0000 1 0c0 0 1 2fbffff 1 0c0 1
000e3b4 0000000 1 0b4 0 0 000e3b4 0 0b4 1
0000000 2200000 1 074 1 0 21fffff 0 074 1
0000000 23c0000 1 00a 0 0 23c0000 0 00a 1
0000000 3780000 1 09a 1 0 377ffff 0 09a 1
0007a5b 0000000 1 088 0 0 0007a5b 0 088 1
00085e0 0000000 1 0cc 0 0 00085e0 0 0cc 1
000799c 0000000 1 0ec 0 0 000799c 0 0ec 1
0008cc4 0000000 1 0cd 0 0 0008cc4 0 0cd 1
000ce7a 0000000 1 0f7 0 1 000ce79 0 0f7 1
0000000 2a00000 1 088 1 0 29fffff 0 088 1
000827d 0000000 1 126 1 0 000827c 1 126 1
000be80 0000000 1 0ba 0 0 000be80 0 0ba 1
0009716 0000000 1 0ed 0 0 0009716 0 0ed 1
0000000 3800000 1 066 0 1 37fffff 1 066 1
0006e3c 0000000 1 0a2 0 0 0006e3c 0 0a2 1
000a61d 0000000 1 0bf 0 0 000a61d 0 0bf 1
0000000 3d00000 1 016 1 0 3cfffff 0 016 1
0000000 3740000 1 088 1 1 3740000 1 088 1
0006a55 0000000 1 125 1 0 0006a54 1 125 1
0009320 0000000 1 0d0 1 1 0009320 1 0d0 1
000a218 0000000 0 101 1 0 000a218 1 101 0
000c720 0000000 1 0a9 0 1 000c71f 0 0a9 1
0000000 2ec0000 1 014 0 1 2ebffff 1 014 1
0000000 2900000 1 0ed 1 1 2900000 1 0ed 1
0000000 2300000 1 0ef 1 1 2300000 1 0ef 1
0000000 3b80000 1 032 1 1 3b80000 1 032 1
0009644 0000000 1 0f8 0 0 0009644 0 0f8 1
0000000 3c80000 1 06f 0 1 3c7ffff 1 06f 1
0006ddc 0000000 0 0d7 1 1 0006ddc 1 0d7 0
0000000 2480000 1 0c8 1 1 2480000 1 0c8 1
0000000 3a00000 1 0f1 1 1 3a00000 1 0f1 1
0008976 0000000 1 04b 0 1 0008975 0 04b 1
0000000 3000000 1 0e0 0 1 2ffffff 1 0e0 1
0008aca 0000000 1 100 1 0 0008ac9 1 100 1
000b090 0000000 1 059 1 0 000b08f 1 059 1
000b418 0000000 1 0b9 0 1 000b417 0 0b9 1
000a498 0000000 1 0c6 1 0 000a497 1 0c6 1
00084ec 01d4000 0 0ca 1 1 01dc4ec 1 0ca 0
0000000 2c40000 1 0f1 0 1 2c3ffff 1 0f1 1
0008538 0000c30 0 055 0 0 0009168 0 055 0
0000000 3300000 1 0ed 1 0 32fffff 0 0ed 1
0007808 0000000 1 0e7 0 0 0007808 0 0e7 1
0009cd0 0000000 1 0e5 0 1 0009ccf 0 0e5 1
000caf5 0000000 1 045 1 0 000caf4 1 045 1
0000000 3e40000 1 0a5 1 1 3e40000 1 0a5 1
0009c3f 0000000 1 11e 0 1 0009c3e 0 11e 1
0000000 2c40000 1 0b0 1 1 2c40000 1 0b0 1
0000000 2240000 1 0c8 1 1 2240000 1 0c8 1
0000000 3240000 1 08d 0 0 3240000 0 08d 1
00080d8 0000000 1 0c3 0 0 00080d8 0 0c3 1
000d32c 0000000 1 0aa 0 0 000d32c 0 0aa 1
0000000 2040000 1 081 1 1 2040000 1 081 1
000a9dd 0758000 0 070 0 0 07629dd 0 070 0
0000000 3a00000 1 048 0 0 3a00000 0 048 1
000d048 0002100 0 074 1 0 000af48 1 074 0
000d070 029c000 0 3fb 1 0 028ef90 0 3fb 0
0000000 2880000 1 0e0 0 0 2880000 0 0e0 1
000a1be 0000000 1 03a 0 0 000a1be 0 03a 1
0004d16 0000000 1 04e 1 0 0004d15 1 04e 1
00069ff 0000000 1 09f 1 1 00069ff 1 09f 1
00091cc 0000000 1 0ae 0 1 00091cb 0 0ae 1
0000000 2b40000 1 082 0 1 2b3ffff 1 082 1
0008214 00003b8 0 018 0 0 00085cc 0 018 0
000936c 0000000 1 145 0 0 000936c 0 145 1
0000000 2440000 1 0ea 1 1 2440000 1 0ea 1
0007212 0000000 1 071 0 0 0007212 0 071 1
0000000 2100000 1 0d5 0 0 2100000 0 0d5 1
0000000 2900000 1 081 0 0 2900000 0 081 1
0000000 2cc0000 1 06e 1 1 2cc0000 1 06e 1
0000000 3800000 1 02d 1 1 3800000 1 02d 1
0007026 0000000 1 15d 0 1 0007025 0 15d 1
00079a8 0000000 1 0ca 0 0 00079a8 0 0ca 1
000aadb 0000002 1 077 0 0 000aadd 0 077 1
0000000 3100000 1 0db 1 1 3100000 1 0db 1
0000000 3540000 1 0ee 0 1 353ffff 1 0ee 1
000729c 001c800 0 0cb 0 0 0023a9c 0 0cb 0
0000000 32c0000 1 0aa 0 1 32bffff 1 0aa 1
000e0f7 0000000 1 0d6 0 1 000e0f6 0 0d6 1
0000000 21c0000 1 0e1 0 0 21c0000 0 0e1 1
0000000 2c00000 1 0e4 1 0 2bfffff 0 0e4 1
0008091 0000000 1 146 1 0 0008090 1 146 1
0008de8 0000000 1 131 1 0 0008de7 1 131 1
0000000 3780000 1 01f 1 0 377ffff 0 01f 1
0000000 2b80000 1 0be 0 0 2b80000 0 0be 1
0000000 2d40000 1 0d3 0 1 2d3ffff 1 0d3 1
0000000 23c0000 1 085 0 0 23c0000 0 085 1
00095a2 0000000 1 113 0 1 00095a1 0 113 1
0000000 2c80000 1 0dd 0 1 2c7ffff 1 0dd 1
0007c38 0000000 1 0dc 0 0 0007c38 0 0dc 1
0005300 0000000 1 0e6 0 0 0005300 0 0e6 1
00072f6 0000000 1 0b8 0 0 00072f6 0 0b8 1
0000000 2d40000 1 07b 0 1 2d3ffff 1 07b 1
00088b0 0000000 1 10c 0 0 00088b0 0 10c 1
0005534 0000000 1 0af 0 0 0005534 0 0af 1
000a19a 0000000 1 13d 1 0 000a199 1 13d 1
0000000 2f80000 1 088 0 1 2f7ffff 1 088 1
000cb96 0000000 1 0b2 0 1 000cb95 0 0b2 1
0008c70 0000000 1 05c 0 1 0008c6f 0 05c 1
000e1d2 0000cd0 0 07a 0 1 000d502 0 07a 0
0000000 3940000 1 0bc 0 0 3940000 0 0bc 1
0007ec0 0000000 1 0f0 0 0 0007ec0 0 0f0 1
0000000 2940000 1 062 1 0 293ffff 0 062 1
0000000 3100000 1 071 0 1 30fffff 1 071 1
0000000 3380000 1 08f 1 0 337ffff 0 08f 1
0000000 3700000 1 0c4 1 0 36fffff 0 0c4 1
0000000 2300000 1 0cd 1 1 2300000 1 0cd 1
0000000 3100000 1 08c 1 0 30fffff 0 08c 1
0000000 3100000 1 0eb 0 0 3100000 0 0eb 1
0005a3c 0000000 1 0e5 0 1 0005a3b 0 0e5 1
0008066 0000000 1 11f 0 1 0008065 0 11f 1
0000000 3340000 1 095 0 0 3340000 0 095 1
000e364 0000000 1 0f7 0 0 000e364 0 0f7 1
0000000 3cc0000 1 3f8 0 1 3cbffff 1 3f8 1
0000000 3b40000 1 0ca 1 0 3b3ffff 0 0ca 1
000896a 0000000 1 107 1 1 000896a 1 107 1
0000000 30c0000 1 0b7 0 0 30c0000 0 0b7 1
0006e78 0000000 1 081 1 0 0006e77 1 081 1
000d9c6 0000003 1 097 0 0 000d9c9 0 097 1
0009dfe 0000000 1 11f 1 0 0009dfd 1 11f 1
0000000 2700000 1 0cf 1 0 26fffff 0 0cf 1
0000000 2040000 1 0ba 1 1 2040000 1 0ba 1
0000000 2480000 1 0ae 0 0 2480000 0 0ae 1
0005ffa 0000000 1 0f2 0 1 0005ff9 0 0f2 1
0000000 3bc0000 1 0ee 1 1 3bc0000 1 0ee 1
0009daa 0000000 1 147 0 0 0009daa 0 147 1
0000000 2640000 1 0c8 0 0 2640000 0 0c8 1
000c945 0000000 1 0b7 1 1 000c945 1 0b7 1
0000000 3e80000 1 0c3 1 0 3e7ffff 0 0c3 1
0000000 3400000 1 05c 0 0 3400000 0 05c 1
0000000 3740000 1 0a0 0 0 3740000 0 0a0 1
000b4cc 0000000 1 05a 0 1 000b4cb 0 05a 1
000978c 0000000 1 0e6 1 1 000978c 1 0e6 1
0000000 3080000 1 009 0 0 3080000 0 009 1
0000000 2340000 1 0d0 1 1 2340000 1 0d0 1
0006cee 0000000 1 124 0 1 0006ced 0 124 1
0000000 2f40000 1 0d8 0 1 2f3ffff 1 0d8 1
00070d6 0000000 1 0f0 0 1 00070d5 0 0f0 1
000924f 0000000 1 09d 0 1 000924e 0 09d 1
0000000 2380000 1 087 1 1 2380000 1 087 1
0007208 0000000 1 0c9 1 0 0007207 1 0c9 1
0000000 3940000 1 01d 0 1 393ffff 1 01d 1
0000000 3440000 1 0f1 0 0 3440000 0 0f1 1
000bdab 0000000 1 056 0 0 000bdab 0 056 1
0000000 2680000 1 073 0 1 267ffff 1 073 1
0000000 2ac0000 1 022 1 1 2ac0000 1 022 1
0000000 3440000 1 066 0 0 3440000 0 066 1
0000000 3e00000 1 0c1 0 1 3dfffff 1 0c1 1
000d84a 000002e 1 0ad 1 0 000d81b 1 0ad 1
0007e90 0000000 1 031 1 1 0007e90 1 031 1
000aa5a 0000000 1 0a7 0 0 000aa5a 0 0a7 1
0000000 2a80000 1 03a 1 1 2a80000 1 03a 1
0000000 3a80000 1 038 0 1 3a7ffff 1 038 1
0000000 2800000 1 0bf 1 1 2800000 1 0bf 1
0000000 2780000 1 06c 1 0 277ffff 0 06c 1
0007d0a 0000000 1 0b3 1 1 0007d0a 1 0b3 1
000ba6c 006d000 0 0aa 0 1 0061594 1 0aa 0
0000000 3f40000 1 0c0 1 1 3f40000 1 0c0 1
0009c10 0000000 1 083 0 0 0009c10 0 083 1
0000000 3100000 1 0ae 0 1 30fffff 1 0ae 1
0000000 35c0000 1 039 1 0 35bffff 0 039 1
0000000 2140000 1 0f1 0 0 2140000 0 0f1 1
0008c1e 000001d 1 099 1 0 0008c00 1 099 1
0008c5e 0002180 0 028 1 0 0006ade 1 028 0
0000000 3700000 1 030 0 0 3700000 0 030 1
0007196 0000000 1 0d7 1 1 0007196 1 0d7 1
000abe0 0000000 1 0bc 0 0 000abe0 0 0bc 1
0000000 3640000 1 0e3 1 0 363ffff 0 0e3 1
0008d40 0000000 1 10f 1 0 0008d3f 1 10f 1
0000000 3940000 1 0f3 1 1 3940000 1 0f3 1
0000000 3b40000 1 0e5 0 0 3b40000 0 0e5 1
00070aa 0000000 1 170 1 0 00070a9 1 170 1
0000000 2400000 1 0ee 0 1 23fffff 1 0ee 1
0000000 2a40000 1 050 0 1 2a3ffff 1 050 1
0000000 3b80000 1 033 0 1 3b7ffff 1 033 1
0004ece 0000000 1 13d 0 1 0004ecd 0 13d 1
0000000 2ec0000 1 089 0 0 2ec0000 0 089 1
000da7c 0000000 1 125 1 1 000da7c 1 125 1
0000000 3900000 1 0c1 1 1 3900000 1 0c1 1
000841c 0000001 1 0cf 0 1 000841a 0 0cf 1
00072e4 0000000 1 0f8 0 1 00072e3 0 0f8 1
0000000 2880000 1 0e0 0 0 2880000 0 0e0 1
0000000 2400000 1 08d 1 1 2400000 1 08d 1
0007093 0000000 1 136 1 1 0007093 1 136 1
0000000 2300000 1 090 0 1 22fffff 1 090 1
0000000 2e40000 1 0f0 1 1 2e40000 1 0f0 1
0000000 3240000 1 0ae 0 0 3240000 0 0ae 1
0000000 2880000 1 0cc 1 1 2880000 1 0cc 1
0000000 2ec0000 1 09c 1 0 2ebffff 0 09c 1
000ad68 0000000 1 07c 0 1 000ad67 0 07c 1
0000000 2900000 1 0da 0 1 28fffff 1 0da 1
00074d0 0000000 1 0ce 1 1 00074d0 1 0ce 1
0000000 2140000 1 066 1 0 213ffff 0 066 1
0000000 3dc0000 1 045 0 0 3dc0000 0 045 1
000c7e2 0000000 1 143 1 0 000c7e1 1 143 1
000aca5 0000000 1 0f8 0 0 000aca5 0 0f8 1
000d7b5 0000000 1 0ea 1 1 000d7b5 1 0ea 1
00080eb 0022000 0 095 1 1 002a0eb 1 095 0
0000000 3ac0000 1 0b8 0 1 3abffff 1 0b8 1
0000000 2a80000 1 0a1 1 0 2a7ffff 0 0a1 1
000d6a4 0000000 1 049 0 0 000d6a4 0 049 1
0000000 3400000 1 0d0 1 1 3400000 1 0d0 1
0000000 3a80000 1 07f 0 0 3a80000 0 07f 1
0000000 2a40000 1 081 1 0 2a3ffff 0 081 1
0000000 3780000 1 051 1 0 377ffff 0 051 1
0000000 3f00000 1 095 0 1 3efffff 1 095 1
0000000 3b00000 1 089 1 1 3b00000 1 089 1
0000000 2b80000 1 09a 0 0 2b80000 0 09a 1
0000000 3240000 1 0cf 0 1 323ffff 1 0cf 1
0000000 2180000 1 037 1 1 2180000 1 037 1
0000000 2e80000 1 0f0 1 1 2e80000 1 0f0 1
0008c46 0000000 1 101 1 0 0008c45 1 101 1
0000000 2a40000 1 03f 1 1 2a40000 1 03f 1
0009ec0 0000000 1 092 1 1 0009ec0 1 092 1
0000000 2780000 1 0c0 1 1 2780000 1 0c0 1
0000000 2d80000 1 0a4 1 1 2d80000 1 0a4 1
0008160 0000000 1 060 1 0 000815f 1 060 1
000659a 0000000 1 153 0 0 000659a 0 153 1
000c06b 0000000 1 048 0 0 000c06b 0 048 1
0009e55 0d60000 0 074 1 0 0d561ab 0 074 0
0000000 3cc0000 1 0ef 1 0 3cbffff 0 0ef 1
0000000 2300000 1 0c6 1 1 2300000 1 0c6 1
0000000 3e00000 1 06a 1 1 3e00000 1 06a 1
000766b 0000000 1 0b7 1 0 000766a 1 0b7 1
000c376 0000000 1 08d 1 1 000c376 1 08d 1
000a6eb 0000510 0 077 1 1 000abfb 1 077 0
000ec63 0000000 1 07d 0 0 000ec63 0 07d 1
0000000 3d40000 1 0cd 0 0 3d40000 0 0cd 1
0007d20 0000000 1 087 1 1 0007d20 1 087 1
0009f54 0000000 1 106 0 1 0009f53 0 106 1
00085cb 0000000 1 0f0 0 0 00085cb 0 0f0 1
0009f2e 0000000 1 0f9 0 1 0009f2d 0 0f9 1
0000000 3580000 1 077 0 1 357ffff 1 077 1
00074c4 0000000 1 0e2 1 1 00074c4 1 0e2 1
0000000 3900000 1 0cc 1 0 38fffff 0 0cc 1
0000000 29c0000 1 05f 1 1 29c0000 1 05f 1
0009e85 0000000 1 075 1 1 0009e85 1 075 1
0000000 2180000 1 0a6 1 1 2180000 1 0a6 1
00084f8 0000000 1 118 1 0 00084f7 1 118 1
0000000 37c0000 1 0bd 1 0 37bffff 0 0bd 1
0009358 0000000 1 14d 1 0 0009357 1 14d 1
0000000 3740000 1 0bd 1 1 3740000 1 0bd 1
0000000 3cc0000 1 0eb 0 0 3cc0000 0 0eb 1
0000000 2940000 1 0b7 0 1 293ffff 1 0b7 1
0000000 3dc0000 1 01a 0 0 3dc0000 0 01a 1
0000000 3980000 1 003 0 1 397ffff 1 003 1
0000000 3e40000 1 099 0 1 3e3ffff 1 099 1
0008bc8 0000000 1 0ec 0 0 0008bc8 0 0ec 1
0000000 3580000 1 09b 1 1 3580000 1 09b 1
00078f0 0000000 1 166 0 0 00078f0 0 166 1
000d42b 0000004 1 104 1 0 000d426 1 104 1
0000000 3780000 1 0eb 0 0 3780000 0 0eb 1
0009d75 0000000 1 09d 0 1 0009d74 0 09d 1
0000000 3780000 1 0ba 1 0 377ffff 0 0ba 1
0000000 2d80000 0 0c8 1 0 2d80000 0 0c8 0
000bfe6 0000000 1 0ac 1 0 000bfe5 1 0ac 1
0006724 0000000 1 071 0 1 0006723 0 071 1
0000000 3a40000 1 0a8 0 1 3a3ffff 1 0a8 1
0000000 2100000 1 0de 0 0 2100000 0 0de 1
0008180 000003c 1 09d 1 0 0008143 1 09d 1
0000000 2c00000 1 087 1 1 2c00000 1 087 1
00094b0 0000000 1 0d7 1 0 00094af 1 0d7 1
0006ea4 01e8000 0 0e8 0 1 01e115c 1 0e8 0
0007afa 0000000 1 13b 1 0 0007af9 1 13b 1
0000000 3480000 1 0a3 0 0 3480000 0 0a3 1
000b04f 0000001 1 0fe 1 0 000b04d 1 0fe 1
0000000 39c0000 1 05e 1 1 39c0000 1 05e 1
0000000 26c0000 1 0d8 1 1 26c0000 1 0d8 1
000c1a4 0000000 1 12a 1 1 000c1a4 1 12a 1
0008af0 0000000 1 133 1 0 0008aef 1 133 1
0008e2b 0000000 1 04c 1 1 0008e2b 1 04c 1
0009aa8 0000000 1 0cc 0 0 0009aa8 0 0cc 1
0000000 3640000 1 066 0 1 363ffff 1 066 1
0008538 0000000 1 0f1 1 0 0008537 1 0f1 1
000831a 0000000 1 16c 1 1 000831a 1 16c 1
000470d 0000000 1 07c 1 1 000470d 1 07c 1
0000000 20c0000 1 0e9 0 0 20c0000 0 0e9 1
0000000 2380000 1 06a 0 1 237ffff 1 06a 1
0000000 35c0000 1 0ea 0 1 35bffff 1 0ea 1
0000000 28c0000 1 0d6 1 0 28bffff 0 0d6 1
0000000 3400000 1 046 0 1 33fffff 1 046 1
0007b00 0002b80 0 0d0 0 0 000a680 0 0d0 0
0005898 0000000 1 0e1 1 1 0005898 1 0e1 1
000a9ce 0000000 1 07b 1 0 000a9cd 1 07b 1
0000000 3e00000 0 047 1 1 3e00000 1 047 0
0000000 3e00000 1 087 0 1 3dfffff 1 087 1
0000000 23c0000 1 0d2 1 1 23c0000 1 0d2 1
0000000 3180000 1 088 1 1 3180000 1 088 1
0000000 2280000 1 07a 1 0 227ffff 0 07a 1
0000000 2640000 1 0a1 1 1 2640000 1 0a1 1
0000000 3900000 1 03c 1 1 3900000 1 03c 1
0000000 2a00000 1 08a 1 0 29fffff 0 08a 1
0000000 3b40000 1 054 0 1 3b3ffff 1 054 1
0005a93 0000000 1 08f 0 1 0005a92 0 08f 1
000bbb0 0000000 1 079 1 0 000bbaf 1 079 1
0000000 2f80000 1 0d8 1 0 2f7ffff 0 0d8 1
0000000 3580000 1 0d3 0 0 3580000 0 0d3 1
0000000 2dc0000 1 09e 1 1 2dc0000 1 09e 1
000ca80 0000000 1 112 1 1 000ca80 1 112 1
0000000 32c0000 1 03d 0 0 32c0000 0 03d 1
0008581 0000000 1 0de 0 0 0008581 0 0de 1
0000000 2f80000 1 07a 1 0 2f7ffff 0 07a 1
000cb22 0000000 1 160 1 0 000cb21 1 160 1
000a845 0000000 1 129 1 1 000a845 1 129 1
000bb35 0000000 1 08e 1 1 000bb35 1 08e 1
0000000 36c0000 1 0dc 1 0 36bffff 0 0dc 1
000a758 0000000 1 0ea 0 0 000a758 0 0ea 1
000932a 0000000 1 075 0 0 000932a 0 075 1
000a870 0000000 1 11b 1 1 000a870 1 11b 1
0000000 2100000 1 087 0 1 20fffff 1 087 1
0000000 3b40000 1 0ea 0 1 3b3ffff 1 0ea 1
0008aac 0000000 1 0f4 1 1 0008aac 1 0f4 1
0008bfe 0000000 1 15a 1 1 0008bfe 1 15a 1
000da7c 0000000 1 10b 0 1 000da7b 0 10b 1
0000000 3040000 1 097 0 1 303ffff 1 097 1
0000000 26c0000 1 06c 1 0 26bffff 0 06c 1
0000000 2740000 1 0a8 0 1 273ffff 1 0a8 1
0005982 0000000 1 0da 0 1 0005981 0 0da 1
000da34 0000000 1 0d8 1 0 000da33 1 0d8 1
0000000 2840000 1 0d9 1 0 283ffff 0 0d9 1
0000000 3700000 1 02f 1 1 3700000 1 02f 1
0009066 0000000 1 087 0 1 0009065 0 087 1
0000000 2040000 1 080 0 0 2040000 0 080 1
000820d 3380000 0 052 0 0 338820d 0 052 0
0000000 3d00000 1 0b0 1 0 3cfffff 0 0b0 1
0000000 2700000 1 040 1 1 2700000 1 040 1
000848a 2b80000 0 09c 1 1 2b8848a 1 09c 0
000b06a 0000000 1 0cb 0 1 000b069 0 0cb 1
0000000 2d00000 1 0c0 1 1 2d00000 1 0c0 1
0000000 2140000 1 093 1 0 213ffff 0 093 1
0000000 2500000 1 077 1 1 2500000 1 077 1
00092a8 1820000 0 09d 1 0 1816d58 0 09d 0
0009508 0000000 1 081 1 0 0009507 1 081 1
0009f92 0000000 1 136 1 0 0009f91 1 136 1
0000000 3000000 1 0c8 1 0 2ffffff 0 0c8 1
000d040 0000000 1 0c7 1 0 000d03f 1 0c7 1
0008c6c 0000000 1 0ab 1 1 0008c6c 1 0ab 1
0000000 2a40000 1 0ed 0 0 2a40000 0 0ed 1
0007fc0 0000000 1 054 1 0 0007fbf 1 054 1
000a6d1 0000000 1 112 0 1 000a6d0 0 112 1
0000000 3bc0000 1 01b 1 1 3bc0000 1 01b 1
000c976 0000000 1 09d 1 0 000c975 1 09d 1
0000000 3b40000 1 0d1 1 0 3b3ffff 0 0d1 1
000619e 000007e 1 080 1 1 000621c 1 080 1
0007834 0000000 1 110 1 0 0007833 1 110 1
0007f99 0000000 1 138 1 0 0007f98 1 138 1
0009aad 0000000 1 119 0 0 0009aad 0 119 1
00060e0 0000000 1 05c 0 0 00060e0 0 05c 1
00075c6 0000000 1 0df 1 1 00075c6 1 0df 1
00081e2 0000000 1 04f 0 0 00081e2 0 04f 1
0000000 2340000 1 0f1 0 1 233ffff 1 0f1 1
0000000 3600000 1 0b9 0 1 35fffff 1 0b9 1
000ab48 0000001 1 0e3 0 1 000ab46 0 0e3 1
00072d8 0000000 1 0f1 1 0 00072d7 1 0f1 1
000d4f8 0000000 1 0b4 0 1 000d4f7 0 0b4 1
000d2ba 0000000 1 0b7 1 0 000d2b9 1 0b7 1
0000000 3e00000 1 09c 0 1 3dfffff 1 09c 1
00072ba 0000000 1 094 0 1 00072b9 0 094 1
0000000 36c0000 1 0c4 0 1 36bffff 1 0c4 1
0000000 3e80000 1 042 1 0 3e7ffff 0 042 1
0000000 2080000 1 052 0 1 207ffff 1 052 1
00091b0 0000000 1 05c 1 1 00091b0 1 05c 1
0004c80 000001e 1 0e8 1 0 0004c61 1 0e8 1
0006700 00b9000 0 061 0 1 00b2900 1 061 0
0000000 2c80000 1 0d0 0 0 2c80000 0 0d0 1
0007b75 0000000 1 16a 1 0 0007b74 1 16a 1
0009990 0000000 1 0b8 1 1 0009990 1 0b8 1
0000000 3740000 1 0a5 0 1 373ffff 1 0a5 1
0000000 3640000 1 0c2 0 0 3640000 0 0c2 1
000e880 0000d30 0 07c 0 0 000f5b0 0 07c 0
0005a1c 0000000 1 07b 1 0 0005a1b 1 07b 1
0000000 2900000 1 0eb 0 1 28fffff 1 0eb 1
0004c50 00af000 0 035 0 1 00aa3b0 1 035 0
0004580 0000000 1 079 1 0 000457f 1 079 1
0009060 0000000 1 09a 0 1 000905f 0 09a 1
0009894 0000000 1 13a 1 0 0009893 1 13a 1
000b96e 0000000 1 0f3 0 0 000b96e 0 0f3 1
00073db 0000000 1 07a 1 1 00073db 1 07a 1
0000000 2d00000 1 069 1 1 2d00000 1 069 1
0000000 3380000 1 066 0 0 3380000 0 066 1
0008e08 0000000 1 10b 1 1 0008e08 1 10b 1
0000000 3300000 1 0c6 1 0 32fffff 0 0c6 1
0000000 3280000 1 0b5 0 1 327ffff 1 0b5 1
0000000 22c0000 1 08f 1 0 22bffff 0 08f 1
0000000 3d80000 1 08c 1 0 3d7ffff 0 08c 1
0000000 2680000 1 07e 0 1 267ffff 1 07e 1
0000000 2d80000 1 0e1 0 1 2d7ffff 1 0e1 1
0000000 3b40000 1 0de 0 0 3b40000 0 0de 1
0006fd9 0000000 1 05a 1 0 0006fd8 1 05a 1
000e887 0000000 1 0fd 1 0 000e886 1 0fd 1
00084b8 0000000 1 0ac 0 1 00084b7 0 0ac 1
000b2aa 0000000 1 13f 1 1 000b2aa 1 13f 1
00059e1 0000000 1 0a9 0 0 00059e1 0 0a9 1
000994e 0000000 1 071 1 0 000994d 1 071 1
0000000 3a80000 1 0a8 1 1 3a80000 1 0a8 1
0000000 2c00000 1 0a0 1 0 2bfffff 0 0a0 1
0000000 3400000 1 087 0 1 33fffff 1 087 1
0000000 3b00000 1 050 1 1 3b00000 1 050 1
0000000 2240000 1 046 1 1 2240000 1 046 1
000a250 0000000 1 0b5 0 0 000a250 0 0b5 1
0000000 3180000 1 072 0 0 3180000 0 072 1
0000000 3040000 1 0cd 1 0 303ffff 0 0cd 1
000bcbf 0000000 1 092 0 1 000bcbe 0 092 1
00060f0 0000000 1 071 1 0 00060ef 1 071 1
0006e7a 0000000 1 161 1 1 0006e7a 1 161 1
0008c45 3640000 0 0cc 1 0 36373bb 0 0cc 0
0000000 2040000 1 038 1 1 2040000 1 038 1
000b908 0000000 1 071 0 0 000b908 0 071 1
0000000 3c40000 1 0d8 1 1 3c40000 1 0d8 1
0006549 0000000 1 083 0 1 0006548 0 083 1
00086ca 0000000 1 14e 1 0 00086c9 1 14e 1
00081fa 0000000 1 0c6 1 1 00081fa 1 0c6 1
000c3f0 0000000 1 068 1 0 000c3ef 1 068 1
0007c57 0000000 1 11a 0 1 0007c56 0 11a 1
0000000 35c0000 1 006 1 0 35bffff 0 006 1
0007140 0000003 1 04a 1 1 0007143 1 04a 1
0008cc4 0000000 1 0d9 0 1 0008cc3 0 0d9 1
000aee4 0000000 1 0de 1 0 000aee3 1 0de 1
0000000 2300000 1 04a 0 0 2300000 0 04a 1
0007c60 0000000 1 0bc 0 0 0007c60 0 0bc 1
0000000 2c80000 1 0af 0 0 2c80000 0 0af 1
0000000 2980000 1 0d1 0 0 2980000 0 0d1 1
0000000 3600000 1 0d2 1 1 3600000 1 0d2 1
00074e5 0003a80 0 01e 1 0 0003a65 1 01e 0
0007ba4 0000000 1 0f1 1 1 0007ba4 1 0f1 1
0000000 23c0000 1 076 1 1 23c0000 1 076 1
00046a4 0000000 1 071 1 1 00046a4 1 071 1
0000000 3380000 1 0e2 0 1 337ffff 1 0e2 1
0000000 3540000 1 0d7 1 1 3540000 1 0d7 1
0000000 3f00000 1 0bf 0 0 3f00000 0 0bf 1
0000000 2f40000 1 07c 0 1 2f3ffff 1 07c 1
0009333 0000000 1 076 0 0 0009333 0 076 1
0004721 0000000 1 0d2 1 0 0004720 1 0d2 1
0000000 2a80000 1 04a 0 0 2a80000 0 04a 1
0000000 2c40000 1 0a6 1 0 2c3ffff 0 0a6 1
0007d28 0000000 1 13f 0 0 0007d28 0 13f 1
0000000 3f80000 1 081 0 1 3f7ffff 1 081 1
0000000 2640000 1 0cb 0 0 2640000 0 0cb 1
0000000 3400000 1 0df 1 0 33fffff 0 0df 1
00053b8 0000000 1 0ba 0 1 00053b7 0 0ba 1
0000000 3840000 1 00a 1 1 3840000 1 00a 1
0006810 0000000 1 072 0 0 0006810 0 072 1
000b9a0 0000200 0 01d 1 0 000b7a0 1 01d 0
0000000 2680000 1 0cc 0 1 267ffff 1 0cc 1
0000000 3e00000 1 0bf 1 0 3dfffff 0 0bf 1
0000000 3740000 1 0e7 1 0 373ffff 0 0e7 1
0009b0e 00001aa 0 078 1 0 0009964 1 078 0
0000000 2040000 1 078 1 0 203ffff 0 078 1
0000000 2800000 1 0e7 1 0 27fffff 0 0e7 1
0000000 3dc0000 1 0c5 0 0 3dc0000 0 0c5 1
0008ac4 0000000 1 134 0 1 0008ac3 0 134 1
0000000 3180000 1 09d 1 0 317ffff 0 09d 1
00082d8 0000000 1 0f9 0 1 00082d7 0 0f9 1
0009794 0000000 1 113 0 1 0009793 0 113 1
0000000 2bc0000 1 055 0 0 2bc0000 0 055 1
0000000 3280000 1 0aa 1 1 3280000 1 0aa 1
00060c0 0000000 1 0d0 1 1 00060c0 1 0d0 1
0000000 3300000 1 0e9 0 0 3300000 0 0e9 1
0000000 22c0000 1 0d0 0 1 22bffff 1 0d0 1
000bef8 0000000 1 0c0 1 1 000bef8 1 0c0 1
0000000 2a00000 1 06d 1 1 2a00000 1 06d 1
0005c37 0000498 0 030 1 1 00060cf 1 030 0
0000000 3300000 1 0ee 0 0 3300000 0 0ee 1
000d93f 0000000 1 07f 1 0 000d93e 1 07f 1
0005c73 0000000 1 109 1 1 0005c73 1 109 1
00073a5 0000000 1 0b4 1 1 00073a5 1 0b4 1
0000000 2a40000 1 0c6 1 1 2a40000 1 0c6 1
00077e2 0000000 1 097 0 0 00077e2 0 097 1
000778a 0000000 1 0da 1 1 000778a 1 0da 1
000ae60 0000000 1 0a0 0 0 000ae60 0 0a0 1
0000000 3500000 0 069 1 0 3500000 0 069 0
0000000 31c0000 1 0ec 0 0 31c0000 0 0ec 1
0006dda 0000000 1 0ae 1 1 0006dda 1 0ae 1
0000000 2440000 1 0e7 1 0 243ffff 0 0e7 1
0000000 3980000 1 0d6 0 1 397ffff 1 0d6 1
0000000 2740000 1 072 0 1 273ffff 1 072 1
0000000 3f40000 1 045 0 1 3f3ffff 1 045 1
000655e 0000000 1 089 1 1 000655e 1 089 1
0000000 3c80000 1 08c 1 1 3c80000 1 08c 1
000aa28 0000000 1 105 1 1 000aa28 1 105 1
000bda8 0000000 1 0e3 1 1 000bda8 1 0e3 1
0000000 3400000 1 07b 1 0 33fffff 0 07b 1
0000000 2040000 0 07c 1 0 2040000 0 07c 0
0000000 2440000 1 03a 1 0 243ffff 0 03a 1
0000000 26c0000 1 091 0 0 26c0000 0 091 1
0000000 2280000 1 034 1 0 227ffff 0 034 1
00071f4 0a10000 0 006 1 0 0a08e0c 0 006 0
0000000 3fc0000 1 038 1 0 3fbffff 0 038 1
0000000 3d80000 1 0bc 0 1 3d7ffff 1 0bc 1
000af80 0000000 1 127 0 0 000af80 0 127 1
0009990 0000000 1 138 0 1 000998f 0 138 1
0000000 3800000 1 068 1 1 3800000 1 068 1
00087ff 0000000 1 084 1 0 00087fe 1 084 1
0000000 2380000 1 0cb 0 1 237ffff 1 0cb 1
00076d2 0000000 1 099 1 0 00076d1 1 099 1
0000000 30c0000 1 053 0 1 30bffff 1 053 1
0000000 27c0000 1 035 1 1 27c0000 1 035 1
00047ac 0000000 1 081 1 1 00047ac 1 081 1
000a0bc 000f400 0 0e9 1 0 0005344 0 0e9 0
0000000 3400000 1 09f 1 1 3400000 1 09f 1
00065d6 0000000 1 068 1 0 00065d5 1 068 1
0000000 2800000 1 0db 1 1 2800000 1 0db 1
0000000 2580000 1 0d9 0 0 2580000 0 0d9 1
0000000 2940000 1 0ce 1 1 2940000 1 0ce 1
0005cf8 0000000 1 09c 1 0 0005cf7 1 09c 1
0000000 2040000 1 082 0 1 203ffff 1 082 1
0006f88 0000000 1 144 1 0 0006f87 1 144 1
0007f80 0000000 1 11d 1 0 0007f7f 1 11d 1
0009ff6 3a80000 0 066 1 0 3a7600a 0 066 0
0004da0 0000254 0 0d0 1 1 0004ff4 1 0d0 0
0005940 0000000 1 130 0 0 0005940 0 130 1
0000000 2340000 1 0ac 1 1 2340000 1 0ac 1
000981c 0000000 1 03e 0 0 000981c 0 03e 1
0005eb9 0000000 1 069 1 0 0005eb8 1 069 1
0000000 2540000 1 0da 0 1 253ffff 1 0da 1
000580c 05b0000 0 0d1 0 1 05aa7f4 1 0d1 0
0000000 2d00000 1 0d8 1 0 2cfffff 0 0d8 1
0000000 2b00000 1 08e 0 0 2b00000 0 08e 1
0000000 2280000 1 0bd 1 0 227ffff 0 0bd 1
00088b0 0000000 1 0a6 0 0 00088b0 0 0a6 1
0000000 3380000 1 0de 0 1 337ffff 1 0de 1
00072d8 0000000 1 0e6 1 0 00072d7 1 0e6 1
00068df 0000000 1 0ff 1 1 00068df 1 0ff 1
0000000 2ac0000 1 0bb 1 1 2ac0000 1 0bb 1
0007d4c 0000000 1 0e9 0 1 0007d4b 0 0e9 1
00060f0 0000000 1 07d 0 1 00060ef 0 07d 1
00078a5 0190000 0 09c 0 0 01978a5 0 09c 0
0000000 3540000 1 0ba 1 0 353ffff 0 0ba 1
0000000 3740000 1 0b5 0 1 373ffff 1 0b5 1
0000000 26c0000 1 0e5 1 0 26bffff 0 0e5 1
0000000 2540000 1 08d 1 1 2540000 1 08d 1
0000000 2d80000 1 014 0 1 2d7ffff 1 014 1
000a62e 0000016 1 036 1 0 000a617 1 036 1
0000000 3d80000 1 0a0 1 0 3d7ffff 0 0a0 1
0006820 0000000 1 0e1 0 0 0006820 0 0e1 1
0000000 27c0000 1 0d2 1 0 27bffff 0 0d2 1
0004ea0 0000000 1 05c 0 1 0004e9f 0 05c 1
0000000 2e40000 1 078 1 1 2e40000 1 078 1
0000000 2000000 1 0aa 0 0 2000000 0 0aa 1
00066ff 0000000 1 0f4 0 1 00066fe 0 0f4 1
0000000 2840000 1 0ac 0 1 283ffff 1 0ac 1
0000000 2940000 1 0ac 0 1 293ffff 1 0ac 1
000c9e4 0000000 1 145 0 1 000c9e3 0 145 1
0000000 35c0000 1 0cd 0 0 35c0000 0 0cd 1
0000000 2040000 1 026 0 0 2040000 0 026 1
0008da4 0000000 1 0c0 1 1 0008da4 1 0c0 1
0008aa8 0000000 1 0d8 1 0 0008aa7 1 0d8 1
0004f00 0000000 1 10a 0 1 0004eff 0 10a 1
0000000 2780000 1 0b3 0 0 2780000 0 0b3 1
0006540 0000000 1 0a7 1 0 000653f 1 0a7 1
00082fc 0000000 1 0a1 1 1 00082fc 1 0a1 1
0000000 2600000 1 0d1 0 0 2600000 0 0d1 1
0000000 3400000 1 0ad 1 1 3400000 1 0ad 1
000d4ee 0000000 1 120 0 0 000d4ee 0 120 1
0000000 3b00000 1 0d5 1 0 3afffff 0 0d5 1
0000000 2d00000 1 0b9 1 0 2cfffff 0 0b9 1
0009928 0000000 1 06d 1 1 0009928 1 06d 1
0000000 3200000 1 05b 0 0 3200000 0 05b 1
0000000 3900000 1 083 1 0 38fffff 0 083 1
0000000 2400000 1 042 0 1 23fffff 1 042 1
000c062 0000000 1 06d 1 1 000c062 1 06d 1
0000000 3fc0000 1 0ef 1 0 3fbffff 0 0ef 1
0005c04 0000000 1 0cb 0 0 0005c04 0 0cb 1
000ca9e 0000000 1 084 0 1 000ca9d 0 084 1
0000000 2180000 1 0a6 0 0 2180000 0 0a6 1
0000000 2100000 1 0c6 1 0 20fffff 0 0c6 1
0000000 2540000 1 077 1 0 253ffff 0 077 1
0006b0e 0000000 1 115 0 1 0006b0d 0 115 1
0008170 0000000 1 08a 0 0 0008170 0 08a 1
00065a3 0000000 1 0b5 0 0 00065a3 0 0b5 1
00064b9 0000000 1 0e0 1 1 00064b9 1 0e0 1
000bfa3 0000000 1 0f5 1 1 000bfa3 1 0f5 1
0000000 3600000 1 054 1 1 3600000 1 054 1
000a09e 0710000 0 00f 0 1 0705f62 1 00f 0
0000000 2bc0000 1 0ae 0 0 2bc0000 0 0ae 1
0009018 0000000 1 0b4 1 1 0009018 1 0b4 1
0000000 31c0000 1 031 0 0 31c0000 0 031 1
00076d4 0000000 1 14c 0 0 00076d4 0 14c 1
0000000 3d40000 1 065 1 1 3d40000 1 065 1
0000000 24c0000 1 0d6 0 0 24c0000 0 0d6 1
0000000 32c0000 1 030 0 1 32bffff 1 030 1
0000000 26c0000 1 055 0 1 26bffff 1 055 1
0000000 3bc0000 1 0c0 1 1 3bc0000 1 0c0 1
000ae00 00f6000 0 016 0 1 00eb200 1 016 0
0000000 2d00000 1 082 1 0 2cfffff 0 082 1
0004d9a 0000000 1 0a1 1 1 0004d9a 1 0a1 1
000e630 0000000 1 06c 0 1 000e62f 0 06c 1
0000000 3740000 1 0e4 1 1 3740000 1 0e4 1
000e2bd 0000000 1 149 0 0 000e2bd 0 149 1
00078dc 0000001 1 07f 0 0 00078dd 0 07f 1
00070ec 0000000 1 0fa 1 1 00070ec 1 0fa 1
0007238 0000000 1 0d7 0 1 0007237 0 0d7 1
000d6d8 0000000 1 0eb 0 1 000d6d7 0 0eb 1
0000000 21c0000 1 0e5 0 0 21c0000 0 0e5 1
0008b79 0000000 1 071 1 1 0008b79 1 071 1
0000000 2bc0000 1 0c8 1 0 2bbffff 0 0c8 1
0000000 2980000 1 099 0 0 2980000 0 099 1
0008b74 0000000 1 10d 1 0 0008b73 1 10d 1
0000000 2c80000 1 0ef 1 1 2c80000 1 0ef 1
0006b8b 0000000 1 0e1 1 0 0006b8a 1 0e1 1
0005aeb 0000003 1 036 0 0 0005aee 0 036 1
0000000 2600000 1 0e3 0 0 2600000 0 0e3 1
0000000 2a80000 0 0c0 0 0 2a80000 0 0c0 0
0000000 2bc0000 1 0bf 1 0 2bbffff 0 0bf 1
0000000 2a80000 1 070 1 1 2a80000 1 070 1
00062aa 0000000 1 0b0 0 0 00062aa 0 0b0 1
0000000 2dc0000 0 0ca 1 1 2dc0000 1 0ca 0
0000000 3880000 1 09b 0 1 387ffff 1 09b 1
0006fda 0000000 1 100 0 0 0006fda 0 100 1
0008cf4 0000000 1 080 0 1 0008cf3 0 080 1
0000000 2540000 1 088 1 1 2540000 1 088 1
000ab90 0000000 1 07b 0 0 000ab90 0 07b 1
0007b66 0000000 1 13d 1 0 0007b65 1 13d 1
0000000 2240000 1 0a5 0 0 2240000 0 0a5 1
0000000 3400000 1 0b3 1 0 33fffff 0 0b3 1
000e57e 0000000 1 0aa 1 0 000e57d 1 0aa 1
0000000 2e80000 1 0c3 0 0 2e80000 0 0c3 1
00063b1 0000000 1 0dd 1 1 00063b1 1 0dd 1
0000000 2140000 1 0e4 1 0 213ffff 0 0e4 1
00062c0 0000000 1 076 1 0 00062bf 1 076 1
0008064 0000000 1 11d 0 0 0008064 0 11d 1
0000000 3800000 1 0dd 1 1 3800000 1 0dd 1
0000000 2200000 1 0b2 1 1 2200000 1 0b2 1
00073a0 0000000 1 05e 0 1 000739f 0 05e 1
0000000 2ac0000 1 0cb 1 1 2ac0000 1 0cb 1
0000000 3600000 1 03b 0 0 3600000 0 03b 1
0000000 3940000 1 04f 0 0 3940000 0 04f 1
0009884 000b300 0 0ce 0 0 0014b84 0 0ce 0
0000000 3b80000 1 084 0 0 3b80000 0 084 1
000cbf4 0000000 1 094 1 1 000cbf4 1 094 1
000815d 0000000 1 13f 1 0 000815c 1 13f 1
0000000 3700000 1 0c0 0 1 36fffff 1 0c0 1
000894e 0000000 1 0b2 1 0 000894d 1 0b2 1
0000000 3bc0000 1 0cf 0 0 3bc0000 0 0cf 1
000cc49 0000000 1 0cd 0 0 000cc49 0 0cd 1
0000000 2d80000 1 062 0 1 2d7ffff 1 062 1
0000000 2400000 1 0a8 1 1 2400000 1 0a8 1
00073f0 004a000 0 0c7 1 0 0042c10 0 0c7 0
0000000 3180000 1 091 0 0 3180000 0 091 1
0000000 2ec0000 1 06e 1 0 2ebffff 0 06e 1
0000000 2e40000 1 0c9 0 1 2e3ffff 1 0c9 1
000784e 0000000 1 16e 1 0 000784d 1 16e 1
0009f15 0000000 1 0a4 1 1 0009f15 1 0a4 1
0006ee6 0000000 1 0b8 0 1 0006ee5 0 0b8 1
00075dd 0000000 1 028 0 0 00075dd 0 028 1
000e01f 0000c50 0 056 1 1 000ec6f 1 056 0
0006180 0000000 1 0ec 1 1 0006180 1 0ec 1
0000000 3440000 1 040 0 0 3440000 0 040 1
0000000 3f40000 1 026 1 1 3f40000 1 026 1
000719a 0000022 0 021 1 1 00071bc 1 021 0
0005348 0000000 1 0cf 0 1 0005347 0 0cf 1
0000000 2f80000 1 082 1 1 2f80000 1 082 1
0006446 0000000 1 0ab 1 0 0006445 1 0ab 1
0008c23 0000000 1 16d 0 1 0008c22 0 16d 1
0000000 3d80000 1 055 0 0 3d80000 0 055 1
000461b 0000000 1 02c 1 1 000461b 1 02c 1
0009f60 0000000 1 0e4 1 1 0009f60 1 0e4 1
000c733 0000000 1 040 0 0 000c733 0 040 1
000ca68 0000000 1 146 0 1 000ca67 0 146 1
0000000 2dc0000 1 0c8 1 1 2dc0000 1 0c8 1
0005688 0000000 1 089 1 0 0005687 1 089 1
0005606 0000000 1 129 1 0 0005605 1 129 1
0004e0c 0000000 1 0d5 1 0 0004e0b 1 0d5 1
0000000 2080000 1 0cd 0 1 207ffff 1 0cd 1
0000000 2a80000 1 046 0 1 2a7ffff 1 046 1
000b2bc 0000000 1 0df 1 0 000b2bb 1 0df 1
0000000 2780000 1 0a6 1 0 277ffff 0 0a6 1
000d4d0 0000000 1 0cb 1 0 000d4cf 1 0cb 1
0000000 20c0000 1 060 1 1 20c0000 1 060 1
0000000 2dc0000 1 0b7 0 1 2dbffff 1 0b7 1
0008130 0000000 1 129 1 1 0008130 1 129 1
00078c4 0000000 1 068 0 0 00078c4 0 068 1
000c61e 0000000 1 112 0 0 000c61e 0 112 1
0000000 2640000 1 0c5 0 1 263ffff 1 0c5 1
00079d4 0000000 1 0b2 1 1 00079d4 1 0b2 1
0000000 2500000 1 0ab 0 1 24fffff 1 0ab 1
000ba6c 0000000 1 10c 1 1 000ba6c 1 10c 1
0000000 3140000 1 09a 1 1 3140000 1 09a 1
0000000 2a00000 1 0e3 0 0 2a00000 0 0e3 1
000a887 0000000 1 0e8 1 1 000a887 1 0e8 1
000cf5e 0000000 1 0a1 0 0 000cf5e 0 0a1 1
00062fc 0000000 1 149 1 0 00062fb 1 149 1
0000000 29c0000 1 09e 0 0 29c0000 0 09e 1
000552c 0000000 1 0d7 1 1 000552c 1 0d7 1
0007614 0240000 0 053 1 0 02389ec 0 053 0
00059a6 0000000 1 13b 1 1 00059a6 1 13b 1
0004aa6 000001d 1 02a 1 1 0004ac3 1 02a 1
000a329 0000001 1 102 0 1 000a327 0 102 1
00074ac 0000000 1 074 1 1 00074ac 1 074 1
000c783 0000000 1 09f 0 1 000c782 0 09f 1
0000000 3a00000 1 05d 0 1 39fffff 1 05d 1
0000000 3e00000 1 0e4 0 1 3dfffff 1 0e4 1
00075ef 0000f80 0 0f9 0 0 000856f 0 0f9 0
000b2bc 0000000 1 0ab 1 0 000b2bb 1 0ab 1
0000000 2fc0000 1 0b0 1 0 2fbffff 0 0b0 1
0000000 3780000 1 026 0 0 3780000 0 026 1
0006993 0000000 1 14e 1 1 0006993 1 14e 1
000b172 0000019 1 052 0 0 000b18b 0 052 1
000ac20 0000000 1 0a6 1 1 000ac20 1 0a6 1
0007440 0000000 1 0ca 1 1 0007440 1 0ca 1
0000000 3980000 1 060 1 1 3980000 1 060 1
0006864 0ae0000 0 061 1 1 0ae6864 1 061 0
0006a80 0000000 1 0db 0 1 0006a7f 0 0db 1
00063e7 0000000 1 11f 1 1 00063e7 1 11f 1
000586e 0000003 1 03c 1 1 0005871 1 03c 1
0007170 0000000 1 0b8 1 0 000716f 1 0b8 1
0000000 2040000 1 0db 1 1 2040000 1 0db 1
0000000 3a00000 1 086 1 1 3a00000 1 086 1
0000000 2680000 1 07d 1 1 2680000 1 07d 1
0000000 3480000 1 06f 0 1 347ffff 1 06f 1
0000000 32c0000 0 027 1 1 32c0000 1 027 0
0000000 2ac0000 1 00e 1 0 2abffff 0 00e 1
0000000 26c0000 1 09e 1 0 26bffff 0 09e 1
0000000 3240000 1 0b6 0 1 323ffff 1 0b6 1
0000000 2b40000 1 0ec 0 0 2b40000 0 0ec 1
0008943 00005c8 0 07a 0 0 0008f0b 0 07a 0
0006e05 0000000 1 0dd 1 1 0006e05 1 0dd 1
0000000 3980000 1 0de 0 1 397ffff 1 0de 1
0009e62 013a000 0 009 0 0 0143e62 0 009 0
000bb62 0000000 1 123 1 0 000bb61 1 123 1
00073a5 0000000 1 0aa 0 0 00073a5 0 0aa 1
0000000 2640000 1 3f8 0 0 2640000 0 3f8 1
00087b8 0000000 1 13c 0 0 00087b8 0 13c 1
0000000 3980000 1 060 1 1 3980000 1 060 1
0007f80 0000000 1 087 0 0 0007f80 0 087 1
0007010 0000000 1 0b1 1 0 000700f 1 0b1 1
0006c00 0000000 1 0d8 0 1 0006bff 0 0d8 1
0000000 3300000 1 0eb 0 1 32fffff 1 0eb 1
0000000 2080000 1 08b 0 0 2080000 0 08b 1
0000000 2e40000 1 0ec 1 0 2e3ffff 0 0ec 1
0009c99 0000000 1 105 0 0 0009c99 0 105 1
0000000 2c80000 1 0e8 0 0 2c80000 0 0e8 1
0000000 30c0000 1 0ba 0 1 30bffff 1 0ba 1
0000000 2200000 1 0eb 1 1 2200000 1 0eb 1
000c82e 0000000 1 0ff 1 1 000c82e 1 0ff 1
0000000 2f40000 1 034 0 0 2f40000 0 034 1
000ab5e 0000000 1 0d6 0 0 000ab5e 0 0d6 1
0000000 3000000 1 0a2 1 0 2ffffff 0 0a2 1
0000000 36c0000 1 0bc 1 0 36bffff 0 0bc 1
0000000 3380000 1 0b1 1 0 337ffff 0 0b1 1
000ca35 0000000 1 092 0 1 000ca34 0 092 1
0000000 2c40000 1 0bb 1 0 2c3ffff 0 0bb 1
000a82c 0000000 1 062 1 1 000a82c 1 062 1
0000000 2300000 1 05d 0 0 2300000 0 05d 1
0000000 3600000 1 0c9 0 1 35fffff 1 0c9 1
000d3e0 0000000 1 050 0 0 000d3e0 0 050 1
0000000 2700000 1 097 1 1 2700000 1 097 1
0000000 26c0000 1 055 1 0 26bffff 0 055 1
0009824 0000000 1 0a5 1 1 0009824 1 0a5 1
0007c74 0000000 1 082 0 1 0007c73 0 082 1
0000000 3fc0000 1 0a5 0 1 3fbffff 1 0a5 1
0009a5c 0000000 1 0c6 1 1 0009a5c 1 0c6 1
0004d19 0000000 1 0cd 1 1 0004d19 1 0cd 1
0000000 2e00000 1 0a3 1 0 2dfffff 0 0a3 1
0000000 3f80000 1 088 1 0 3f7ffff 0 088 1
0000000 3780000 1 0c3 1 0 377ffff 0 0c3 1
0000000 3ec0000 1 09a 1 0 3ebffff 0 09a 1
0000000 3680000 1 0a7 1 0 367ffff 0 0a7 1
0000000 3100000 1 092 0 1 30fffff 1 092 1
0000000 3ac0000 1 0af 0 1 3abffff 1 0af 1
00082a0 0000003 1 09c 0 0 00082a3 0 09c 1
0000000 25c0000 1 07e 0 0 25c0000 0 07e 1
0000000 35c0000 1 0f0 0 0 35c0000 0 0f0 1
00092e4 0000000 1 08b 0 0 00092e4 0 08b 1
0000000 3500000 1 091 0 0 3500000 0 091 1
0000000 3880000 1 0a4 0 0 3880000 0 0a4 1
0000000 0000000 1 3f5 0 0 0000000 0 3f5 1
0005f64 0000000 1 0f4 1 0 0005f63 1 0f4 1
000d02f 0000000 1 11d 1 0 000d02e 1 11d 1
0007d3a 0000000 1 12b 0 0 0007d3a 0 12b 1
000cf90 0000000 1 0a5 1 0 000cf8f 1 0a5 1
0000000 2c80000 1 0e8 0 1 2c7ffff 1 0e8 1
0000000 2e40000 1 08a 0 0 2e40000 0 08a 1
0009ed0 000001f 1 087 0 1 0009eb0 0 087 1
000c7e2 0000000 1 0f6 0 1 000c7e1 0 0f6 1
0006050 0000000 1 0cc 1 0 000604f 1 0cc 1
0007910 0000000 1 0a5 0 0 0007910 0 0a5 1
0000000 2200000 1 0a5 1 1 2200000 1 0a5 1
000691e 000a500 0 034 0 1 0003be2 1 034 0
0006db5 0000000 1 07c 0 0 0006db5 0 07c 1
0000000 3dc0000 0 0c5 0 1 3dc0000 1 0c5 0
0004592 0000000 1 0c8 0 1 0004591 0 0c8 1
0000000 3040000 1 0f3 1 0 303ffff 0 0f3 1
0000000 3600000 1 0c7 0 1 35fffff 1 0c7 1
0000000 21c0000 1 04b 1 1 21c0000 1 04b 1
0009024 0000000 1 07c 0 0 0009024 0 07c 1
0000000 22c0000 1 0ab 0 1 22bffff 1 0ab 1
0009218 0000000 1 0de 1 0 0009217 1 0de 1
0000000 3180000 1 020 1 0 317ffff 0 020 1
00080e8 0000000 1 03e 1 1 00080e8 1 03e 1
0000000 2d40000 1 0da 1 1 2d40000 1 0da 1
000d058 0025800 0 0a6 1 0 00187a8 0 0a6 0
0000000 3600000 1 08a 1 1 3600000 1 08a 1
0000000 3bc0000 1 0c9 1 0 3bbffff 0 0c9 1
000d4e4 0000000 1 0eb 1 0 000d4e3 1 0eb 1
000620a 0000000 1 0e0 0 0 000620a 0 0e0 1
0000000 3b40000 1 06f 1 1 3b40000 1 06f 1
000add7 0000000 1 175 1 0 000add6 1 175 1
0000000 3240000 1 0b8 1 1 3240000 1 0b8 1
000ef1e 0000000 1 130 0 0 000ef1e 0 130 1
0005fca 0000000 1 095 0 1 0005fc9 0 095 1
0006946 0000000 1 106 1 1 0006946 1 106 1
000a018 0000000 1 0f3 0 1 000a017 0 0f3 1
0000000 2500000 1 029 1 1 2500000 1 029 1
0000000 2fc0000 1 045 0 1 2fbffff 1 045 1
000c4e0 0000000 1 0a7 1 1 000c4e0 1 0a7 1
0000000 2340000 1 068 1 0 233ffff 0 068 1
0000000 2d80000 1 08d 1 1 2d80000 1 08d 1
000675e 0000000 1 116 0 1 000675d 0 116 1
0000000 3dc0000 1 033 0 0 3dc0000 0 033 1
0000000 2dc0000 1 02a 1 1 2dc0000 1 02a 1
0000000 24c0000 1 063 0 0 24c0000 0 063 1
0000000 3cc0000 1 092 1 1 3cc0000 1 092 1
00087e6 0000014 0 098 1 0 00087d2 1 098 0
0009798 0000000 1 0be 0 1 0009797 0 0be 1
000a02c 0000000 1 121 0 0 000a02c 0 121 1
000e1f0 0000000 1 0b1 1 0 000e1ef 1 0b1 1
000bb08 0000000 1 071 0 1 000bb07 0 071 1
0005f3e 00001e6 0 084 0 0 0006124 0 084 0
000719a 0000000 1 167 1 1 000719a 1 167 1
0000000 3840000 1 0ea 1 0 383ffff 0 0ea 1
0000000 2440000 1 01f 1 1 2440000 1 01f 1
0004baa 0000000 1 0b2 0 1 0004ba9 0 0b2 1
0000000 35c0000 1 0e8 0 0 35c0000 0 0e8 1
0000000 2100000 1 0ad 0 0 2100000 0 0ad 1
0000000 2680000 1 0e4 1 0 267ffff 0 0e4 1
0000000 2040000 1 089 0 1 203ffff 1 089 1
00081cb 0000000 1 0f6 0 0 00081cb 0 0f6 1
0000000 30c0000 1 0a5 0 1 30bffff 1 0a5 1
0000000 3440000 1 0e9 1 1 3440000 1 0e9 1
000c033 0000000 1 068 0 0 000c033 0 068 1
0000000 2ec0000 1 089 0 0 2ec0000 0 089 1
0005b70 0000000 1 085 0 1 0005b6f 0 085 1
0000000 3e80000 1 079 1 1 3e80000 1 079 1
00063b1 0000000 1 0a7 1 0 00063b0 1 0a7 1
000d0b0 0c90000 0 064 0 1 0c82f50 1 064 0
0008ed2 0000000 1 0d9 1 0 0008ed1 1 0d9 1
0009969 0000000 1 05b 1 0 0009968 1 05b 1
000d7a9 0000000 1 13a 1 1 000d7a9 1 13a 1
0000000 3a00000 1 095 1 1 3a00000 1 095 1
0000000 2040000 1 054 0 0 2040000 0 054 1
0000000 3c80000 1 0b7 0 1 3c7ffff 1 0b7 1
0000000 2a00000 1 0e4 0 1 29fffff 1 0e4 1
000708a 0000000 1 0c5 1 1 000708a 1 0c5 1
00073d0 0000000 1 076 1 0 00073cf 1 076 1
0005c0a 0000000 1 0fd 1 1 0005c0a 1 0fd 1
0000000 2b00000 1 030 0 0 2b00000 0 030 1
0000000 3600000 1 0e6 0 0 3600000 0 0e6 1
0009daa 0000000 1 0a1 0 0 0009daa 0 0a1 1
000c350 0001aa0 0 0bb 0 1 000a8b0 0 0bb 0
0000000 3fc0000 1 0d8 1 0 3fbffff 0 0d8 1
0000000 2800000 1 08c 0 0 2800000 0 08c 1
0008e78 0000000 1 087 0 1 0008e77 0 087 1
0008340 0000304 0 0aa 0 0 0008644 0 0aa 0
0004203 0002f40 0 03a 0 1 00012c3 0 03a 0
0000000 2440000 1 0c8 0 1 243ffff 1 0c8 1
0000000 30c0000 1 076 0 0 30c0000 0 076 1
0000000 3180000 1 078 1 1 3180000 1 078 1
0000000 3ec0000 0 0c8 0 0 3ec0000 0 0c8 0
0000000 2b00000 0 08d 0 1 2b00000 1 08d 0
0000000 3e80000 1 022 0 1 3e7ffff 1 022 1
0006b46 0738000 0 06d 1 1 073eb46 1 06d 0
0007380 0000000 1 0bb 1 0 000737f 1 0bb 1
000748b 3f00000 0 081 0 0 3f0748b 0 081 0
0000000 2800000 1 07b 0 0 2800000 0 07b 1
0000000 2680000 1 056 1 0 267ffff 0 056 1
000b0dc 000dc00 0 000 1 1 0018cdc 1 000 0
0000000 37c0000 1 0c3 1 0 37bffff 0 0c3 1
0006445 002b800 0 0aa 0 0 0031c45 0 0aa 0
000a1b0 0056000 0 09b 0 1 004be50 1 09b 0
0000000 2f80000 1 0ef 0 0 2f80000 0 0ef 1
000baf5 0000000 1 10b 1 0 000baf4 1 10b 1
0000000 2680000 1 0e6 1 0 267ffff 0 0e6 1
0005629 0000000 1 083 1 1 0005629 1 083 1
0000000 2940000 1 0b1 0 0 2940000 0 0b1 1
0000000 2100000 0 0d3 1 1 2100000 1 0d3 0
0008da4 0000000 1 074 0 1 0008da3 0 074 1
0000000 2400000 1 0e6 1 0 23fffff 0 0e6 1
000ba0c 0000000 1 110 0 1 000ba0b 0 110 1
000a18e 0156000 0 030 1 1 016018e 1 030 0
000d74e 0000274 0 08f 0 0 000d9c2 0 08f 0
0000000 2f80000 1 035 1 0 2f7ffff 0 035 1
0006616 0000027 1 0f3 1 1 000663d 1 0f3 1
0000000 2780000 1 0c3 1 1 2780000 1 0c3 1
0009bdc 0000000 1 0cd 0 0 0009bdc 0 0cd 1
0007ce0 0000000 1 0d8 1 1 0007ce0 1 0d8 1
0000000 3b40000 1 071 0 0 3b40000 0 071 1
0000000 3900000 1 075 0 1 38fffff 1 075 1
0000000 3700000 1 0c9 1 1 3700000 1 0c9 1
00050f7 0000000 1 128 0 0 00050f7 0 128 1
0000000 25c0000 1 08a 1 0 25bffff 0 08a 1
0000000 3400000 1 055 0 0 3400000 0 055 1
0000000 2340000 1 0cf 1 1 2340000 1 0cf 1
0005fe5 0000000 1 0d3 0 0 0005fe5 0 0d3 1
0000000 2100000 1 0ed 0 0 2100000 0 0ed 1
000893d 0007d00 0 042 1 1 001063d 1 042 0
0004598 0000dc0 0 09a 1 1 0005358 1 09a 0
000ae1b 0000017 1 07c 1 0 000ae03 1 07c 1
0000000 2880000 1 080 1 0 287ffff 0 080 1
0000000 3200000 1 0d0 1 0 31fffff 0 0d0 1
0000000 3240000 1 0bd 0 1 323ffff 1 0bd 1
0008ace 0000000 1 131 0 0 0008ace 0 131 1
0000000 3100000 1 0f1 0 0 3100000 0 0f1 1
0000000 3a40000 1 0bc 1 1 3a40000 1 0bc 1
00053d4 0000000 1 0c6 1 1 00053d4 1 0c6 1
000c4a8 0000000 1 0e6 1 0 000c4a7 1 0e6 1
0000000 2b00000 1 048 1 1 2b00000 1 048 1
0000000 3d00000 1 0a2 1 0 3cfffff 0 0a2 1
0007c80 0000000 1 132 1 1 0007c80 1 132 1
0000000 2900000 1 000 1 0 28fffff 0 000 1
000765c 0000000 1 040 1 0 000765b 1 040 1
0007e54 0000000 1 0da 1 0 0007e53 1 0da 1
0000000 2480000 1 001 0 1 247ffff 1 001 1
0000000 2f00000 1 06c 0 1 2efffff 1 06c 1
0009340 0000000 1 0e4 1 0 000933f 1 0e4 1
000ae38 0000000 1 06c 1 1 000ae38 1 06c 1
0000000 2e80000 1 0c6 0 1 2e7ffff 1 0c6 1
000ca20 0000000 1 068 0 0 000ca20 0 068 1
0008f44 0000000 1 068 1 1 0008f44 1 068 1
000ac13 0000000 1 0d1 1 0 000ac12 1 0d1 1
0007b88 0000000 1 0ea 1 0 0007b87 1 0ea 1
000d86f 0000000 1 07a 0 1 000d86e 0 07a 1
0009974 0000000 1 128 0 0 0009974 0 128 1
0000000 35c0000 0 06f 0 0 35c0000 0 06f 0
0000000 2780000 1 087 0 1 277ffff 1 087 1
0000000 3b80000 1 071 0 0 3b80000 0 071 1
0000000 2f80000 1 0d7 0 1 2f7ffff 1 0d7 1
0000000 2b00000 1 0e4 0 0 2b00000 0 0e4 1
0000000 3600000 1 0c0 0 0 3600000 0 0c0 1
00070db 0000b40 0 084 0 1 000659b 0 084 0
000b1e4 0000000 1 08c 0 1 000b1e3 0 08c 1
000b94f 0000000 1 096 1 0 000b94e 1 096 1
000ca2a 0000000 1 134 1 1 000ca2a 1 134 1
000c4e0 00000be 0 103 1 1 000c59e 1 103 0
0000000 2e80000 0 01d 0 0 2e80000 0 01d 0
0000000 2340000 1 0c8 1 1 2340000 1 0c8 1
0007c3e 0000000 1 080 0 0 0007c3e 0 080 1
0008bd8 0000000 1 062 0 0 0008bd8 0 062 1
00075d0 0000000 1 0a1 1 1 00075d0 1 0a1 1
0006720 0000000 1 0b7 1 0 000671f 1 0b7 1
0000000 2340000 1 079 0 1 233ffff 1 079 1
0006db6 0000000 1 0b8 1 1 0006db6 1 0b8 1
0000000 3480000 1 0cc 0 0 3480000 0 0cc 1
0006bbc 0000000 1 0fe 0 0 0006bbc 0 0fe 1
0000000 36c0000 1 0dd 0 1 36bffff 1 0dd 1
0007757 01f8000 0 06c 0 1 01f08a9 1 06c 0
0008709 0000000 1 15f 0 0 0008709 0 15f 1
000c5bd 0000000 1 06d 0 0 000c5bd 0 06d 1
0000000 3c40000 1 0a1 0 1 3c3ffff 1 0a1 1
0000000 3c00000 1 0f3 0 1 3bfffff 1 0f3 1
0000000 2d40000 1 084 0 0 2d40000 0 084 1
0008626 0000000 1 0c6 1 1 0008626 1 0c6 1
0000000 2b80000 1 0b9 0 1 2b7ffff 1 0b9 1
0000000 2f00000 1 0e7 1 1 2f00000 1 0e7 1
0006df8 0000000 1 0c9 1 0 0006df7 1 0c9 1
00092b4 0000000 1 0ea 0 0 00092b4 0 0ea 1
0006dd8 0000000 1 0fe 0 1 0006dd7 0 0fe 1
0000000 38c0000 1 0b4 1 1 38c0000 1 0b4 1
0000000 2b40000 1 0a5 1 0 2b3ffff 0 0a5 1
000b9c9 0000000 1 0ce 1 1 000b9c9 1 0ce 1
0000000 2600000 1 0e5 0 1 25fffff 1 0e5 1
0007de8 0000000 1 0db 0 1 0007de7 0 0db 1
0000000 2700000 1 085 0 0 2700000 0 085 1
0000000 3ac0000 1 06b 0 0 3ac0000 0 06b 1
0000000 3b00000 1 0b9 0 1 3afffff 1 0b9 1
0009ccc 0000000 1 09a 0 0 0009ccc 0 09a 1
0007613 000008d 0 0b6 0 0 00076a0 0 0b6 0
0000000 35c0000 1 02c 0 0 35c0000 0 02c 1
000a348 0000000 1 0db 1 0 000a347 1 0db 1
000a6cc 0000000 1 0e0 1 1 000a6cc 1 0e0 1
0000000 2640000 1 065 1 0 263ffff 0 065 1
0000000 3840000 1 051 1 0 383ffff 0 051 1
0000000 3940000 0 0d7 1 1 3940000 1 0d7 0
000c7e0 0000031 1 072 0 1 000c7ae 0 072 1
0000000 3980000 1 0e9 1 0 397ffff 0 0e9 1
000b748 0000000 1 086 1 0 000b747 1 086 1
000afda 0000000 1 0de 1 0 000afd9 1 0de 1
0006222 0000000 1 129 0 1 0006221 0 129 1
00060bc 0000000 1 08b 1 1 00060bc 1 08b 1
0000000 3d00000 1 0ac 0 0 3d00000 0 0ac 1
000d258 0000000 0 03f 1 0 000d258 1 03f 0
0000000 3380000 1 0a3 0 1 337ffff 1 0a3 1
0006f7b 0000000 1 061 0 1 0006f7a 0 061 1
0000000 3640000 1 0a0 0 1 363ffff 1 0a0 1
0000000 3100000 1 0d5 1 1 3100000 1 0d5 1
0000000 3e40000 1 0c1 0 1 3e3ffff 1 0c1 1
0000000 3800000 1 066 1 1 3800000 1 066 1
0000000 3c40000 1 0b7 0 1 3c3ffff 1 0b7 1
00081cc 0000000 1 062 1 1 00081cc 1 062 1
00070a4 0000000 1 0c6 1 1 00070a4 1 0c6 1
0000000 3500000 1 042 1 0 34fffff 0 042 1
000acfe 0000000 1 093 0 0 000acfe 0 093 1
0000000 2ac0000 0 011 1 0 2ac0000 0 011 0
000fb04 0000000 1 101 1 0 000fb03 1 101 1
000c696 0000000 1 092 0 1 000c695 0 092 1
0000000 2ec0000 1 0a2 0 0 2ec0000 0 0a2 1
0000000 2a00000 1 044 0 0 2a00000 0 044 1
0000000 2480000 1 0e6 1 1 2480000 1 0e6 1
000b6ad 0000000 1 027 1 1 000b6ad 1 027 1
0006e0b 0000000 1 04f 0 1 0006e0a 0 04f 1
0000000 3540000 1 0f0 0 1 353ffff 1 0f0 1
0000000 3440000 1 0af 1 0 343ffff 0 0af 1
0006202 0000000 1 0d1 1 0 0006201 1 0d1 1
00050f4 0000000 1 0d0 1 0 00050f3 1 0d0 1
0000000 25c0000 1 0ef 1 1 25c0000 1 0ef 1
0000000 2f40000 1 0f2 1 0 2f3ffff 0 0f2 1
0000000 2680000 1 0e1 0 1 267ffff 1 0e1 1
0000000 3dc0000 1 013 0 0 3dc0000 0 013 1
0000000 2700000 1 045 1 0 26fffff 0 045 1
0000000 27c0000 1 3fc 1 1 27c0000 1 3fc 1
0000000 2400000 1 079 0 1 23fffff 1 079 1
0007dd0 0000000 1 0ea 1 1 0007dd0 1 0ea 1
00066d5 0000000 1 0c5 1 0 00066d4 1 0c5 1
0000000 34c0000 1 0da 1 1 34c0000 1 0da 1
0000000 2180000 1 0d2 1 0 217ffff 0 0d2 1
0000000 2940000 1 0d6 0 0 2940000 0 0d6 1
0000000 2b80000 1 0d3 1 0 2b7ffff 0 0d3 1
0008232 0000000 1 073 1 1 0008232 1 073 1
0000000 2d40000 1 0e7 1 0 2d3ffff 0 0e7 1
0000000 3480000 1 0e6 1 0 347ffff 0 0e6 1
000b23e 0000000 1 0cb 1 0 000b23d 1 0cb 1
0000000 29c0000 1 0c1 0 1 29bffff 1 0c1 1
000b1f0 0057000 0 0c8 0 0 00621f0 0 0c8 0
00092fb 0000000 1 0d9 0 1 00092fa 0 0d9 1
00064f0 0000000 1 071 0 1 00064ef 0 071 1
0007844 0000000 1 0d5 1 1 0007844 1 0d5 1
0000000 2e00000 1 0ac 0 1 2dfffff 1 0ac 1
0000000 3bc0000 1 05c 0 1 3bbffff 1 05c 1
0000000 3700000 1 091 0 1 36fffff 1 091 1
0008f2c 0000000 1 0f6 1 0 0008f2b 1 0f6 1
0000000 3480000 1 0f2 0 1 347ffff 1 0f2 1
0005db2 0000000 1 162 1 0 0005db1 1 162 1
000ca18 0000418 0 100 0 1 000c600 0 100 0
0000000 2900000 1 09e 0 1 28fffff 1 09e 1
000af80 0000000 1 11f 0 0 000af80 0 11f 1
0008713 0000000 1 074 1 1 0008713 1 074 1
0000000 2300000 1 0ec 0 0 2300000 0 0ec 1
000ae51 0000000 1 132 0 1 000ae50 0 132 1
000783c 0000000 1 092 0 0 000783c 0 092 1
000526a 0000000 1 0a0 0 1 0005269 0 0a0 1
0009777 0000000 1 111 0 1 0009776 0 111 1
00054fa 0000000 1 0be 1 0 00054f9 1 0be 1
0005514 0000000 1 0ae 1 1 0005514 1 0ae 1
0000000 3f00000 1 0d0 0 1 3efffff 1 0d0 1
0006d5f 04a8000 0 0ee 1 1 04aed5f 1 0ee 0
0008de2 0000000 1 153 1 1 0008de2 1 153 1
0000000 2600000 1 03b 1 1 2600000 1 03b 1
0000000 3e00000 1 071 0 1 3dfffff 1 071 1
0008d60 0000000 1 0dd 0 0 0008d60 0 0dd 1
0000000 3f80000 1 0d2 0 0 3f80000 0 0d2 1
0000000 30c0000 1 01c 0 0 30c0000 0 01c 1
0000000 2380000 1 09c 1 0 237ffff 0 09c 1
0000000 3c00000 1 0f3 1 0 3bfffff 0 0f3 1
0006db0 0000000 1 0a5 1 0 0006daf 1 0a5 1
000ed54 0000000 1 0ed 0 0 000ed54 0 0ed 1
0007968 0000000 1 0bb 1 1 0007968 1 0bb 1
000a0e9 0000000 1 135 0 0 000a0e9 0 135 1
00067d0 0000000 1 0c0 0 1 00067cf 0 0c0 1
0000000 29c0000 1 0ec 0 1 29bffff 1 0ec 1
0009a68 0000000 1 103 0 0 0009a68 0 103 1
0000000 3740000 1 0cd 1 0 373ffff 0 0cd 1
000d058 0000000 1 06e 1 1 000d058 1 06e 1
0000000 3e40000 1 0d3 0 0 3e40000 0 0d3 1
0000000 39c0000 1 0e1 1 0 39bffff 0 0e1 1
0007350 0000000 1 115 0 1 000734f 0 115 1
000e1a8 0000000 1 0c9 1 1 000e1a8 1 0c9 1
0005868 0000000 1 086 1 0 0005867 1 086 1
0000000 2940000 1 0d8 1 1 2940000 1 0d8 1
000de26 0000000 1 063 0 1 000de25 0 063 1
0000000 3e40000 1 0f2 1 0 3e3ffff 0 0f2 1
000667b 0000000 1 10b 0 0 000667b 0 10b 1
0000000 3740000 1 0a3 1 1 3740000 1 0a3 1
000686a 0000000 1 123 1 1 000686a 1 123 1
0000000 3640000 1 026 1 1 3640000 1 026 1
0005dd8 0000000 1 0f0 0 1 0005dd7 0 0f0 1
0000000 3880000 1 0ab 0 0 3880000 0 0ab 1
0007437 0000000 1 09a 1 0 0007436 1 09a 1
0000000 30c0000 1 09f 1 1 30c0000 1 09f 1
00079ca 0000000 1 13a 1 1 00079ca 1 13a 1
000e764 0000000 1 0ee 0 1 000e763 0 0ee 1
0000000 2ac0000 1 068 1 0 2abffff 0 068 1
0005e80 0000000 1 0b7 1 0 0005e7f 1 0b7 1
0000000 2240000 1 060 0 1 223ffff 1 060 1
00049da 0000000 1 108 0 1 00049d9 0 108 1
0000000 31c0000 1 0d3 1 1 31c0000 1 0d3 1
000aab4 0000000 1 0e1 1 1 000aab4 1 0e1 1
0006bf4 0001440 0 083 1 1 0008034 1 083 0
0000000 2940000 1 0cf 1 1 2940000 1 0cf 1
0000000 3700000 1 059 0 1 36fffff 1 059 1
0000000 3b40000 1 0a6 0 0 3b40000 0 0a6 1
0000000 3840000 1 0cb 0 1 383ffff 1 0cb 1
00076d4 0000000 1 0c8 1 0 00076d3 1 0c8 1
00076ec 0000000 1 148 0 0 00076ec 0 148 1
0005b99 00004a8 0 06c 0 1 00056f1 0 06c 0
000a40e 0000000 1 0f3 1 0 000a40d 1 0f3 1
000a272 000000e 1 084 1 1 000a280 1 084 1
0009641 0000000 1 094 0 1 0009640 0 094 1
0000000 3880000 1 005 0 0 3880000 0 005 1
0008133 000008b 0 08d 0 0 00081be 0 08d 0
0000000 2740000 1 07d 0 1 273ffff 1 07d 1
0000000 26c0000 1 04a 0 0 26c0000 0 04a 1
000a8f7 0001ac0 0 0c5 0 1 0008e37 0 0c5 0
000d92c 0000000 1 09d 1 1 000d92c 1 09d 1
0000000 3180000 1 0cc 0 1 317ffff 1 0cc 1
0000000 29c0000 1 05a 0 0 29c0000 0 05a 1
0000000 3700000 1 0d9 0 1 36fffff 1 0d9 1
0000000 2e40000 1 0ef 0 1 2e3ffff 1 0ef 1
0005d1e 0000000 1 0bc 1 1 0005d1e 1 0bc 1
000529e 0000000 1 099 1 1 000529e 1 099 1
0000000 2a40000 1 0bb 0 1 2a3ffff 1 0bb 1
0000000 2b40000 1 061 0 1 2b3ffff 1 061 1
00057d4 0000000 1 060 0 1 00057d3 0 060 1
0000000 3cc0000 1 0e3 0 0 3cc0000 0 0e3 1
0000000 27c0000 1 02e 1 0 27bffff 0 02e 1
0008dc0 0017a00 0 08d 1 1 00207c0 1 08d 0
000c241 0000000 1 101 1 1 000c241 1 101 1
000926d 0000000 1 0be 1 0 000926c 1 0be 1
0000000 2200000 1 084 0 1 21fffff 1 084 1
000ac40 0000000 1 107 1 0 000ac3f 1 107 1
0000000 2780000 1 0dc 0 0 2780000 0 0dc 1
000792c 0000000 1 088 1 1 000792c 1 088 1
000c381 0000000 1 077 1 0 000c380 1 077 1
0000000 3340000 1 03b 1 0 333ffff 0 03b 1
0000000 20c0000 1 03f 1 0 20bffff 0 03f 1
0000000 34c0000 1 0e5 0 0 34c0000 0 0e5 1
0000000 3300000 1 09d 0 1 32fffff 1 09d 1
0000000 2e00000 1 063 0 1 2dfffff 1 063 1
0000000 2680000 1 050 0 1 267ffff 1 050 1
000af23 0000000 1 0c2 0 1 000af22 0 0c2 1
0000000 2f80000 1 042 0 1 2f7ffff 1 042 1
0000000 3f40000 1 094 0 0 3f40000 0 094 1
0000000 24c0000 1 0ed 1 1 24c0000 1 0ed 1
0000000 3ac0000 1 091 1 0 3abffff 0 091 1
0000000 2c80000 1 086 0 0 2c80000 0 086 1
0000000 30c0000 1 009 1 1 30c0000 1 009 1
0000000 2740000 1 0d2 1 0 273ffff 0 0d2 1
0000000 3a00000 1 0df 0 0 3a00000 0 0df 1
0000000 2380000 1 0d1 1 1 2380000 1 0d1 1
00088fe 0000000 1 059 0 1 00088fd 0 059 1
00068a0 0008a00 0 0b1 0 1 0002160 1 0b1 0
0000000 2c40000 0 069 1 1 2c40000 1 069 0
000ca99 0000000 1 06a 0 1 000ca98 0 06a 1
0000000 2f00000 1 08e 0 1 2efffff 1 08e 1
0000000 3f80000 1 02a 0 0 3f80000 0 02a 1
0006afe 0000000 1 076 0 0 0006afe 0 076 1
0000000 3000000 1 0a8 0 1 2ffffff 1 0a8 1
0006054 0000000 1 0c1 1 0 0006053 1 0c1 1
000d660 0000000 1 0fe 1 1 000d660 1 0fe 1
000717f 0000a20 0 06f 1 0 000675f 1 06f 0
0000000 3940000 1 0e4 1 0 393ffff 0 0e4 1
0000000 3000000 1 08b 1 0 2ffffff 0 08b 1
000c33c 0000000 1 0ac 0 1 000c33b 0 0ac 1
0000000 27c0000 1 0db 0 0 27c0000 0 0db 1
0000000 25c0000 1 093 0 1 25bffff 1 093 1
000f619 0000000 1 13a 1 0 000f618 1 13a 1
0006c5a 0000000 1 0e5 1 0 0006c59 1 0e5 1
0000000 2500000 0 0eb 0 0 2500000 0 0eb 0
0007d23 0000000 1 062 0 1 0007d22 0 062 1
0009aa8 0000000 1 0b6 1 1 0009aa8 1 0b6 1
0000000 2100000 1 0e8 1 0 20fffff 0 0e8 1
0000000 3740000 1 0b7 1 1 3740000 1 0b7 1
0009471 0000000 1 102 0 0 0009471 0 102 1
0000000 3700000 1 0f1 1 0 36fffff 0 0f1 1
000da48 0000000 1 070 0 1 000da47 0 070 1
0000000 3800000 1 087 0 0 3800000 0 087 1
0008592 0000000 0 09a 1 0 0008592 1 09a 0
0000000 2280000 1 05a 0 1 227ffff 1 05a 1
000c92c 004c000 0 091 1 0 003f6d4 0 091 0
0000000 32c0000 1 058 1 1 32c0000 1 058 1
0000000 3840000 1 055 1 0 383ffff 0 055 1
0000000 3640000 1 0c8 1 0 363ffff 0 0c8 1
0000000 2240000 1 0cc 0 0 2240000 0 0cc 1
000a368 0000000 1 106 1 1 000a368 1 106 1
000ccc9 0000000 1 0ec 1 0 000ccc8 1 0ec 1
000b5dc 0000000 1 08c 0 0 000b5dc 0 08c 1
0007ed8 0003e40 0 032 0 1 0004098 0 032 0
00077e0 0000000 1 05c 1 0 00077df 1 05c 1
000b72d 0000000 1 0fc 0 0 000b72d 0 0fc 1
000c76b 0000000 1 0c1 1 1 000c76b 1 0c1 1
0000000 3440000 1 0d0 0 1 343ffff 1 0d0 1
000721d 0000000 1 0fd 0 0 000721d 0 0fd 1
000c4cc 0000000 1 0a3 0 1 000c4cb 0 0a3 1
000698a 0000000 1 10b 1 1 000698a 1 10b 1
000ca26 0000000 1 0d3 0 1 000ca25 0 0d3 1
0000000 2fc0000 1 0c8 0 1 2fbffff 1 0c8 1
0000000 26c0000 1 01e 1 0 26bffff 0 01e 1
000c42a 0000000 1 0f0 1 1 000c42a 1 0f0 1
0000000 35c0000 1 050 1 1 35c0000 1 050 1
00062c1 0000000 1 0eb 0 1 00062c0 0 0eb 1
00063dc 0000000 1 057 0 1 00063db 0 057 1
0007758 0000000 1 0ee 0 0 0007758 0 0ee 1
0000000 3f40000 1 3fa 1 1 3f40000 1 3fa 1
00086ac 0000000 1 16c 1 0 00086ab 1 16c 1
0000000 3dc0000 1 0bd 0 0 3dc0000 0 0bd 1
0000000 3a80000 1 0bf 0 1 3a7ffff 1 0bf 1
0000000 3400000 1 037 0 0 3400000 0 037 1
0000000 2580000 1 071 1 1 2580000 1 071 1
0000000 2e00000 1 3f6 0 0 2e00000 0 3f6 1
0000000 2d80000 1 057 0 0 2d80000 0 057 1
0000000 2600000 1 06c 0 0 2600000 0 06c 1
0000000 3340000 1 0c8 0 0 3340000 0 0c8 1
00056b2 0000000 1 137 1 0 00056b1 1 137 1
0000000 2440000 1 0bd 1 0 243ffff 0 0bd 1
0000000 35c0000 1 0c6 0 1 35bffff 1 0c6 1
0000000 34c0000 1 045 1 1 34c0000 1 045 1
0009e98 0000000 1 116 0 0 0009e98 0 116 1
0000000 3000000 1 0a3 1 0 2ffffff 0 0a3 1
0000000 3400000 1 0ee 1 1 3400000 1 0ee 1
0000000 3dc0000 1 0cf 1 0 3dbffff 0 0cf 1
0000000 3300000 1 0aa 0 1 32fffff 1 0aa 1
0000000 23c0000 1 0dd 1 1 23c0000 1 0dd 1
0000000 24c0000 1 00b 1 0 24bffff 0 00b 1
000aaee 003d000 0 018 0 0 0047aee 0 018 0
0000000 3440000 1 052 0 0 3440000 0 052 1
0000000 2c00000 1 0b7 0 0 2c00000 0 0b7 1
0000000 3b40000 1 0ae 1 0 3b3ffff 0 0ae 1
0000000 2900000 1 061 0 1 28fffff 1 061 1
0007034 0000000 1 0aa 0 0 0007034 0 0aa 1
0007e90 0000000 1 056 1 1 0007e90 1 056 1
0006824 001fa00 0 0f3 1 0 00191dc 0 0f3 0
0009cf0 0000000 1 10e 1 0 0009cef 1 10e 1
000a824 0000000 1 0c4 1 1 000a824 1 0c4 1
0007e50 0000000 1 0a2 0 1 0007e4f 0 0a2 1
000a154 0000000 1 0f2 0 1 000a153 0 0f2 1
0000000 2b40000 1 0e0 0 1 2b3ffff 1 0e0 1
0000000 3040000 1 0a3 0 0 3040000 0 0a3 1
0009c27 0000000 1 0f1 0 1 0009c26 0 0f1 1
0000000 2f40000 1 0b1 1 0 2f3ffff 0 0b1 1
0000000 2a00000 1 060 0 0 2a00000 0 060 1
000943e 0000000 1 100 1 1 000943e 1 100 1
000a208 0000000 1 0eb 0 1 000a207 0 0eb 1
0000000 2900000 1 0f3 0 1 28fffff 1 0f3 1
0007300 07e0000 0 0bf 0 0 07e7300 0 0bf 0
0000000 3c40000 1 0c5 0 1 3c3ffff 1 0c5 1
0000000 2a80000 1 0d5 1 1 2a80000 1 0d5 1
0000000 2d40000 1 076 1 1 2d40000 1 076 1
000748b 0000000 1 0eb 0 0 000748b 0 0eb 1
0005b16 05c8000 0 061 0 0 05cdb16 0 061 0
0000000 25c0000 1 07a 1 1 25c0000 1 07a 1
0000000 3700000 1 0d5 0 1 36fffff 1 0d5 1
0000000 3400000 1 034 0 0 3400000 0 034 1
0000000 2e00000 1 0e7 1 0 2dfffff 0 0e7 1
000be13 0000000 1 0fd 1 0 000be12 1 0fd 1
0000000 2a80000 1 062 0 0 2a80000 0 062 1
0000000 2f40000 1 0d3 0 1 2f3ffff 1 0d3 1
0006e37 0000400 0 0e8 1 0 0006a37 1 0e8 0
0000000 2040000 1 08d 1 0 203ffff 0 08d 1
0000000 2d00000 1 0e7 1 0 2cfffff 0 0e7 1
00095a2 0000000 1 049 1 0 00095a1 1 049 1
0000000 2580000 1 060 0 0 2580000 0 060 1
0000000 3b00000 1 03d 0 0 3b00000 0 03d 1
0000000 2c80000 1 02b 1 1 2c80000 1 02b 1
0000000 2080000 1 0ec 0 0 2080000 0 0ec 1
0000000 30c0000 1 099 0 1 30bffff 1 099 1
000c4a8 0748000 0 068 1 0 073bb58 0 068 0
0000000 3b40000 1 0cd 1 0 3b3ffff 0 0cd 1
000744a 0000000 1 0e3 1 1 000744a 1 0e3 1
0000000 2a40000 1 0a0 1 1 2a40000 1 0a0 1
0000000 24c0000 1 0c6 1 0 24bffff 0 0c6 1
000ad02 000034c 0 0e9 0 1 000a9b6 0 0e9 0
000830d 0000000 1 081 1 0 000830c 1 081 1
0009920 0000000 1 085 1 0 000991f 1 085 1
0000000 3280000 1 079 0 1 327ffff 1 079 1
0000000 3ec0000 1 048 0 1 3ebffff 1 048 1
000669c 0000000 1 02c 1 0 000669b 1 02c 1
0000000 3140000 1 090 0 1 313ffff 1 090 1
000aba9 0000000 1 104 1 0 000aba8 1 104 1
0000000 3d00000 1 0b2 1 0 3cfffff 0 0b2 1
0000000 3d00000 1 09d 0 0 3d00000 0 09d 1
0000000 2640000 1 0bd 1 0 263ffff 0 0bd 1
0000000 2f80000 1 08f 1 1 2f80000 1 08f 1
0007055 0000000 1 0b2 0 1 0007054 0 0b2 1
0000000 33c0000 1 090 0 0 33c0000 0 090 1
0000000 2180000 1 054 0 1 217ffff 1 054 1
0006dda 0000000 1 140 1 0 0006dd9 1 140 1
0000000 2e80000 1 034 1 1 2e80000 1 034 1
0000000 3a40000 1 082 1 1 3a40000 1 082 1
0000000 3740000 1 0c8 0 0 3740000 0 0c8 1
0000000 2440000 1 092 0 0 2440000 0 092 1
0000000 33c0000 1 0e8 0 1 33bffff 1 0e8 1
00053d0 0000000 1 08c 0 0 00053d0 0 08c 1
0000000 2a40000 1 087 1 1 2a40000 1 087 1
0000000 3b80000 1 07a 0 0 3b80000 0 07a 1
0000000 3a80000 1 0e9 0 0 3a80000 0 0e9 1
000e699 0000000 1 157 1 1 000e699 1 157 1
00086ee 0000000 1 0d6 0 1 00086ed 0 0d6 1
0009110 0000000 1 0c8 0 0 0009110 0 0c8 1
0000000 2780000 1 0ab 0 0 2780000 0 0ab 1
0005a50 0000000 1 0db 1 0 0005a4f 1 0db 1
0008f9c 0000000 1 049 1 1 0008f9c 1 049 1
000a23f 0000000 1 070 0 0 000a23f 0 070 1
0000000 0000000 0 3f5 1 1 0000000 0 3f5 0
000a5bb 0000000 1 052 1 1 000a5bb 1 052 1
0000000 3ec0000 1 04d 0 1 3ebffff 1 04d 1
000748b 0000000 1 143 0 0 000748b 0 143 1
0000000 3640000 1 080 1 0 363ffff 0 080 1
0000000 3500000 1 0d2 0 0 3500000 0 0d2 1
0000000 2f00000 1 087 0 1 2efffff 1 087 1
0000000 2f80000 1 00e 0 1 2f7ffff 1 00e 1
0000000 2580000 1 0a7 0 0 2580000 0 0a7 1
0000000 20c0000 1 0a2 0 1 20bffff 1 0a2 1
000a2dd 0000000 1 13c 0 1 000a2dc 0 13c 1
0000000 3840000 1 0cf 0 1 383ffff 1 0cf 1
0000000 2fc0000 1 0eb 0 0 2fc0000 0 0eb 1
0008100 0000000 1 085 0 0 0008100 0 085 1
0006a59 0000000 1 134 1 1 0006a59 1 134 1
000a9d3 0000000 1 08e 0 1 000a9d2 0 08e 1
0005bb6 0000000 1 0df 0 0 0005bb6 0 0df 1
0000000 2d40000 1 0d5 0 0 2d40000 0 0d5 1
0000000 3c40000 1 09f 0 1 3c3ffff 1 09f 1
00082dc 0000000 1 104 0 1 00082db 0 104 1
0007bc8 0000000 1 030 1 0 0007bc7 1 030 1
0000000 2500000 1 087 1 1 2500000 1 087 1
0005e80 0000000 1 0ef 0 1 0005e7f 0 0ef 1
0009b40 0000002 1 0d4 0 1 0009b3d 0 0d4 1
0000000 2180000 1 038 0 0 2180000 0 038 1
0007c24 0000000 0 07d 0 0 0007c24 0 07d 0
0008fff 0000000 1 113 0 1 0008ffe 0 113 1
0005ca4 0000000 1 024 0 1 0005ca3 0 024 1
0005418 0000000 1 10a 0 1 0005417 0 10a 1
0000000 2300000 1 057 0 0 2300000 0 057 1
000c1ee 0000000 1 0ac 0 0 000c1ee 0 0ac 1
00070db 0000000 1 0d1 1 1 00070db 1 0d1 1
000cf90 0000000 1 0b2 0 1 000cf8f 0 0b2 1
00066cc 0000000 1 123 0 1 00066cb 0 123 1
00088ec 0000000 1 0ee 1 0 00088eb 1 0ee 1
000add9 0000000 1 0a1 1 1 000add9 1 0a1 1
0007b80 0000000 1 0e4 0 1 0007b7f 0 0e4 1
000ae84 0000000 1 0eb 0 1 000ae83 0 0eb 1
0000000 3d00000 1 0b0 0 0 3d00000 0 0b0 1
0000000 2300000 1 093 1 1 2300000 1 093 1
0005f74 00001bc 0 030 0 1 0005db8 0 030 0
00066f6 0000000 1 090 1 1 00066f6 1 090 1
0007530 0000000 1 02a 0 1 000752f 0 02a 1
000aa65 0000000 1 106 1 1 000aa65 1 106 1
0000000 3600000 1 035 1 0 35fffff 0 035 1
0005da8 0000000 1 10c 1 1 0005da8 1 10c 1
0000000 3b40000 1 09f 0 1 3b3ffff 1 09f 1
0005429 0000000 1 02c 1 1 0005429 1 02c 1
0007cb0 0000000 1 0f1 1 0 0007caf 1 0f1 1
0006712 0000006 1 075 0 0 0006718 0 075 1
000ca97 0000000 1 136 0 1 000ca96 0 136 1
0000000 2f00000 1 0e0 0 0 2f00000 0 0e0 1
0007dc3 0000000 1 151 0 0 0007dc3 0 151 1
0000000 2a00000 1 0ad 1 1 2a00000 1 0ad 1
0000000 2c40000 1 0ba 0 1 2c3ffff 1 0ba 1
000503c 0000000 1 0ac 0 0 000503c 0 0ac 1
0000000 3840000 1 0eb 0 1 383ffff 1 0eb 1
000a480 0000000 1 08e 0 0 000a480 0 08e 1
0007026 0000000 1 090 1 1 0007026 1 090 1
0008925 0000000 1 108 1 0 0008924 1 108 1
0000000 3580000 1 084 0 0 3580000 0 084 1
0009dc2 0000000 1 098 0 1 0009dc1 0 098 1
0000000 2c80000 1 061 1 0 2c7ffff 0 061 1
0000000 3280000 1 09c 1 0 327ffff 0 09c 1
000e772 0000000 1 14d 0 1 000e771 0 14d 1
000c573 00000b1 0 01b 1 1 000c624 1 01b 0
0006d7c 0000000 1 145 1 0 0006d7b 1 145 1
0000000 3ac0000 1 0bf 0 0 3ac0000 0 0bf 1
0000000 2b00000 1 06c 1 1 2b00000 1 06c 1
00065c4 0000000 1 0dd 1 1 00065c4 1 0dd 1
00090b5 0000000 1 150 1 0 00090b4 1 150 1
0000000 2940000 1 0e4 1 0 293ffff 0 0e4 1
0000000 2640000 1 0bd 1 0 263ffff 0 0bd 1
000df18 0000000 1 0ea 1 1 000df18 1 0ea 1
000a230 00000b7 0 04b 0 1 000a179 0 04b 0
0000000 2b00000 1 099 0 1 2afffff 1 099 1
0006e3e 0000000 1 0ba 0 0 0006e3e 0 0ba 1
0000000 2400000 1 0cb 0 1 23fffff 1 0cb 1
0000000 3540000 1 0c3 0 0 3540000 0 0c3 1
000c634 0000000 1 0e6 1 0 000c633 1 0e6 1
0000000 31c0000 0 045 0 1 31c0000 1 045 0
0000000 2400000 1 0b3 1 1 2400000 1 0b3 1
00052b0 0000000 1 143 0 1 00052af 0 143 1
0008e97 0000000 1 0eb 0 1 0008e96 0 0eb 1
0000000 3740000 1 3f6 0 1 373ffff 1 3f6 1
0009b40 0000000 1 0f3 0 1 0009b3f 0 0f3 1
000fc03 000d000 0 0a9 1 1 001cc03 1 0a9 0
000bc70 0000000 1 08c 1 1 000bc70 1 08c 1
0000000 2980000 1 010 1 0 297ffff 0 010 1
0006e3f 0000000 1 0c8 1 0 0006e3e 1 0c8 1
000440c 0000000 1 108 1 0 000440b 1 108 1
0000000 2f80000 1 062 0 0 2f80000 0 062 1
0005cd0 0000000 1 107 0 0 0005cd0 0 107 1
00089f9 0000034 1 0f2 0 1 00089c4 0 0f2 1
0000000 36c0000 1 0eb 1 0 36bffff 0 0eb 1
000bdce 0000000 1 090 0 0 000bdce 0 090 1
0000000 3d80000 1 0b6 0 1 3d7ffff 1 0b6 1
000af84 0000000 1 135 0 0 000af84 0 135 1
0006cd8 0000006 1 0af 1 0 0006cd1 1 0af 1
0000000 3dc0000 1 0c7 0 0 3dc0000 0 0c7 1
0000000 2c00000 1 0b3 1 1 2c00000 1 0b3 1
0000000 3440000 1 0d6 0 0 3440000 0 0d6 1
0008024 0d50000 0 05f 1 1 0d58024 1 05f 0
0000000 2500000 1 03b 1 1 2500000 1 03b 1
0000000 3080000 1 092 1 1 3080000 1 092 1
00072de 0000000 1 037 1 0 00072dd 1 037 1
0000000 2140000 1 04d 0 0 2140000 0 04d 1
0000000 2fc0000 1 093 0 0 2fc0000 0 093 1
0000000 3680000 1 0a4 0 0 3680000 0 0a4 1
0000000 28c0000 1 0cd 0 1 28bffff 1 0cd 1
0000000 2540000 1 0a9 0 1 253ffff 1 0a9 1
0007818 0000134 0 089 1 1 000794c 1 089 0
0000000 2680000 1 084 0 1 267ffff 1 084 1
0000000 31c0000 1 071 0 0 31c0000 0 071 1
0000000 3cc0000 1 030 1 1 3cc0000 1 030 1
0005e08 0000000 1 108 1 1 0005e08 1 108 1
000a690 0000000 1 0a2 0 0 000a690 0 0a2 1
0000000 23c0000 1 034 1 1 23c0000 1 034 1
000a7ae 0000000 1 11f 1 1 000a7ae 1 11f 1
00079a0 0000000 1 0da 1 1 00079a0 1 0da 1
0000000 2800000 1 0f1 1 1 2800000 1 0f1 1
000c2b2 0000000 1 11b 1 1 000c2b2 1 11b 1
000cd3b 0000000 1 106 0 0 000cd3b 0 106 1
0008324 0000000 1 122 0 1 0008323 0 122 1
0000000 2a40000 1 093 1 1 2a40000 1 093 1
0000000 3bc0000 1 0ca 1 1 3bc0000 1 0ca 1
0006ba3 0000000 1 132 1 1 0006ba3 1 132 1
0009060 0000000 1 0a9 1 0 000905f 1 0a9 1
0000000 22c0000 1 0ce 0 1 22bffff 1 0ce 1
0007bc0 0000000 1 0da 1 1 0007bc0 1 0da 1
000cbb8 0031800 0 033 1 0 0024c48 0 033 0
000b55c 0000000 1 0a5 1 1 000b55c 1 0a5 1
0000000 3cc0000 1 08f 0 1 3cbffff 1 08f 1
00065a3 0000000 1 086 1 0 00065a2 1 086 1
000b520 0000000 1 084 1 0 000b51f 1 084 1
000944a 0000000 1 0bd 0 0 000944a 0 0bd 1
0000000 2140000 1 07a 1 0 213ffff 0 07a 1
000c33c 0000000 1 0e1 0 0 000c33c 0 0e1 1
0000000 3740000 1 0c1 0 0 3740000 0 0c1 1
0006062 0000000 1 0f2 0 1 0006061 0 0f2 1
000a95d 0000000 1 0bb 1 0 000a95c 1 0bb 1
0007175 0000013 1 097 0 1 0007161 0 097 1
0000000 2f00000 1 081 1 0 2efffff 0 081 1
0000000 2040000 1 05c 0 1 203ffff 1 05c 1
0000000 3540000 1 0f3 0 0 3540000 0 0f3 1
0007656 0000000 1 144 1 0 0007655 1 144 1
0000000 2bc0000 1 0e7 0 1 2bbffff 1 0e7 1
0006318 0000000 1 112 0 1 0006317 0 112 1
0000000 2dc0000 1 0e9 1 0 2dbffff 0 0e9 1
0000000 22c0000 1 0bd 1 1 22c0000 1 0bd 1
0008b90 0000000 1 05a 1 0 0008b8f 1 05a 1
0000000 25c0000 1 060 1 1 25c0000 1 060 1
0000000 2d40000 1 002 0 0 2d40000 0 002 1
0000000 2c40000 1 3fc 1 1 2c40000 1 3fc 1
0000000 25c0000 1 0bf 1 0 25bffff 0 0bf 1
0000000 2600000 1 0bb 0 1 25fffff 1 0bb 1
000dd34 0000000 1 05f 1 1 000dd34 1 05f 1
0000000 3c00000 1 067 1 1 3c00000 1 067 1
0007df0 0000000 1 123 0 1 0007def 0 123 1
000546f 2780000 0 079 1 0 277ab91 0 079 0
000a8e8 0000980 0 0af 0 0 000b268 0 0af 0
0000000 38c0000 1 0b9 0 1 38bffff 1 0b9 1
000960c 0000000 1 110 0 0 000960c 0 110 1
0000000 36c0000 1 097 1 1 36c0000 1 097 1
0000000 3600000 1 0f3 1 0 35fffff 0 0f3 1
0000000 3500000 1 09f 1 0 34fffff 0 09f 1
0008944 0000000 1 0f3 0 0 0008944 0 0f3 1
00070ea 0000000 1 076 0 1 00070e9 0 076 1
000a5c4 00004a8 0 0ba 1 0 000a11c 1 0ba 0
0008287 0000000 1 089 1 1 0008287 1 089 1
0004e18 0044800 0 055 0 1 003f9e8 1 055 0
0007dc8 0000000 1 0ec 0 1 0007dc7 0 0ec 1
0008e36 0000000 1 0b5 1 1 0008e36 1 0b5 1
0000000 3c40000 1 005 0 0 3c40000 0 005 1
0000000 2500000 0 018 0 1 2500000 1 018 0
0000000 3ac0000 1 0e3 1 0 3abffff 0 0e3 1
000bf38 0498000 0 08c 0 1 048c0c8 1 08c 0
0000000 3240000 1 03c 1 1 3240000 1 03c 1
0000000 3cc0000 1 02b 0 1 3cbffff 1 02b 1
0000000 2640000 1 07a 0 1 263ffff 1 07a 1
0000000 3bc0000 1 070 1 1 3bc0000 1 070 1
000a1b8 002e000 0 08d 1 0 0023e48 0 08d 0
0005334 0000000 1 09b 1 0 0005333 1 09b 1
0000000 2800000 0 00d 1 0 2800000 0 00d 0
000ac70 0000000 1 0c2 0 1 000ac6f 0 0c2 1
0000000 3e40000 0 0ee 0 1 3e40000 1 0ee 0
0000000 25c0000 1 0d8 1 1 25c0000 1 0d8 1
0007e00 0000000 1 086 1 0 0007dff 1 086 1
000937e 0000000 1 0b0 0 0 000937e 0 0b0 1
0006166 0000000 1 095 1 0 0006165 1 095 1
000ea48 0000000 1 10e 0 1 000ea47 0 10e 1
0000000 3e40000 1 0b5 0 0 3e40000 0 0b5 1
0006ea9 0000000 1 13d 1 1 0006ea9 1 13d 1
00096f6 0000015 1 0af 1 0 00096e0 1 0af 1
00059b8 0000000 1 146 1 0 00059b7 1 146 1
0009249 00018a0 0 0d6 0 1 00079a9 0 0d6 0
0000000 24c0000 1 04a 0 1 24bffff 1 04a 1
00054d2 0000000 1 156 0 1 00054d1 0 156 1
0000000 29c0000 0 0df 0 1 29c0000 1 0df 0
0000000 3580000 1 05f 1 1 3580000 1 05f 1
00065dc 0000000 1 0db 1 0 00065db 1 0db 1
00079bc 0000000 1 0f4 1 1 00079bc 1 0f4 1
00084a5 0000000 1 0b2 1 0 00084a4 1 0b2 1
0000000 3a00000 1 032 0 0 3a00000 0 032 1
0000000 3fc0000 1 0a7 0 1 3fbffff 1 0a7 1
0000000 3640000 1 09f 1 1 3640000 1 09f 1
000677c 0000000 1 0e2 0 1 000677b 0 0e2 1
000855a 0000000 1 06d 0 1 0008559 0 06d 1
0000000 2ec0000 1 0ea 0 0 2ec0000 0 0ea 1
0000000 36c0000 1 0b8 0 0 36c0000 0 0b8 1
0000000 3280000 1 0c7 0 0 3280000 0 0c7 1
000a77b 0000000 1 0b0 0 1 000a77a 0 0b0 1
000d240 0000000 1 075 0 0 000d240 0 075 1
000dccb 0000000 1 116 0 1 000dcca 0 116 1
000cf06 0000000 1 167 1 1 000cf06 1 167 1
0009777 0000000 1 0b2 0 1 0009776 0 0b2 1
0000000 3ec0000 1 0a6 0 1 3ebffff 1 0a6 1
0009e8e 0000000 1 0f7 0 1 0009e8d 0 0f7 1
0000000 3080000 1 0b8 1 1 3080000 1 0b8 1
0009dab 0000000 1 08e 1 1 0009dab 1 08e 1
000f00f 0000000 1 149 1 1 000f00f 1 149 1
0000000 2280000 1 0be 1 0 227ffff 0 0be 1
0000000 3580000 1 0d7 0 0 3580000 0 0d7 1
0000000 3740000 1 0d2 1 1 3740000 1 0d2 1
0000000 2280000 1 0d7 1 1 2280000 1 0d7 1
0000000 2f00000 1 0b7 1 0 2efffff 0 0b7 1
0009cb8 001e200 0 0c8 1 1 0027eb8 1 0c8 0
0008be7 0000000 1 0e5 0 1 0008be6 0 0e5 1
0000000 36c0000 1 0c0 0 0 36c0000 0 0c0 1
000a9c0 0000000 1 057 0 1 000a9bf 0 057 1
0009089 0000000 1 10f 1 1 0009089 1 10f 1
0000000 3680000 1 077 0 0 3680000 0 077 1
0000000 22c0000 1 0c1 0 1 22bffff 1 0c1 1
0000000 37c0000 1 0e9 0 0 37c0000 0 0e9 1
0000000 3040000 1 01c 1 1 3040000 1 01c 1
000c5bd 0003540 0 08f 1 0 000907d 1 08f 0
0000000 3d40000 1 0cd 1 0 3d3ffff 0 0cd 1
0007305 0000000 1 079 1 1 0007305 1 079 1
0000000 2a80000 1 0e7 0 0 2a80000 0 0e7 1
0000000 3bc0000 1 0d7 0 0 3bc0000 0 0d7 1
0000000 2500000 1 07f 0 0 2500000 0 07f 1
0000000 3a80000 1 05d 0 1 3a7ffff 1 05d 1
00085b1 0000000 1 0c3 0 1 00085b0 0 0c3 1
000c2c6 0000000 1 098 1 1 000c2c6 1 098 1
0000000 3c00000 0 031 1 1 3c00000 1 031 0
0000000 3740000 1 0e6 0 1 373ffff 1 0e6 1
0000000 2180000 1 07d 1 1 2180000 1 07d 1
0000000 2400000 1 099 0 0 2400000 0 099 1
000ab66 0000398 0 036 1 1 000aefe 1 036 0
0000000 38c0000 1 0c3 1 1 38c0000 1 0c3 1
000928b 00000ff 0 0f7 1 0 000918c 1 0f7 0
0000000 3c00000 1 0eb 1 0 3bfffff 0 0eb 1
0009178 0000000 1 0fc 0 1 0009177 0 0fc 1
0000000 2fc0000 1 0ca 1 1 2fc0000 1 0ca 1
0000000 2ac0000 1 0ec 1 0 2abffff 0 0ec 1
0000000 3380000 1 0df 0 0 3380000 0 0df 1
0007698 0000000 1 03d 0 1 0007697 0 03d 1
00063ff 0146000 0 0b0 1 0 013fc01 0 0b0 0
000d20f 0000000 1 064 1 0 000d20e 1 064 1
00051e1 0000000 1 11c 1 1 00051e1 1 11c 1
0007ec0 0000000 1 101 0 1 0007ebf 0 101 1
0000000 2f80000 1 079 0 1 2f7ffff 1 079 1
0000000 2d00000 1 0db 1 0 2cfffff 0 0db 1
0000000 2ec0000 1 04d 0 1 2ebffff 1 04d 1
000d898 0000000 1 0d9 1 1 000d898 1 0d9 1
00074fa 0000000 1 055 0 0 00074fa 0 055 1
0000000 3b40000 1 0ec 1 1 3b40000 1 0ec 1
0000000 3740000 1 051 1 0 373ffff 0 051 1
0000000 3e00000 1 04b 0 0 3e00000 0 04b 1
00087aa 0000000 1 0cf 0 1 00087a9 0 0cf 1
0007dbe 0000000 1 041 0 1 0007dbd 0 041 1
0000000 2b40000 1 0ef 1 0 2b3ffff 0 0ef 1
000e4c4 0000000 1 0a3 1 1 000e4c4 1 0a3 1
0000000 3940000 1 0f2 1 1 3940000 1 0f2 1
0000000 3940000 1 0bd 1 1 3940000 1 0bd 1
0000000 3080000 1 082 1 1 3080000 1 082 1
0000000 3c40000 1 0b4 0 0 3c40000 0 0b4 1
0007230 0000000 1 08d 1 0 000722f 1 08d 1
000ad0a 0000000 1 135 1 1 000ad0a 1 135 1
0006c48 0000000 1 06f 0 0 0006c48 0 06f 1
0000000 3b00000 1 06b 0 1 3afffff 1 06b 1
0000000 3340000 1 0a5 1 0 333ffff 0 0a5 1
0000000 2b40000 1 09b 0 0 2b40000 0 09b 1
0000000 2c40000 1 069 1 0 2c3ffff 0 069 1
000b034 0000000 1 08a 1 0 000b033 1 08a 1
000b367 0000000 0 0ad 0 1 000b367 0 0ad 0
0000000 2ec0000 1 066 0 0 2ec0000 0 066 1
0000000 2800000 1 0d2 1 1 2800000 1 0d2 1
0000000 2c00000 1 002 1 1 2c00000 1 002 1
0000000 2900000 1 0d5 0 1 28fffff 1 0d5 1
000bbec 0000000 1 0ed 1 1 000bbec 1 0ed 1
00067d0 00007e0 0 0ed 0 1 0005ff0 0 0ed 0
0009966 0000000 1 0b0 0 1 0009965 0 0b0 1
0008206 0000000 1 0c0 0 0 0008206 0 0c0 1
0008e80 0000000 1 09b 1 0 0008e7f 1 09b 1
0000000 3840000 1 0b7 1 0 383ffff 0 0b7 1
0000000 22c0000 1 0d6 0 0 22c0000 0 0d6 1
0007970 0000000 1 15b 1 0 000796f 1 15b 1
000a857 0000000 1 0e5 0 0 000a857 0 0e5 1
0007eb5 0000000 1 072 1 1 0007eb5 1 072 1
0000000 3940000 1 0a2 1 1 3940000 1 0a2 1
000708c 0000000 1 11b 0 0 000708c 0 11b 1
0007bcc 001f200 0 097 0 0 0026dcc 0 097 0
0007468 0000000 1 124 0 0 0007468 0 124 1
0000000 3340000 1 0e0 1 0 333ffff 0 0e0 1
0006c20 0000000 1 0b2 1 1 0006c20 1 0b2 1
000bfc0 0000000 1 090 1 0 000bfbf 1 090 1
000c95a 0000000 1 0ab 0 1 000c959 0 0ab 1
000696a 0000000 1 044 1 1 000696a 1 044 1
0009dd0 0000000 1 154 1 1 0009dd0 1 154 1
0000000 2640000 1 08a 0 0 2640000 0 08a 1
0007a1e 0000000 1 145 1 1 0007a1e 1 145 1
0007d82 0000000 1 0fb 0 1 0007d81 0 0fb 1
000adea 0000000 1 15a 0 0 000adea 0 15a 1
0000000 30c0000 1 0e3 1 1 30c0000 1 0e3 1
0006d59 0000000 1 087 0 0 0006d59 0 087 1
0000000 3dc0000 1 048 1 1 3dc0000 1 048 1
0000000 27c0000 1 015 0 1 27bffff 1 015 1
0000000 2300000 1 0d9 0 0 2300000 0 0d9 1
000b46d 0000000 1 08e 0 1 000b46c 0 08e 1
0000000 2380000 1 07d 1 1 2380000 1 07d 1
0000000 3a80000 1 053 0 0 3a80000 0 053 1
000cf88 0000000 1 0c0 1 0 000cf87 1 0c0 1
0000000 2d40000 1 05f 1 1 2d40000 1 05f 1
00065ae 0000000 1 10c 1 0 00065ad 1 10c 1
0000000 3200000 1 0dc 1 0 31fffff 0 0dc 1
0000000 3480000 1 0e8 0 1 347ffff 1 0e8 1
0009c84 0000000 1 0b4 1 0 0009c83 1 0b4 1
0008177 0000000 1 095 1 0 0008176 1 095 1
0008a40 0000000 1 0f5 1 1 0008a40 1 0f5 1
000824a 0000002 1 099 0 1 0008247 0 099 1
00060dd 0000000 1 075 1 0 00060dc 1 075 1
0007548 0000000 1 0e6 1 0 0007547 1 0e6 1
0000000 33c0000 1 3fd 1 1 33c0000 1 3fd 1
0000000 2300000 1 084 1 1 2300000 1 084 1
0009794 0000000 1 158 1 0 0009793 1 158 1
000a39e 0000000 1 113 0 1 000a39d 0 113 1
0000000 3840000 1 06b 0 0 3840000 0 06b 1
0009966 0000c60 0 03a 0 0 000a5c6 0 03a 0
000634a 0000000 1 13c 0 1 0006349 0 13c 1
0000000 3c00000 1 0b1 0 1 3bfffff 1 0b1 1
0008b56 0000000 1 0d4 1 0 0008b55 1 0d4 1
0000000 2b40000 1 0f0 0 1 2b3ffff 1 0f0 1
0007bb4 0000000 1 104 0 0 0007bb4 0 104 1
00090b7 0468000 0 0ed 1 1 04710b7 1 0ed 0
0007e90 0000000 1 0f0 1 0 0007e8f 1 0f0 1
00089f1 0000000 1 134 1 0 00089f0 1 134 1
0006180 0000000 1 06c 0 1 000617f 0 06c 1
0000000 2400000 1 0ec 0 0 2400000 0 0ec 1
0000000 2700000 1 06c 0 0 2700000 0 06c 1
0007fc4 0000000 1 088 0 0 0007fc4 0 088 1
0000000 2480000 1 0f2 0 1 247ffff 1 0f2 1
0009f5b 06d0000 0 06d 1 1 06d9f5b 1 06d 0
0000000 2200000 1 079 0 0 2200000 0 079 1
0000000 3200000 1 0f2 0 1 31fffff 1 0f2 1
0000000 33c0000 1 057 0 1 33bffff 1 057 1
0007594 0000000 1 106 0 1 0007593 0 106 1
000440c 0000000 1 0cd 0 0 000440c 0 0cd 1
0009083 0000000 1 155 0 0 0009083 0 155 1
0000000 2940000 1 0ed 1 0 293ffff 0 0ed 1
0008d8a 0000000 1 0d2 1 1 0008d8a 1 0d2 1
0000000 3e00000 1 00d 0 0 3e00000 0 00d 1
0000000 3a40000 1 0ae 0 1 3a3ffff 1 0ae 1
0000000 3640000 1 0e6 0 0 3640000 0 0e6 1
0000000 2d80000 1 05c 0 0 2d80000 0 05c 1
0005994 0000000 1 0ba 1 1 0005994 1 0ba 1
000a8e7 0000000 1 132 1 1 000a8e7 1 132 1
0000000 38c0000 1 0e8 0 0 38c0000 0 0e8 1
0000000 3a80000 1 097 0 0 3a80000 0 097 1
0000000 3140000 1 03a 0 0 3140000 0 03a 1
0000000 32c0000 1 07c 1 1 32c0000 1 07c 1
0007bb2 0000000 1 0e5 1 0 0007bb1 1 0e5 1
0000000 2cc0000 1 062 0 1 2cbffff 1 062 1
000c753 000001d 1 063 0 0 000c770 0 063 1
0000000 36c0000 1 0b1 0 0 36c0000 0 0b1 1
0007f26 0000000 1 034 0 0 0007f26 0 034 1
000ab10 0000000 1 0d6 0 1 000ab0f 0 0d6 1
000a65c 0000007 1 0da 0 1 000a654 0 0da 1
000604a 3600000 0 06b 1 0 35f9fb6 0 06b 0
0000000 2300000 1 0df 1 0 22fffff 0 0df 1
0000000 2540000 1 0b6 1 1 2540000 1 0b6 1
000695a 0000000 1 0e1 1 0 0006959 1 0e1 1
0008e38 0af0000 0 056 1 1 0af8e38 1 056 0
0000000 2b00000 0 0dd 1 0 2b00000 0 0dd 0
0000000 24c0000 1 04b 1 0 24bffff 0 04b 1
0000000 2100000 1 028 0 1 20fffff 1 028 1
0000000 2440000 1 0ba 1 0 243ffff 0 0ba 1
0007627 3f00000 0 00f 0 1 3ef89d9 1 00f 0
0000000 2d80000 1 04c 1 0 2d7ffff 0 04c 1
00085c0 0000000 1 11b 1 1 00085c0 1 11b 1
0006f81 0000000 1 102 0 0 0006f81 0 102 1
0007276 1b40000 0 070 1 1 1b47276 1 070 0
00077d0 0112000 0 0bc 0 0 01197d0 0 0bc 0
00083e0 0000000 1 0fe 0 0 00083e0 0 0fe 1
0000000 2ac0000 1 0af 1 0 2abffff 0 0af 1
0007d00 0000000 1 0e4 0 1 0007cff 0 0e4 1
000b628 0000000 1 154 1 0 000b627 1 154 1
000bb02 0000000 1 048 1 0 000bb01 1 048 1
0000000 2f80000 1 0e9 1 0 2f7ffff 0 0e9 1
0009de8 0000000 1 0e0 1 0 0009de7 1 0e0 1
0008426 0000000 1 0fa 0 0 0008426 0 0fa 1
000d22d 02a4000 0 04e 0 0 02b122d 0 04e 0
000af74 0000000 1 11f 0 1 000af73 0 11f 1
000bec9 0000000 1 0ed 0 0 000bec9 0 0ed 1
0000000 3c80000 1 0e3 0 0 3c80000 0 0e3 1
0000000 2f80000 1 05b 1 0 2f7ffff 0 05b 1
000a419 0000000 1 09d 1 0 000a418 1 09d 1
0000000 3080000 1 0c2 1 1 3080000 1 0c2 1
0000000 3600000 1 066 0 1 35fffff 1 066 1
0000000 3880000 1 0d4 1 0 387ffff 0 0d4 1
0008724 0000000 1 0b2 0 0 0008724 0 0b2 1
000ceee 0000000 1 118 0 0 000ceee 0 118 1
0000000 32c0000 1 09d 1 1 32c0000 1 09d 1
0006250 0000000 1 132 0 1 000624f 0 132 1
00074a6 0000000 1 109 0 1 00074a5 0 109 1
0000000 2f80000 1 050 0 1 2f7ffff 1 050 1
000db24 0000002 1 0dd 1 0 000db21 1 0dd 1
0009791 0000d20 0 049 0 1 0008a71 0 049 0
00098d0 0000000 1 0e0 1 0 00098cf 1 0e0 1
0000000 33c0000 1 010 1 0 33bffff 0 010 1
0006688 0000000 1 0ad 1 0 0006687 1 0ad 1
0000000 29c0000 1 0c6 0 0 29c0000 0 0c6 1
000a746 0000000 1 125 0 1 000a745 0 125 1
000e754 0000000 1 0c4 0 0 000e754 0 0c4 1
0009812 0000000 1 0cb 0 0 0009812 0 0cb 1
000bc04 0000033 1 0fd 0 0 000bc37 0 0fd 1
0009088 0000000 1 0b7 1 0 0009087 1 0b7 1
0000000 3280000 1 0db 1 0 327ffff 0 0db 1
0004c87 0000000 1 0e8 1 0 0004c86 1 0e8 1
00084e4 0000000 0 0e1 0 0 00084e4 0 0e1 0
0006600 0000000 1 0c2 0 0 0006600 0 0c2 1
0004d10 0000000 1 0ca 1 0 0004d0f 1 0ca 1
0000000 2040000 1 0dd 1 0 203ffff 0 0dd 1
0000000 2500000 1 0ce 1 0 24fffff 0 0ce 1
00099c0 0000000 1 0c3 1 0 00099bf 1 0c3 1
000a5d8 0000000 1 138 0 1 000a5d7 0 138 1
0000000 2c40000 1 088 0 0 2c40000 0 088 1
0000000 2ec0000 1 0cc 1 1 2ec0000 1 0cc 1
0008130 0000000 1 141 0 0 0008130 0 141 1
0009223 0000000 1 08c 0 0 0009223 0 08c 1
000a751 00000f3 0 06c 1 0 000a65e 1 06c 0
000890c 0000000 1 113 0 1 000890b 0 113 1
000b7c0 0000000 1 139 0 0 000b7c0 0 139 1
0006e0b 0000000 1 0e6 0 1 0006e0a 0 0e6 1
0000000 3900000 1 044 1 1 3900000 1 044 1
000a0d6 0000000 1 0e5 0 1 000a0d5 0 0e5 1
0006243 0005e80 0 0a7 0 1 00003c3 0 0a7 0
0000000 2800000 1 048 0 1 27fffff 1 048 1
0000000 2bc0000 1 0e7 0 0 2bc0000 0 0e7 1
0005280 0000000 1 0e8 1 1 0005280 1 0e8 1
000a07f 0000000 1 0a4 0 1 000a07e 0 0a4 1
0008a78 0000000 1 0b3 1 1 0008a78 1 0b3 1
00082c8 0000000 1 133 0 0 00082c8 0 133 1
0000000 2400000 1 0ba 1 0 23fffff 0 0ba 1
0000000 2780000 1 094 0 1 277ffff 1 094 1
0000000 2240000 1 0e0 0 0 2240000 0 0e0 1
0000000 3b40000 1 0c3 0 0 3b40000 0 0c3 1
0009bac 0000000 1 09b 1 1 0009bac 1 09b 1
0000000 32c0000 1 063 0 1 32bffff 1 063 1
0000000 3800000 1 04a 0 0 3800000 0 04a 1
0008948 0000000 1 087 0 1 0008947 0 087 1
00063c6 0000000 1 0fa 0 0 00063c6 0 0fa 1
0000000 37c0000 1 080 0 1 37bffff 1 080 1
000a82a 0000000 1 0fb 0 0 000a82a 0 0fb 1
0009d1e 0000000 1 0b8 1 0 0009d1d 1 0b8 1
0008cd2 0000000 1 094 0 1 0008cd1 0 094 1
0000000 2d80000 1 0e4 1 1 2d80000 1 0e4 1
000bc2e 0000000 1 096 1 0 000bc2d 1 096 1
0009b78 0000000 1 133 1 1 0009b78 1 133 1
0006ee8 0000000 1 0e2 1 0 0006ee7 1 0e2 1
000638a 0000000 1 0c5 0 1 0006389 0 0c5 1
000e718 0000000 1 14b 1 0 000e717 1 14b 1
0000000 2c00000 1 0af 1 1 2c00000 1 0af 1
0000000 2f80000 1 037 0 0 2f80000 0 037 1
00079a0 0000000 1 0d1 1 0 000799f 1 0d1 1
00093cb 00000ec 0 076 0 0 00094b7 0 076 0
0006afc 0000000 1 16c 0 0 0006afc 0 16c 1
0005e2f 0000000 1 11c 1 0 0005e2e 1 11c 1
0000000 38c0000 1 0d3 0 0 38c0000 0 0d3 1
00094a0 0000000 1 0c5 0 1 000949f 0 0c5 1
00071b6 0000000 1 0c6 0 1 00071b5 0 0c6 1
0000000 3040000 1 0e4 0 1 303ffff 1 0e4 1
0008458 01cc000 0 047 1 0 01c3ba8 0 047 0
00069c9 0000000 1 09b 0 0 00069c9 0 09b 1
0000000 3ec0000 1 0e3 0 1 3ebffff 1 0e3 1
0000000 3c00000 1 086 1 1 3c00000 1 086 1
000a406 0000000 1 073 0 1 000a405 0 073 1
0000000 3180000 1 0c9 0 0 3180000 0 0c9 1
0000000 2bc0000 1 0cb 1 0 2bbffff 0 0cb 1
000e966 0000000 1 086 0 1 000e965 0 086 1
00076b8 0000000 1 0e6 1 1 00076b8 1 0e6 1
0000000 3f40000 1 07f 0 1 3f3ffff 1 07f 1
0009a71 0000000 1 0fa 1 1 0009a71 1 0fa 1
0000000 2d00000 1 089 1 0 2cfffff 0 089 1
0000000 3cc0000 1 0c4 0 1 3cbffff 1 0c4 1
0005208 0000000 1 08b 1 0 0005207 1 08b 1
00057f0 0000000 1 11f 0 1 00057ef 0 11f 1
000a35c 0000000 1 07c 1 1 000a35c 1 07c 1
000a452 000006d 0 062 1 1 000a4bf 1 062 0
000c07c 0000000 1 0e0 0 0 000c07c 0 0e0 1
0000000 2200000 1 0e3 1 0 21fffff 0 0e3 1
0000000 3280000 1 0dc 1 0 327ffff 0 0dc 1
0000000 2140000 1 0a2 0 1 213ffff 1 0a2 1
00069fc 0000000 1 13d 0 0 00069fc 0 13d 1
0000000 2540000 1 03a 0 1 253ffff 1 03a 1
0008784 0000000 1 12d 1 0 0008783 1 12d 1
0000000 3700000 1 03e 0 0 3700000 0 03e 1
0005606 0000000 1 0dd 0 1 0005605 0 0dd 1
0000000 2740000 1 022 0 0 2740000 0 022 1
0000000 2400000 1 0c3 0 1 23fffff 1 0c3 1
0000000 2740000 1 0ac 0 0 2740000 0 0ac 1
0000000 3d40000 1 065 0 1 3d3ffff 1 065 1
0000000 30c0000 1 008 1 0 30bffff 0 008 1
000506a 0000000 1 12e 1 0 0005069 1 12e 1
0006b9e 0000000 1 0af 1 1 0006b9e 1 0af 1
00080a0 0000000 1 09e 0 0 00080a0 0 09e 1
0008204 0000000 1 139 0 0 0008204 0 139 1
0000000 2540000 1 0ed 1 1 2540000 1 0ed 1
0000000 2600000 1 059 1 0 25fffff 0 059 1
0000000 3c80000 1 06d 1 0 3c7ffff 0 06d 1
0000000 2780000 1 0a7 1 1 2780000 1 0a7 1
0000000 2480000 1 07c 0 0 2480000 0 07c 1
0000000 3840000 1 0a1 0 1 383ffff 1 0a1 1
0005ad6 0000000 1 0ef 0 0 0005ad6 0 0ef 1
000736e 0000000 1 0ba 1 0 000736d 1 0ba 1
00080fc 0000000 1 0fc 0 1 00080fb 0 0fc 1
0007ba2 0000000 1 0cd 0 0 0007ba2 0 0cd 1
0008316 0a70000 0 0aa 1 0 0a67cea 0 0aa 0
000a80c 0000000 1 086 0 0 000a80c 0 086 1
00096e7 00002c8 0 0c7 0 0 00099af 0 0c7 0
0000000 3180000 1 056 1 1 3180000 1 056 1
0000000 23c0000 1 017 1 0 23bffff 0 017 1
0000000 3bc0000 1 08d 0 0 3bc0000 0 08d 1
0006e28 0000000 1 106 1 1 0006e28 1 106 1
0000000 2040000 1 06f 0 1 203ffff 1 06f 1
00096c8 0000000 1 0bb 1 0 00096c7 1 0bb 1
0000000 3340000 1 082 0 1 333ffff 1 082 1
000a2c0 0000000 1 062 1 1 000a2c0 1 062 1
0000000 3340000 1 07e 0 0 3340000 0 07e 1
0000000 3280000 1 0c1 1 0 327ffff 0 0c1 1
0000000 3140000 1 0b2 1 1 3140000 1 0b2 1
0000000 2b00000 1 06a 0 1 2afffff 1 06a 1
0000000 2bc0000 1 0ca 1 1 2bc0000 1 0ca 1
000b883 0000000 1 098 0 1 000b882 0 098 1
000c144 0000000 1 0dd 0 1 000c143 0 0dd 1
000ef2a 0000000 1 0cd 1 1 000ef2a 1 0cd 1
0000000 2340000 1 06f 0 1 233ffff 1 06f 1
000a950 0000009 1 0af 1 0 000a946 1 0af 1
0000000 3600000 1 076 1 1 3600000 1 076 1
0000000 2280000 1 067 0 1 227ffff 1 067 1
0000000 38c0000 1 073 0 0 38c0000 0 073 1
000718e 0000000 1 065 0 1 000718d 0 065 1
0000000 37c0000 1 0ce 0 1 37bffff 1 0ce 1
00060e0 0000000 1 073 0 1 00060df 0 073 1
0000000 3900000 1 094 0 0 3900000 0 094 1
0009272 0000000 1 01f 1 0 0009271 1 01f 1
0000000 2980000 1 0e7 1 0 297ffff 0 0e7 1
0007c2b 0000042 0 0b6 1 0 0007be9 1 0b6 0
0000000 39c0000 1 03e 0 1 39bffff 1 03e 1
0000000 22c0000 1 084 0 0 22c0000 0 084 1
00077e6 0000000 1 0e5 0 0 00077e6 0 0e5 1
0000000 2300000 1 0b7 1 0 22fffff 0 0b7 1
00098da 0000000 1 137 1 1 00098da 1 137 1
000a5c4 0000000 1 0a0 0 1 000a5c3 0 0a0 1
000c77b 0000000 1 081 0 1 000c77a 0 081 1
0007ac4 0000000 1 106 1 0 0007ac3 1 106 1
0000000 2e40000 1 052 0 0 2e40000 0 052 1
0000000 3ac0000 1 072 1 0 3abffff 0 072 1
0000000 3800000 1 0b4 1 0 37fffff 0 0b4 1
0009c40 0000000 1 020 0 0 0009c40 0 020 1
0000000 2400000 1 029 1 0 23fffff 0 029 1
0000000 3c40000 1 0ed 1 1 3c40000 1 0ed 1
00065e2 0000000 1 0cd 1 1 00065e2 1 0cd 1
00058e0 0000000 1 13e 0 0 00058e0 0 13e 1
000c1dd 0000000 1 06e 0 0 000c1dd 0 06e 1
0000000 3d40000 1 075 1 1 3d40000 1 075 1
0000000 3c40000 1 040 0 0 3c40000 0 040 1
0007c76 0000000 1 0a9 1 0 0007c75 1 0a9 1
0000000 3100000 1 094 1 0 30fffff 0 094 1
000461b 0000000 1 12c 0 0 000461b 0 12c 1
000b826 0000000 1 0ee 0 1 000b825 0 0ee 1
0000000 3a00000 1 0a6 0 0 3a00000 0 0a6 1
000717a 0000000 1 10c 1 0 0007179 1 10c 1
0004fbd 0000000 1 0d5 0 0 0004fbd 0 0d5 1
00082a1 0000000 1 07b 1 1 00082a1 1 07b 1
0000000 2880000 1 0e3 1 1 2880000 1 0e3 1
000807a 0000000 1 127 1 0 0008079 1 127 1
0000000 2b40000 1 0cd 0 1 2b3ffff 1 0cd 1
000ac80 0000000 1 0d9 1 0 000ac7f 1 0d9 1
0000000 36c0000 1 060 1 1 36c0000 1 060 1
0000000 33c0000 1 0a9 0 0 33c0000 0 0a9 1
0000000 27c0000 1 05e 1 1 27c0000 1 05e 1
000a420 0000000 1 0fc 1 1 000a420 1 0fc 1
0000000 2540000 1 0bc 1 1 2540000 1 0bc 1
0000000 3200000 1 0d5 1 1 3200000 1 0d5 1
0000000 26c0000 1 0bd 1 1 26c0000 1 0bd 1
00085e6 0000000 1 0d1 1 1 00085e6 1 0d1 1
0000000 2640000 1 0ba 1 0 263ffff 0 0ba 1
000c1ca 0000000 1 060 1 0 000c1c9 1 060 1
0000000 2ec0000 1 0a9 0 1 2ebffff 1 0a9 1
000a183 0000000 1 11d 0 0 000a183 0 11d 1
0000000 3000000 1 076 0 0 3000000 0 076 1
0000000 23c0000 1 0d8 1 1 23c0000 1 0d8 1
000b0fc 0000000 1 06b 1 0 000b0fb 1 06b 1
0000000 2d00000 1 0e9 0 0 2d00000 0 0e9 1
0000000 2c80000 1 0d3 0 1 2c7ffff 1 0d3 1
00061ea 0000000 1 14d 0 1 00061e9 0 14d 1
0006f60 0000000 1 077 0 1 0006f5f 0 077 1
000b130 0000000 1 0e5 1 1 000b130 1 0e5 1
0008f6a 0000000 1 093 0 1 0008f69 0 093 1
000ca97 0000000 1 13e 0 1 000ca96 0 13e 1
0000000 27c0000 1 099 1 0 27bffff 0 099 1
0000000 3340000 1 06d 0 1 333ffff 1 06d 1
0004eb6 0000000 1 0ac 1 1 0004eb6 1 0ac 1
0006c44 0000000 1 12f 0 1 0006c43 0 12f 1
0005f00 0000000 1 106 1 0 0005eff 1 106 1
0000000 24c0000 1 0af 0 1 24bffff 1 0af 1
0007f7c 0000000 1 04e 0 0 0007f7c 0 04e 1
000c606 0000000 1 09c 0 0 000c606 0 09c 1
0000000 3080000 1 3fa 0 1 307ffff 1 3fa 1
0000000 3f80000 1 089 1 1 3f80000 1 089 1
0007640 0000000 1 0a0 0 0 0007640 0 0a0 1
000c4c2 0000000 1 0e5 1 0 000c4c1 1 0e5 1
0009c3f 0000000 1 0b2 0 0 0009c3f 0 0b2 1
0000000 3700000 1 0b7 0 1 36fffff 1 0b7 1
0000000 3d80000 1 0da 1 1 3d80000 1 0da 1
000a584 0000000 1 13e 0 1 000a583 0 13e 1
0000000 3480000 1 0b6 1 0 347ffff 0 0b6 1
0000000 31c0000 1 086 1 1 31c0000 1 086 1
0000000 2d00000 1 0b4 0 1 2cfffff 1 0b4 1
0000000 22c0000 1 03e 1 0 22bffff 0 03e 1
0000000 2ac0000 1 09b 0 1 2abffff 1 09b 1
000aad9 0000000 1 0c9 0 0 000aad9 0 0c9 1
0000000 28c0000 1 3f9 1 1 28c0000 1 3f9 1
0009b34 0000000 1 0db 1 0 0009b33 1 0db 1
0004e34 0000000 1 0e7 0 1 0004e33 0 0e7 1
000cb49 0000000 1 0ec 0 0 000cb49 0 0ec 1
0000000 3640000 1 0dd 0 0 3640000 0 0dd 1
0000000 2dc0000 1 0bf 1 0 2dbffff 0 0bf 1
0000000 33c0000 1 0a4 1 1 33c0000 1 0a4 1
0000000 32c0000 1 0cb 1 0 32bffff 0 0cb 1
0000000 3e00000 1 026 0 1 3dfffff 1 026 1
00049bc 0000000 1 114 1 0 00049bb 1 114 1
000701c 0000000 1 0ac 1 0 000701b 1 0ac 1
0000000 2c80000 1 0ee 1 1 2c80000 1 0ee 1
0000000 3d40000 1 0a4 1 0 3d3ffff 0 0a4 1
000c99c 0000000 1 075 1 1 000c99c 1 075 1
000a39e 0000000 1 101 1 0 000a39d 1 101 1
0000000 2a40000 1 060 1 1 2a40000 1 060 1
000a329 0000000 1 0e0 0 0 000a329 0 0e0 1
0005b70 0000000 1 0a3 0 0 0005b70 0 0a3 1
000954c 0000000 1 0c5 1 1 000954c 1 0c5 1
000669c 0000000 1 039 0 1 000669b 0 039 1
0007e24 0000000 1 0ca 0 0 0007e24 0 0ca 1
0000000 3800000 1 098 0 1 37fffff 1 098 1
0009cb0 0000000 1 0f2 1 0 0009caf 1 0f2 1
0005000 0000000 1 0eb 1 0 0004fff 1 0eb 1
0007700 0000000 1 0dc 0 0 0007700 0 0dc 1
0000000 3380000 1 047 0 1 337ffff 1 047 1
000b54a 0000000 1 14e 1 0 000b549 1 14e 1
000b814 0000000 1 0b1 1 0 000b813 1 0b1 1
0000000 3340000 1 0bd 0 0 3340000 0 0bd 1
0008e3b 0000000 1 086 1 1 0008e3b 1 086 1
0000000 2e80000 1 0b3 1 1 2e80000 1 0b3 1
000a8fb 0000000 1 0d8 1 0 000a8fa 1 0d8 1
000ea75 0000000 1 0eb 1 0 000ea74 1 0eb 1
0000000 28c0000 1 0cc 0 1 28bffff 1 0cc 1
0004f4c 0000000 1 090 0 0 0004f4c 0 090 1
0000000 2f80000 1 063 0 0 2f80000 0 063 1
000969c 0014200 0 0ea 1 0 000ab64 0 0ea 0
0000000 2ac0000 1 043 1 0 2abffff 0 043 1
000a9ca 0000030 1 072 1 0 000a999 1 072 1
0009506 0000000 1 07e 1 0 0009505 1 07e 1
00066ee 0000000 1 11f 0 0 00066ee 0 11f 1
0000000 3280000 1 0b1 1 1 3280000 1 0b1 1
0000000 3180000 1 040 0 1 317ffff 1 040 1
000c5c0 0000000 1 072 1 1 000c5c0 1 072 1
0008fd0 0000000 1 066 0 1 0008fcf 0 066 1
0005780 0000000 1 112 1 1 0005780 1 112 1
0000000 3200000 1 0d8 1 1 3200000 1 0d8 1
0000000 2340000 1 039 0 1 233ffff 1 039 1
0006446 0000000 1 0df 1 0 0006445 1 0df 1
0000000 3100000 1 08e 1 0 30fffff 0 08e 1
0000000 2480000 1 03d 1 0 247ffff 0 03d 1
0000000 3b80000 1 0ca 0 0 3b80000 0 0ca 1
0000000 3480000 1 089 0 1 347ffff 1 089 1
0000000 3d00000 1 0e0 0 1 3cfffff 1 0e0 1
0000000 2240000 0 0ab 0 0 2240000 0 0ab 0
0000000 2e40000 1 0d6 0 0 2e40000 0 0d6 1
000635d 0000000 1 075 0 0 000635d 0 075 1
0000000 2a00000 1 00c 1 1 2a00000 1 00c 1
0006e62 2cc0000 0 07f 0 0 2cc6e62 0 07f 0
0009914 0000000 1 128 1 1 0009914 1 128 1
0000000 3880000 1 0da 1 0 387ffff 0 0da 1
0000000 3c40000 1 097 1 0 3c3ffff 0 097 1
0005580 0000000 1 115 1 1 0005580 1 115 1
0000000 2800000 1 061 0 0 2800000 0 061 1
0000000 2d40000 1 03a 0 1 2d3ffff 1 03a 1
0000000 3280000 1 0b5 1 0 327ffff 0 0b5 1
00057a8 0000000 1 102 1 1 00057a8 1 102 1
0000000 3cc0000 1 027 1 1 3cc0000 1 027 1
000c15c 0026c00 0 06b 1 0 001aaa4 0 06b 0
0007f26 0000000 1 0bc 0 1 0007f25 0 0bc 1
0000000 3340000 1 0d5 1 1 3340000 1 0d5 1
0000000 29c0000 1 084 1 0 29bffff 0 084 1
0008643 0000000 1 093 0 0 0008643 0 093 1
00057d4 0000000 1 109 0 1 00057d3 0 109 1
0000000 3b80000 1 09f 1 1 3b80000 1 09f 1
0004ddc 0000000 1 097 1 1 0004ddc 1 097 1
0000000 2700000 1 0e7 1 1 2700000 1 0e7 1
0008a48 0000000 1 06c 0 0 0008a48 0 06c 1
0000000 2c80000 1 080 0 0 2c80000 0 080 1
0000000 2c00000 1 0ec 1 0 2bfffff 0 0ec 1
000b9cc 0000000 1 115 0 0 000b9cc 0 115 1
000c05d 0000000 1 085 1 0 000c05c 1 085 1
0000000 2c40000 1 0b8 0 0 2c40000 0 0b8 1
0000000 3800000 1 0cc 0 0 3800000 0 0cc 1
000952f 0000000 1 064 0 1 000952e 0 064 1
000a5f8 0000000 1 0ca 1 0 000a5f7 1 0ca 1
0000000 2c00000 1 088 0 0 2c00000 0 088 1
0000000 3940000 1 0c8 0 1 393ffff 1 0c8 1
000af9a 0142000 0 0a6 1 1 014cf9a 1 0a6 0
000a712 0005d00 0 0ea 0 0 0010412 0 0ea 0
0000000 3080000 1 0f1 1 0 307ffff 0 0f1 1
0000000 2340000 1 0bc 1 1 2340000 1 0bc 1
00079b3 0000000 1 0c4 1 1 00079b3 1 0c4 1
000cb34 0000000 1 0fd 0 0 000cb34 0 0fd 1
0000000 2540000 1 001 0 1 253ffff 1 001 1
0006620 0000000 1 104 1 1 0006620 1 104 1
00067b6 0000000 1 093 1 0 00067b5 1 093 1
0000000 2440000 1 094 0 1 243ffff 1 094 1
0009420 0000000 1 0e7 1 0 000941f 1 0e7 1
0000000 2640000 1 0cd 0 0 2640000 0 0cd 1
0000000 2000000 1 0c0 1 0 1ffffff 0 0c0 1
0000000 3bc0000 1 0ed 0 1 3bbffff 1 0ed 1
0008bbf 0000000 1 0e0 0 0 0008bbf 0 0e0 1
0007c99 0000000 1 0d8 0 1 0007c98 0 0d8 1
0000000 2e00000 1 0c8 1 1 2e00000 1 0c8 1
000d6c2 0000000 1 067 0 1 000d6c1 0 067 1
0000000 38c0000 1 00c 1 0 38bffff 0 00c 1
000b00d 0000000 1 0dc 0 0 000b00d 0 0dc 1
0000000 2f40000 1 09a 1 1 2f40000 1 09a 1
000cf42 0000000 1 05f 0 0 000cf42 0 05f 1
0000000 3c80000 1 025 0 0 3c80000 0 025 1
0005d30 0000000 1 0c3 1 1 0005d30 1 0c3 1
0000000 3f00000 1 0cc 1 1 3f00000 1 0cc 1
000d381 0000000 1 0b6 1 0 000d380 1 0b6 1
0005c49 0000000 1 0a4 0 1 0005c48 0 0a4 1
00081fc 0000000 1 079 1 0 00081fb 1 079 1
0007290 0000000 1 0a0 1 1 0007290 1 0a0 1
000ac3b 0000000 1 0b9 1 0 000ac3a 1 0b9 1
0005908 00000a6 0 02d 1 1 00059ae 1 02d 0
0000000 3840000 1 0d4 0 0 3840000 0 0d4 1
0008bbf 0000000 1 10f 0 1 0008bbe 0 10f 1
0000000 3ac0000 1 0bb 1 0 3abffff 0 0bb 1
0007a0c 0000000 1 0a2 1 1 0007a0c 1 0a2 1
00077bc 0000000 1 070 1 1 00077bc 1 070 1
0000000 3e80000 1 0e0 1 1 3e80000 1 0e0 1
0005b0d 0000000 1 096 0 0 0005b0d 0 096 1
0008fe6 0000000 1 0e8 1 0 0008fe5 1 0e8 1
0005325 0000000 1 024 1 1 0005325 1 024 1
0000000 34c0000 1 05a 1 1 34c0000 1 05a 1
000d53b 0000000 1 118 1 1 000d53b 1 118 1
0009ab0 0000000 1 0bf 1 0 0009aaf 1 0bf 1
00092fb 0000000 1 08a 1 1 00092fb 1 08a 1
000c888 0000000 1 077 1 1 000c888 1 077 1
0000000 2500000 1 3f9 0 1 24fffff 1 3f9 1
0000000 3e80000 1 0f3 1 0 3e7ffff 0 0f3 1
0000000 20c0000 1 0ed 1 1 20c0000 1 0ed 1
000dd2b 0000000 1 091 0 1 000dd2a 0 091 1
0000000 2100000 1 0e6 0 0 2100000 0 0e6 1
00078f8 0000000 1 082 1 1 00078f8 1 082 1
0000000 3700000 1 087 1 0 36fffff 0 087 1
0000000 2500000 1 07c 0 1 24fffff 1 07c 1
0000000 3240000 1 091 0 0 3240000 0 091 1
0009597 0000000 1 086 1 0 0009596 1 086 1
00065b8 0000000 1 07c 0 1 00065b7 0 07c 1
0000000 3900000 1 0d9 1 0 38fffff 0 0d9 1
0000000 2840000 1 037 0 1 283ffff 1 037 1
0000000 2e40000 1 0a2 0 1 2e3ffff 1 0a2 1
00072c6 0000000 1 0f6 0 0 00072c6 0 0f6 1
00079f6 3500000 0 07c 1 0 34f860a 0 07c 0
0008f20 0000000 1 131 1 0 0008f1f 1 131 1
00057cb 0000000 1 033 1 0 00057ca 1 033 1
000bc2f 0000000 1 128 0 0 000bc2f 0 128 1
0000000 2380000 1 05f 0 1 237ffff 1 05f 1
0009bef 0011c00 0 0d8 0 1 0008011 1 0d8 0
0006d44 0000000 1 09c 1 0 0006d43 1 09c 1
0000000 3d00000 1 06a 0 1 3cfffff 1 06a 1
00088e6 0000000 1 08e 0 1 00088e5 0 08e 1
0000000 3a40000 1 097 0 1 3a3ffff 1 097 1
0000000 2a00000 1 0a0 1 1 2a00000 1 0a0 1
000578a 0038c00 0 03d 1 1 003e38a 1 03d 0
0000000 3580000 1 0dc 1 0 357ffff 0 0dc 1
000a5c0 0000000 1 0c2 1 0 000a5bf 1 0c2 1
0000000 2cc0000 1 042 0 1 2cbffff 1 042 1
0000000 2a80000 1 021 0 0 2a80000 0 021 1
0000000 2e00000 1 0e2 0 0 2e00000 0 0e2 1
0009798 0000000 1 118 0 0 0009798 0 118 1
0007980 0000000 1 0fb 0 0 0007980 0 0fb 1
0000000 31c0000 1 0cf 1 1 31c0000 1 0cf 1
000781f 000a400 0 045 1 1 0011c1f 1 045 0
0000000 3140000 1 0eb 1 0 313ffff 0 0eb 1
000a408 0000000 1 045 0 1 000a407 0 045 1
000e678 0000000 1 105 1 0 000e677 1 105 1
0000000 3b40000 1 084 1 1 3b40000 1 084 1
0000000 37c0000 1 0d2 0 1 37bffff 1 0d2 1
000a348 0000010 1 040 1 1 000a358 1 040 1
0005343 0001700 0 00e 0 0 0006a43 0 00e 0
0000000 2080000 1 0b7 0 1 207ffff 1 0b7 1
0005d22 0000000 1 118 1 0 0005d21 1 118 1
0000000 2900000 1 07b 1 1 2900000 1 07b 1
0000000 2c40000 1 0bc 0 1 2c3ffff 1 0bc 1
0008aca 0000000 1 110 0 1 0008ac9 0 110 1
0000000 3200000 1 0ef 0 0 3200000 0 0ef 1
0000000 2900000 1 094 0 1 28fffff 1 094 1
0007814 0000000 1 093 0 1 0007813 0 093 1
0005517 0000000 1 16f 0 1 0005516 0 16f 1
0000000 2140000 0 017 0 1 2140000 1 017 0
00084f2 0000000 1 110 1 1 00084f2 1 110 1
0006b0d 0000000 1 105 0 0 0006b0d 0 105 1
0000000 3140000 1 0e4 0 0 3140000 0 0e4 1
0000000 31c0000 1 0d3 0 1 31bffff 1 0d3 1
0000000 3fc0000 1 09e 1 0 3fbffff 0 09e 1
0009775 0000000 1 114 0 0 0009775 0 114 1
0009f3e 0000000 1 0b7 1 0 0009f3d 1 0b7 1
0000000 24c0000 1 0c7 1 0 24bffff 0 0c7 1
0000000 3b40000 1 066 1 1 3b40000 1 066 1
0000000 2d00000 1 00b 1 0 2cfffff 0 00b 1
0009096 0000000 1 0ff 0 0 0009096 0 0ff 1
0008256 0000000 1 0ca 1 0 0008255 1 0ca 1
0000000 3040000 1 0e0 0 1 303ffff 1 0e0 1
0000000 24c0000 1 0b5 0 0 24c0000 0 0b5 1
0007953 0000000 1 0ff 0 1 0007952 0 0ff 1
0000000 33c0000 1 0db 1 1 33c0000 1 0db 1
000788a 0000000 1 14a 1 1 000788a 1 14a 1
0000000 31c0000 1 079 1 0 31bffff 0 079 1
0000000 3bc0000 1 065 0 1 3bbffff 1 065 1
0000000 2b00000 1 042 1 1 2b00000 1 042 1
0006e80 0000000 1 065 1 0 0006e7f 1 065 1
0008e98 0000000 1 080 0 0 0008e98 0 080 1
0005fb9 0000000 1 141 1 1 0005fb9 1 141 1
0009872 0000000 1 0f3 0 0 0009872 0 0f3 1
000b98a 00001fe 0 080 0 1 000b78c 0 080 0
00063c9 000004a 0 066 1 1 0006413 1 066 0
000dee1 0000000 1 113 1 0 000dee0 1 113 1
0008f3e 0001080 0 041 0 1 0007ebe 0 041 0
0000000 2bc0000 1 0d4 1 1 2bc0000 1 0d4 1
0000000 2840000 1 04a 1 1 2840000 1 04a 1
0007ae8 003b800 0 08c 1 1 00432e8 1 08c 0
000b7ed 0000000 1 116 1 0 000b7ec 1 116 1
0009c18 0000003 0 057 0 0 0009c1b 0 057 0
000bcdc 0000000 1 144 1 0 000bcdb 1 144 1
0008294 0000000 1 06e 1 1 0008294 1 06e 1
0000000 23c0000 1 0ae 1 1 23c0000 1 0ae 1
000833e 0000000 1 056 1 1 000833e 1 056 1
000b202 0000000 1 0a5 1 0 000b201 1 0a5 1
0000000 3b40000 1 0ea 0 0 3b40000 0 0ea 1
00097d4 17e0000 0 065 1 0 17d682c 0 065 0
0000000 2900000 1 0af 1 0 28fffff 0 0af 1
0000000 2980000 1 0a9 1 0 297ffff 0 0a9 1
000825b 0000000 1 13a 0 1 000825a 0 13a 1
000bd42 0000000 1 090 1 0 000bd41 1 090 1
000735f 0000000 1 100 0 0 000735f 0 100 1
0000000 3c40000 1 0a8 0 0 3c40000 0 0a8 1
0000000 3040000 0 017 1 1 3040000 1 017 0
0000000 2f00000 1 05b 1 0 2efffff 0 05b 1
0005d20 0354000 0 054 1 1 0359d20 1 054 0
0000000 2380000 1 0ce 1 1 2380000 1 0ce 1
0008f00 0000000 1 0c4 0 1 0008eff 0 0c4 1
0000000 3bc0000 1 05a 0 1 3bbffff 1 05a 1
0000000 3440000 1 0b2 1 0 343ffff 0 0b2 1
0007fb8 0000000 1 0db 0 0 0007fb8 0 0db 1
0000000 3d00000 1 3fd 0 1 3cfffff 1 3fd 1
000576b 0000000 1 108 1 1 000576b 1 108 1
000a4e2 0000000 1 0bd 1 1 000a4e2 1 0bd 1
0000000 2ec0000 1 0d3 1 0 2ebffff 0 0d3 1
0000000 32c0000 1 04b 0 1 32bffff 1 04b 1
000bc28 0000000 1 0f6 0 1 000bc27 0 0f6 1
0008928 0000000 1 0f9 1 1 0008928 1 0f9 1
000d728 0000000 1 0ad 1 0 000d727 1 0ad 1
0007e15 0000000 1 12c 0 1 0007e14 0 12c 1
0000000 3600000 1 0a3 1 1 3600000 1 0a3 1
0005dd0 0000000 1 086 0 0 0005dd0 0 086 1
0000000 2280000 1 0e3 0 0 2280000 0 0e3 1
0000000 2b40000 1 070 0 1 2b3ffff 1 070 1
0009d92 0000000 1 150 1 1 0009d92 1 150 1
0000000 3180000 1 0ca 0 0 3180000 0 0ca 1
0008dbd 0000000 1 163 1 1 0008dbd 1 163 1
000a22a 0000000 1 10e 1 1 000a22a 1 10e 1
0000000 2dc0000 1 07f 0 0 2dc0000 0 07f 1
0000000 3800000 1 009 0 0 3800000 0 009 1
000ab4f 0000000 1 0f5 1 1 000ab4f 1 0f5 1
0000000 2fc0000 1 098 1 0 2fbffff 0 098 1
0000000 2dc0000 1 03d 0 1 2dbffff 1 03d 1
00098b5 0000000 1 061 0 1 00098b4 0 061 1
0000000 3580000 0 00c 0 0 3580000 0 00c 0
0000000 3d80000 1 0d3 0 1 3d7ffff 1 0d3 1
0000000 3c80000 1 0e8 0 0 3c80000 0 0e8 1
0009b64 0000000 1 142 0 0 0009b64 0 142 1
0000000 3f40000 1 05d 0 0 3f40000 0 05d 1
0000000 26c0000 1 0d2 1 1 26c0000 1 0d2 1
0005da2 0000000 1 10a 0 1 0005da1 0 10a 1
00081d2 0000000 1 056 0 1 00081d1 0 056 1
00093c4 23c0000 0 0a7 0 1 23b6c3c 1 0a7 0
0000000 3e40000 1 0ba 1 1 3e40000 1 0ba 1
0000000 2e00000 1 07e 0 1 2dfffff 1 07e 1
0000000 2000000 1 08f 1 1 2000000 1 08f 1
000bdac 0000000 1 10e 0 1 000bdab 0 10e 1
000aad6 0000003 1 071 0 1 000aad2 0 071 1
000e38a 0000000 1 147 1 0 000e389 1 147 1
00069eb 0000000 1 100 0 0 00069eb 0 100 1
000895f 0000000 1 086 1 0 000895e 1 086 1
000a7c2 0000000 1 0ce 1 0 000a7c1 1 0ce 1
0000000 2f40000 1 0ec 1 0 2f3ffff 0 0ec 1
0004950 0000000 1 12c 1 0 000494f 1 12c 1
0000000 3440000 1 077 1 0 343ffff 0 077 1
0000000 3040000 1 075 1 1 3040000 1 075 1
0000000 3040000 1 096 1 0 303ffff 0 096 1
0000000 3580000 1 0bf 0 0 3580000 0 0bf 1
000b814 0f70000 0 05e 1 0 0f647ec 0 05e 0
0000000 2100000 1 0cc 0 1 20fffff 1 0cc 1
0000000 3e00000 1 0ea 1 0 3dfffff 0 0ea 1
000ae2e 0000000 1 079 0 0 000ae2e 0 079 1
0000000 38c0000 1 08f 1 0 38bffff 0 08f 1
0000000 3fc0000 1 04c 1 0 3fbffff 0 04c 1
0000000 3240000 1 064 1 0 323ffff 0 064 1
000a57d 0000000 1 10e 1 0 000a57c 1 10e 1
0005a1c 0000000 1 122 0 0 0005a1c 0 122 1
00061bc 0000000 1 0a8 0 1 00061bb 0 0a8 1
000999c 0000000 1 06c 1 0 000999b 1 06c 1
0000000 2a40000 1 050 1 1 2a40000 1 050 1
0009b64 0000000 1 117 0 1 0009b63 0 117 1
0000000 2440000 1 0e6 1 0 243ffff 0 0e6 1
0006c87 0000000 1 0a7 1 1 0006c87 1 0a7 1
0004e73 0000000 1 102 0 0 0004e73 0 102 1
0000000 2400000 1 042 0 0 2400000 0 042 1
0000000 3c40000 1 0b4 0 0 3c40000 0 0b4 1
0008bc8 0000026 1 0d0 1 0 0008ba1 1 0d0 1
00096d5 0000000 1 05e 1 1 00096d5 1 05e 1
0000000 3440000 1 04b 0 1 343ffff 1 04b 1
000a680 0000000 1 125 1 1 000a680 1 125 1
0000000 3c40000 1 0ec 1 1 3c40000 1 0ec 1
0007a4d 0000000 1 052 0 1 0007a4c 0 052 1
0000000 2ac0000 1 0c9 0 0 2ac0000 0 0c9 1
0000000 3180000 1 0ec 1 0 317ffff 0 0ec 1
0000000 2700000 1 08d 0 1 26fffff 1 08d 1
0000000 20c0000 1 080 0 1 20bffff 1 080 1
000820c 0000000 1 083 1 1 000820c 1 083 1
0007cfb 0000000 1 124 0 0 0007cfb 0 124 1
0007ae8 00000d0 0 037 1 1 0007bb8 1 037 0
0008c62 0000000 1 0d4 0 1 0008c61 0 0d4 1
0000000 26c0000 1 0ae 0 0 26c0000 0 0ae 1
00088d6 0000000 1 0c9 0 1 00088d5 0 0c9 1
0000000 2d40000 1 0a6 1 1 2d40000 1 0a6 1
000705a 0000000 1 0df 0 0 000705a 0 0df 1
000c1b4 0000000 1 0bc 1 0 000c1b3 1 0bc 1
0000000 2240000 1 0e5 1 1 2240000 1 0e5 1
0000000 3a80000 1 0de 0 1 3a7ffff 1 0de 1
0005724 0000000 1 092 1 1 0005724 1 092 1
000e978 0000000 1 14c 1 1 000e978 1 14c 1
0006a90 0000000 1 054 0 0 0006a90 0 054 1
0006680 0000000 1 0ce 0 1 000667f 0 0ce 1
00077a0 0000000 1 0b5 1 1 00077a0 1 0b5 1
000649e 0000000 1 083 1 0 000649d 1 083 1
0006d1a 0000000 1 15a 1 1 0006d1a 1 15a 1
000b304 0000000 1 05c 0 0 000b304 0 05c 1
0000000 2e00000 1 01c 0 1 2dfffff 1 01c 1
0008232 0000000 1 0fe 0 1 0008231 0 0fe 1
0009f63 0000000 1 162 0 0 0009f63 0 162 1
0000000 3980000 1 0c4 0 1 397ffff 1 0c4 1
0009345 0000000 1 094 1 1 0009345 1 094 1
0000000 3b00000 1 0d8 0 0 3b00000 0 0d8 1
0000000 2440000 1 0be 0 0 2440000 0 0be 1
000bd68 0000000 1 0bd 0 0 000bd68 0 0bd 1
0005e06 0000000 1 041 1 0 0005e05 1 041 1
0009974 0000000 1 071 1 1 0009974 1 071 1
000b662 0000000 1 0a5 1 1 000b662 1 0a5 1
0000000 2e40000 1 0a2 1 1 2e40000 1 0a2 1
0000000 3b00000 1 056 0 1 3afffff 1 056 1
0000000 3f00000 1 06f 0 1 3efffff 1 06f 1
0000000 3b40000 1 0a0 1 1 3b40000 1 0a0 1
0000000 3040000 1 0dd 0 0 3040000 0 0dd 1
0000000 31c0000 1 095 0 1 31bffff 1 095 1
0007c50 0000000 1 05f 0 0 0007c50 0 05f 1
0000000 3d00000 1 097 1 0 3cfffff 0 097 1
00085e0 0000000 1 0d8 1 0 00085df 1 0d8 1
000717e 0000000 1 06c 0 0 000717e 0 06c 1
0008521 0000000 1 0cc 0 0 0008521 0 0cc 1
00067b9 0000000 1 056 1 1 00067b9 1 056 1
0009ed0 0000000 1 0a0 0 0 0009ed0 0 0a0 1
0000000 2d00000 1 02e 1 0 2cfffff 0 02e 1
00076ec 0000000 1 0fe 0 1 00076eb 0 0fe 1
00078cf 0000000 1 054 1 0 00078ce 1 054 1
0006978 0000000 1 090 0 1 0006977 0 090 1
0000000 3500000 1 07e 1 1 3500000 1 07e 1
00093a8 0000000 1 0e4 1 0 00093a7 1 0e4 1
0005970 0000000 1 052 1 0 000596f 1 052 1
0000000 2a80000 1 075 1 1 2a80000 1 075 1
0000000 3c80000 1 06c 1 1 3c80000 1 06c 1
00068a6 0000000 1 046 0 0 00068a6 0 046 1
000472d 01ce000 0 076 1 1 01d272d 1 076 0
0008480 0000000 1 115 0 0 0008480 0 115 1
0000000 20c0000 1 0e7 1 1 20c0000 1 0e7 1
0008cb2 002e400 0 051 1 0 002574e 0 051 0
0006b61 0000000 1 084 1 0 0006b60 1 084 1
00074e9 0b90000 0 0da 1 0 0b88b17 0 0da 0
0000000 3440000 1 028 0 1 343ffff 1 028 1
0000000 3380000 1 0d8 0 1 337ffff 1 0d8 1
00092d0 0000000 1 03d 1 1 00092d0 1 03d 1
000ba86 0000000 1 0b4 1 1 000ba86 1 0b4 1
0000000 3c00000 1 0ae 0 1 3bfffff 1 0ae 1
0000000 32c0000 1 057 0 1 32bffff 1 057 1
0000000 2d40000 1 0ca 1 1 2d40000 1 0ca 1
0000000 2340000 1 0b1 0 1 233ffff 1 0b1 1
00084e2 0000000 1 0dd 1 1 00084e2 1 0dd 1
0000000 3300000 1 065 1 0 32fffff 0 065 1
000858c 0000166 0 101 0 0 00086f2 0 101 0
0005b16 1ec0000 0 0af 0 0 1ec5b16 0 0af 0
0009ab9 0000000 1 0e6 1 0 0009ab8 1 0e6 1
000aa91 0000000 1 0b6 1 1 000aa91 1 0b6 1
000a290 0000000 1 0d7 0 1 000a28f 0 0d7 1
000d328 0000000 1 0ce 0 1 000d327 0 0ce 1
0008e1c 0000000 1 102 0 1 0008e1b 0 102 1
0000000 3b40000 1 045 0 0 3b40000 0 045 1
0006cee 0000022 1 061 0 0 0006d10 0 061 1
0000000 2080000 1 079 0 0 2080000 0 079 1
000bde0 0000000 1 095 0 1 000bddf 0 095 1
000bff4 0000000 1 0ef 0 0 000bff4 0 0ef 1
0000000 3640000 1 076 1 1 3640000 1 076 1
00062bd 0000000 1 05f 1 1 00062bd 1 05f 1
0005550 0000000 1 073 1 0 000554f 1 073 1
0000000 3000000 1 093 0 0 3000000 0 093 1
000a154 0000000 1 124 0 0 000a154 0 124 1
00053d4 0000000 1 0be 0 1 00053d3 0 0be 1
0000000 2800000 1 0e5 1 0 27fffff 0 0e5 1
00067c0 0000000 1 0a0 1 0 00067bf 1 0a0 1
0000000 3bc0000 1 0d4 1 1 3bc0000 1 0d4 1
00081e2 0005b00 0 03c 1 1 000dce2 1 03c 0
000a1b0 000000e 1 063 1 0 000a1a1 1 063 1
00082ec 0000000 1 102 0 0 00082ec 0 102 1
0008b56 0000000 1 104 1 0 0008b55 1 104 1
0005d99 000006d 1 013 0 0 0005e06 0 013 1
0009bdc 0000000 1 070 1 1 0009bdc 1 070 1
0000000 2c00000 1 07f 0 0 2c00000 0 07f 1
0000000 2100000 1 089 0 1 20fffff 1 089 1
0006f6d 0000000 1 0c8 1 0 0006f6c 1 0c8 1
0008ed2 0000000 1 14e 1 0 0008ed1 1 14e 1
000d900 0000ac0 0 0a0 1 1 000e3c0 1 0a0 0
0000000 38c0000 1 0eb 0 0 38c0000 0 0eb 1
0000000 3080000 1 016 1 1 3080000 1 016 1
0007fe0 0000000 1 140 0 0 0007fe0 0 140 1
0000000 3c00000 1 0c3 0 1 3bfffff 1 0c3 1
000607c 0000000 1 13c 1 0 000607b 1 13c 1
0000000 2280000 1 0e4 1 0 227ffff 0 0e4 1
0008fc0 0000000 1 12f 0 1 0008fbf 0 12f 1
0007da0 0000000 1 168 0 0 0007da0 0 168 1
0000000 2a80000 1 00a 0 0 2a80000 0 00a 1
00086ce 0000000 1 0a2 0 0 00086ce 0 0a2 1
0007ef9 0000000 1 06b 0 0 0007ef9 0 06b 1
00067d2 0000000 1 08c 1 1 00067d2 1 08c 1
0000000 3340000 1 029 0 1 333ffff 1 029 1
0000000 2200000 1 075 1 0 21fffff 0 075 1
0000000 2880000 1 092 1 1 2880000 1 092 1
0000000 3fc0000 1 0d5 0 1 3fbffff 1 0d5 1
0000000 3600000 1 0d2 0 0 3600000 0 0d2 1
0007cba 0000000 1 122 0 0 0007cba 0 122 1
000af87 0000000 1 0de 1 0 000af86 1 0de 1
0000000 2ec0000 1 0b3 0 0 2ec0000 0 0b3 1
000f324 0000000 1 0c4 1 0 000f323 1 0c4 1
0000000 3400000 1 024 1 0 33fffff 0 024 1
0000000 3d00000 1 052 1 1 3d00000 1 052 1
0000000 22c0000 1 08b 0 0 22c0000 0 08b 1
000b162 0000000 1 0a9 1 0 000b161 1 0a9 1
00058fc 0000000 1 13e 0 0 00058fc 0 13e 1
0000000 2b80000 1 0e3 0 1 2b7ffff 1 0e3 1
0000000 3040000 1 08c 1 1 3040000 1 08c 1
0007996 0000000 1 09e 1 1 0007996 1 09e 1
0000000 3fc0000 1 0e2 0 1 3fbffff 1 0e2 1
0000000 24c0000 1 0b6 0 1 24bffff 1 0b6 1
0000000 20c0000 1 0da 0 0 20c0000 0 0da 1
00079f6 0000000 1 076 0 1 00079f5 0 076 1
0000000 2980000 1 099 0 1 297ffff 1 099 1
0000000 3e00000 1 066 1 1 3e00000 1 066 1
0000000 3c40000 1 0ae 1 0 3c3ffff 0 0ae 1
000a6e8 0000000 1 151 1 1 000a6e8 1 151 1
0008877 0000000 1 112 0 1 0008876 0 112 1
0007551 0005300 0 0a4 0 1 0002251 0 0a4 0
0009f90 0000000 1 07b 1 1 0009f90 1 07b 1
0008e3e 0000000 1 077 0 0 0008e3e 0 077 1
0008912 0000000 1 0f5 1 0 0008911 1 0f5 1
000655e 0000000 1 07c 1 1 000655e 1 07c 1
0000000 2d80000 1 094 1 0 2d7ffff 0 094 1
000d026 0000000 1 104 0 1 000d025 0 104 1
0000000 2c80000 1 0f2 0 0 2c80000 0 0f2 1
0000000 2580000 1 09a 1 1 2580000 1 09a 1
0000000 2900000 1 08e 0 0 2900000 0 08e 1
0004f28 0000000 1 0ea 1 1 0004f28 1 0ea 1
0000000 2dc0000 1 070 1 0 2dbffff 0 070 1
0000000 3f80000 1 0ca 0 0 3f80000 0 0ca 1
0000000 3400000 1 0e6 1 0 33fffff 0 0e6 1
0000000 34c0000 1 0cf 0 1 34bffff 1 0cf 1
0000000 33c0000 1 09d 0 1 33bffff 1 09d 1
0000000 2940000 1 0ed 0 0 2940000 0 0ed 1
0000000 23c0000 1 04d 0 1 23bffff 1 04d 1
000954c 0000000 1 05f 1 1 000954c 1 05f 1
0009740 0002200 0 02b 1 0 0007540 1 02b 0
0000000 3b40000 1 0db 0 0 3b40000 0 0db 1
0006d46 0000000 1 106 1 0 0006d45 1 106 1
0008468 0000000 1 0e0 0 0 0008468 0 0e0 1
0006c80 0000000 1 0ba 0 0 0006c80 0 0ba 1
0000000 3e40000 1 077 0 1 3e3ffff 1 077 1
000f619 0000000 1 064 0 0 000f619 0 064 1
0008ac6 0000000 1 075 1 0 0008ac5 1 075 1
000ade8 0000000 1 12c 1 1 000ade8 1 12c 1
0000000 2700000 1 09f 1 1 2700000 1 09f 1
0000000 2500000 1 04a 0 1 24fffff 1 04a 1
0008241 0000000 1 07a 1 0 0008240 1 07a 1
0007128 00007a0 0 0f4 0 1 0006988 0 0f4 0
000ae06 0000000 1 08a 1 1 000ae06 1 08a 1
0000000 3900000 1 071 0 1 38fffff 1 071 1
0007df0 0000000 1 063 0 1 0007def 0 063 1
0006594 0000000 1 088 1 1 0006594 1 088 1
0000000 2f40000 1 0b0 0 1 2f3ffff 1 0b0 1
0000000 3840000 1 075 1 0 383ffff 0 075 1
0007080 0000000 1 10f 0 0 0007080 0 10f 1
0000000 2500000 1 075 0 0 2500000 0 075 1
000781e 0000000 1 0f5 0 0 000781e 0 0f5 1
000b054 0000000 1 106 0 1 000b053 0 106 1
0007038 0000000 1 0fa 0 1 0007037 0 0fa 1
0000000 3dc0000 1 06b 1 1 3dc0000 1 06b 1
0000000 2f80000 1 029 1 0 2f7ffff 0 029 1
0005f42 0000000 1 0e2 1 1 0005f42 1 0e2 1
0005fac 0000000 1 0fd 1 0 0005fab 1 0fd 1
00087ca 0000000 1 110 1 0 00087c9 1 110 1
0000000 3bc0000 1 0e3 0 0 3bc0000 0 0e3 1
000da70 00007c0 0 0b4 1 0 000d2b0 1 0b4 0
0007d07 0000000 1 097 1 1 0007d07 1 097 1
0007e0a 0000000 1 0f6 0 1 0007e09 0 0f6 1
0000000 3180000 1 067 1 1 3180000 1 067 1
00069b4 0000000 1 0da 1 0 00069b3 1 0da 1
0006432 0000000 1 0aa 0 1 0006431 0 0aa 1
0000000 2980000 1 0a0 0 1 297ffff 1 0a0 1
0008610 0000000 1 090 0 1 000860f 0 090 1
00099a2 00006b0 0 0b0 1 0 00092f2 1 0b0 0
000cd22 0000000 1 0db 1 1 000cd22 1 0db 1
0009a46 0000890 0 063 1 0 00091b6 1 063 0
0000000 2100000 1 07b 0 1 20fffff 1 07b 1
000964f 0000000 1 0a3 1 0 000964e 1 0a3 1
0000000 2980000 1 0c0 0 1 297ffff 1 0c0 1
0007e54 0248000 0 0d0 1 1 024fe54 1 0d0 0
000a156 24c0000 0 030 0 1 24b5eaa 1 030 0
0000000 3040000 1 0b3 1 0 303ffff 0 0b3 1
0000000 3040000 1 0a4 0 1 303ffff 1 0a4 1
000790d 0000000 1 0c1 0 1 000790c 0 0c1 1
0000000 26c0000 1 0b0 0 0 26c0000 0 0b0 1
0000000 2500000 1 05a 1 0 24fffff 0 05a 1
0009f4b 0000358 0 0f9 1 1 000a2a3 1 0f9 0
0000000 3580000 1 068 1 0 357ffff 0 068 1
000686c 0000086 0 0bd 1 1 00068f2 1 0bd 0
000dc50 0000000 1 0a7 1 0 000dc4f 1 0a7 1
0000000 3d80000 1 0d2 0 0 3d80000 0 0d2 1
0000000 2140000 1 09a 0 0 2140000 0 09a 1
0000000 3dc0000 1 05a 1 0 3dbffff 0 05a 1
000b902 0000000 1 082 1 1 000b902 1 082 1
0007f50 0000000 1 083 1 0 0007f4f 1 083 1
0006f08 0000000 1 0ec 1 0 0006f07 1 0ec 1
0000000 3400000 1 06f 0 0 3400000 0 06f 1
0009736 0000000 1 099 0 1 0009735 0 099 1
000b7ba 0000000 1 0b7 1 0 000b7b9 1 0b7 1
000705f 0000007 1 016 0 1 0007057 0 016 1
0000000 2d40000 1 0a0 0 0 2d40000 0 0a0 1
0000000 2000000 1 0e4 0 1 1ffffff 1 0e4 1
000a384 0000001 1 0ad 0 0 000a385 0 0ad 1
000b42d 0000000 1 10b 1 1 000b42d 1 10b 1
0000000 2dc0000 1 06f 0 1 2dbffff 1 06f 1
0006cb1 0000000 1 0e1 0 1 0006cb0 0 0e1 1
0008340 0000000 1 0be 1 0 000833f 1 0be 1
0005868 0000000 1 087 0 0 0005868 0 087 1
0009c10 0000000 1 059 0 0 0009c10 0 059 1
0000000 3bc0000 1 03b 1 1 3bc0000 1 03b 1
0000000 2500000 1 0c4 0 1 24fffff 1 0c4 1
000ab70 0000000 1 0c4 1 0 000ab6f 1 0c4 1
000af23 0000000 1 048 1 0 000af22 1 048 1
0000000 3d00000 1 0ea 0 1 3cfffff 1 0ea 1
0000000 2240000 1 08a 0 1 223ffff 1 08a 1
0000000 2c80000 1 0c3 0 0 2c80000 0 0c3 1
000af28 0000000 1 031 0 0 000af28 0 031 1
0000000 2980000 1 096 1 1 2980000 1 096 1
0000000 2280000 1 0ae 0 0 2280000 0 0ae 1
0000000 2e80000 1 081 0 0 2e80000 0 081 1
0000000 3100000 1 079 0 1 30fffff 1 079 1
000526a 0000000 1 0b9 0 0 000526a 0 0b9 1
0006d00 0000000 1 0e1 1 0 0006cff 1 0e1 1
0000000 3c00000 1 0e3 0 0 3c00000 0 0e3 1
000ab54 0000000 1 09f 1 1 000ab54 1 09f 1
0000000 3440000 1 0c0 0 0 3440000 0 0c0 1
0000000 2680000 1 048 0 0 2680000 0 048 1
000ab30 0000000 1 0f3 0 1 000ab2f 0 0f3 1
0000000 2340000 1 0b2 0 0 2340000 0 0b2 1
0000000 29c0000 1 0aa 1 1 29c0000 1 0aa 1
0008241 1380000 0 01d 1 0 1377dbf 0 01d 0
0009798 0000000 1 0ba 1 1 0009798 1 0ba 1
0000000 3b40000 1 049 1 1 3b40000 1 049 1
0000000 2300000 1 09c 1 1 2300000 1 09c 1
000633b 000038c 0 083 1 1 00066c7 1 083 0
000bd74 0000000 1 0d9 1 0 000bd73 1 0d9 1
0000000 3e40000 1 09f 0 0 3e40000 0 09f 1
000b2d4 0000000 1 072 1 1 000b2d4 1 072 1
000a830 0000000 1 0c2 0 1 000a82f 0 0c2 1
0000000 3c00000 1 08a 1 1 3c00000 1 08a 1
0000000 2580000 1 0d1 0 1 257ffff 1 0d1 1
00060e6 0000000 1 0bb 0 1 00060e5 0 0bb 1
0000000 3d40000 1 0bd 0 0 3d40000 0 0bd 1
00059a6 0000000 1 018 1 1 00059a6 1 018 1
00082f2 0000000 1 0bd 1 0 00082f1 1 0bd 1
000dd43 0000000 1 088 1 1 000dd43 1 088 1
0000000 3000000 1 0df 1 1 3000000 1 0df 1
0000000 2680000 1 07f 0 1 267ffff 1 07f 1
000884e 0000000 1 0db 1 1 000884e 1 0db 1
0000000 3640000 1 043 0 1 363ffff 1 043 1
0000000 3fc0000 1 0ea 1 0 3fbffff 0 0ea 1
0000000 2f80000 1 0c1 1 0 2f7ffff 0 0c1 1
0007826 0000000 1 054 1 0 0007825 1 054 1
0000000 3380000 1 058 1 1 3380000 1 058 1
0007440 000001d 1 0fa 1 1 000745d 1 0fa 1
0000000 3540000 1 0a9 1 1 3540000 1 0a9 1
0000000 2b80000 1 0d5 0 1 2b7ffff 1 0d5 1
000b7a0 0000000 1 162 0 1 000b79f 0 162 1
0006918 0000000 1 0c4 1 1 0006918 1 0c4 1
0000000 2e00000 1 0b4 0 1 2dfffff 1 0b4 1
0000000 3e00000 1 028 1 0 3dfffff 0 028 1
000a308 0000000 1 14f 1 0 000a307 1 14f 1
000ca9e 0000000 1 0ea 1 0 000ca9d 1 0ea 1
0000000 3340000 1 092 1 0 333ffff 0 092 1
0005832 0000000 1 155 0 0 0005832 0 155 1
0000000 35c0000 1 01a 0 1 35bffff 1 01a 1
0000000 3500000 1 01e 0 0 3500000 0 01e 1
0000000 2cc0000 1 0b4 1 1 2cc0000 1 0b4 1
0009a54 0000000 1 0ae 0 1 0009a53 0 0ae 1
000829a 0000000 1 0b3 0 0 000829a 0 0b3 1
0000000 2e40000 1 0c6 0 1 2e3ffff 1 0c6 1
000c40e 0000000 1 0a9 1 0 000c40d 1 0a9 1
0000000 3100000 1 0c5 0 1 30fffff 1 0c5 1
0008d26 000fd00 0 0a1 0 1 0006fda 1 0a1 0
000ca26 0000000 1 0bc 1 1 000ca26 1 0bc 1
0006180 0550000 0 0aa 1 0 0549e80 0 0aa 0
0006e05 0000000 1 13b 1 1 0006e05 1 13b 1
0000000 3f80000 1 0db 1 1 3f80000 1 0db 1
0004e93 0000000 1 0b5 1 0 0004e92 1 0b5 1
0000000 3300000 1 084 1 1 3300000 1 084 1
0000000 3040000 1 0c5 0 1 303ffff 1 0c5 1
0000000 2580000 1 0dd 0 0 2580000 0 0dd 1
0007e0a 0000000 1 0c6 1 1 0007e0a 1 0c6 1
000622e 0006e00 0 058 0 1 0000bd2 1 058 0
0000000 2e00000 1 0c4 0 0 2e00000 0 0c4 1
000b910 0000000 1 107 1 1 000b910 1 107 1
00070db 0000000 1 10c 0 1 00070da 0 10c 1
0000000 2580000 1 06c 1 0 257ffff 0 06c 1
00073f2 0000000 1 0e6 0 1 00073f1 0 0e6 1
0009e20 0000000 1 101 1 1 0009e20 1 101 1
000a140 0000000 1 08d 0 0 000a140 0 08d 1
0000000 3800000 1 0c6 0 0 3800000 0 0c6 1
0000000 2d80000 1 0f0 0 0 2d80000 0 0f0 1
0000000 3800000 1 0d3 1 0 37fffff 0 0d3 1
0000000 3a00000 1 0ce 1 0 39fffff 0 0ce 1
000c8d0 0000000 1 057 1 0 000c8cf 1 057 1
0000000 3540000 1 050 0 1 353ffff 1 050 1
0006d00 0618000 0 0aa 1 1 061ed00 1 0aa 0
000d5b3 0000000 1 0f8 0 0 000d5b3 0 0f8 1
0008640 0000000 1 106 0 0 0008640 0 106 1
0007d20 0000000 1 049 1 0 0007d1f 1 049 1
0000000 2740000 1 04b 0 0 2740000 0 04b 1
0000000 2200000 1 0b2 0 1 21fffff 1 0b2 1
0000000 3100000 1 084 0 0 3100000 0 084 1
0000000 22c0000 1 0c1 0 1 22bffff 1 0c1 1
000942c 0000009 0 07f 0 0 0009435 0 07f 0
0000000 3780000 1 0ca 0 0 3780000 0 0ca 1
0000000 2100000 1 074 1 0 20fffff 0 074 1
0009399 0000000 1 0eb 1 1 0009399 1 0eb 1
0000000 3680000 1 0d2 1 1 3680000 1 0d2 1
0008d60 0000000 1 0fd 0 1 0008d5f 0 0fd 1
0000000 2240000 1 0a9 1 0 223ffff 0 0a9 1
0006fd9 0000000 1 0b8 0 1 0006fd8 0 0b8 1
0007c86 0000000 1 048 0 0 0007c86 0 048 1
0000000 3380000 1 0bd 0 1 337ffff 1 0bd 1
0000000 3000000 1 05d 0 1 2ffffff 1 05d 1
000705a 0000000 1 078 0 0 000705a 0 078 1
000c126 0148000 0 026 1 0 013beda 0 026 0
0005a30 0000000 1 0a4 0 0 0005a30 0 0a4 1
0000000 3240000 1 04e 0 0 3240000 0 04e 1
000807a 0000000 1 09d 1 1 000807a 1 09d 1
000aa28 0000000 1 0f0 0 1 000aa27 0 0f0 1
0008f64 0000000 1 036 1 1 0008f64 1 036 1
0000000 3c40000 1 0e2 0 1 3c3ffff 1 0e2 1
0000000 2ac0000 1 0d3 0 1 2abffff 1 0d3 1
0000000 3700000 1 057 0 0 3700000 0 057 1
0006e37 0b90000 0 06c 0 0 0b96e37 0 06c 0
0000000 3100000 1 0e9 1 0 30fffff 0 0e9 1
000bf84 0000000 1 111 1 1 000bf84 1 111 1
000d900 0000000 1 148 1 1 000d900 1 148 1
0000000 29c0000 1 073 1 1 29c0000 1 073 1
0000000 3ec0000 1 0cf 0 1 3ebffff 1 0cf 1
00077e6 0000000 1 063 0 0 00077e6 0 063 1
0005fb4 0000000 1 0d7 1 1 0005fb4 1 0d7 1
0000000 3640000 1 0a5 0 0 3640000 0 0a5 1
00073ee 0000000 1 139 0 0 00073ee 0 139 1
0000000 39c0000 1 080 0 1 39bffff 1 080 1
0000000 2080000 1 067 0 0 2080000 0 067 1
0000000 3980000 1 038 0 1 397ffff 1 038 1
0000000 3d40000 1 0ac 1 1 3d40000 1 0ac 1
0007a04 0000000 1 0ec 0 1 0007a03 0 0ec 1
00059b8 0000000 1 139 0 1 00059b7 0 139 1
0000000 3680000 1 0f2 0 1 367ffff 1 0f2 1
000b1e4 0000000 1 118 0 0 000b1e4 0 118 1
00096d4 0000000 1 0e9 0 0 00096d4 0 0e9 1
000911c 0000000 1 139 1 0 000911b 1 139 1
0000000 2500000 1 0be 1 0 24fffff 0 0be 1
0006e73 0000000 1 0c8 1 1 0006e73 1 0c8 1
0008bc2 0000000 1 0a7 1 1 0008bc2 1 0a7 1
000dc2c 0018400 0 0e0 1 1 002602c 1 0e0 0
00085ad 0000000 1 0b3 0 1 00085ac 0 0b3 1
0007620 0000000 1 0a1 0 1 000761f 0 0a1 1
000e548 0000000 1 05b 0 0 000e548 0 05b 1
0006c2a 0000000 1 0dc 0 1 0006c29 0 0dc 1
0000000 3000000 1 0bb 0 1 2ffffff 1 0bb 1
0000000 3e80000 1 075 1 1 3e80000 1 075 1
000a87e 0000000 1 144 1 0 000a87d 1 144 1
0000000 26c0000 1 0c4 0 1 26bffff 1 0c4 1
0000000 20c0000 1 0d0 0 1 20bffff 1 0d0 1
000ce7a 0b40000 0 0cf 0 0 0b4ce7a 0 0cf 0
000708c 000006a 0 019 1 0 0007022 1 019 0
0000000 2bc0000 1 0e3 0 1 2bbffff 1 0e3 1
0000000 2280000 1 0de 0 1 227ffff 1 0de 1
0000000 3540000 1 0aa 0 1 353ffff 1 0aa 1
00092df 0000000 1 070 0 0 00092df 0 070 1
0000000 3140000 1 078 0 0 3140000 0 078 1
000a65c 0000000 1 0ec 1 0 000a65b 1 0ec 1
0006ce8 0000000 1 0db 1 0 0006ce7 1 0db 1
00087a0 0000000 1 0a4 1 0 000879f 1 0a4 1
0000000 3fc0000 1 0c5 1 0 3fbffff 0 0c5 1
0005df0 0000000 1 0be 0 1 0005def 0 0be 1
000b646 0000000 1 09b 1 1 000b646 1 09b 1
000da0e 000001b 1 045 0 1 000d9f2 0 045 1
0000000 2b00000 1 0e7 0 0 2b00000 0 0e7 1
0000000 28c0000 1 0ed 0 0 28c0000 0 0ed 1
0000000 22c0000 1 085 0 1 22bffff 1 085 1
0000000 3500000 1 0b3 1 1 3500000 1 0b3 1
000501f 0000000 1 0b4 0 0 000501f 0 0b4 1
0008c04 0000000 1 064 1 0 0008c03 1 064 1
000a608 0006880 0 0da 0 1 0003d88 0 0da 0
000b400 0000005 1 0e7 1 1 000b405 1 0e7 1
000a8f6 0000000 1 0b2 0 0 000a8f6 0 0b2 1
0000000 2fc0000 1 06c 1 1 2fc0000 1 06c 1
0000000 3d80000 1 0d7 0 0 3d80000 0 0d7 1
0000000 2900000 1 066 0 1 28fffff 1 066 1
0000000 2880000 1 0b9 1 0 287ffff 0 0b9 1
0000000 2540000 1 08e 1 0 253ffff 0 08e 1
000736b 0000000 1 09b 1 1 000736b 1 09b 1
0009e85 0000000 1 0a3 1 0 0009e84 1 0a3 1
0000000 2c00000 1 091 1 0 2bfffff 0 091 1
0000000 3780000 1 0dd 0 0 3780000 0 0dd 1
000d9c6 0000000 1 0e9 0 1 000d9c5 0 0e9 1
0006c1a 0000000 1 137 1 0 0006c19 1 137 1
000c314 0000000 1 09e 0 1 000c313 0 09e 1
00056b0 0000000 1 0a1 0 1 00056af 0 0a1 1
000cde0 0000000 1 0dc 1 1 000cde0 1 0dc 1
000e39a 0000000 1 0fc 0 0 000e39a 0 0fc 1
0000000 3180000 1 0be 0 0 3180000 0 0be 1
0000000 2540000 1 0c7 0 1 253ffff 1 0c7 1
0000000 2940000 1 0b6 0 1 293ffff 1 0b6 1
0000000 3d00000 1 0c1 1 0 3cfffff 0 0c1 1
0000000 2fc0000 1 0d8 1 1 2fc0000 1 0d8 1
000aa3d 0000000 1 0e9 1 1 000aa3d 1 0e9 1
0000000 27c0000 1 0b5 0 0 27c0000 0 0b5 1
0000000 3fc0000 1 0e9 0 0 3fc0000 0 0e9 1
0007a5e 0000000 1 061 0 1 0007a5d 0 061 1
0005b6d 0000000 1 0ee 1 0 0005b6c 1 0ee 1
0004f80 0000000 1 10a 1 1 0004f80 1 10a 1
0007ce2 0000000 1 091 1 0 0007ce1 1 091 1
000586e 0000000 1 12b 0 0 000586e 0 12b 1
000a504 00007d0 0 092 0 1 0009d34 0 092 0
0000000 2bc0000 1 0b0 0 1 2bbffff 1 0b0 1
0000000 2ac0000 1 08a 0 0 2ac0000 0 08a 1
00078f0 0000000 1 142 0 1 00078ef 0 142 1
000910a 0000000 1 12a 1 0 0009109 1 12a 1
0000000 26c0000 1 039 1 1 26c0000 1 039 1
0000000 37c0000 1 073 0 0 37c0000 0 073 1
0006c12 0000000 1 091 0 1 0006c11 0 091 1
000bd42 0000000 1 05f 1 0 000bd41 1 05f 1
0000000 2d40000 1 0bf 0 1 2d3ffff 1 0bf 1
0007227 0000000 1 088 0 0 0007227 0 088 1
0000000 2a40000 1 0ac 0 1 2a3ffff 1 0ac 1
0000000 2c80000 1 09b 0 0 2c80000 0 09b 1
0007cfb 0000000 1 0c3 0 0 0007cfb 0 0c3 1
0000000 2940000 0 018 0 0 2940000 0 018 0
0000000 3e00000 1 0f1 1 1 3e00000 1 0f1 1
0004827 0000000 1 06b 0 0 0004827 0 06b 1
0000000 2ac0000 1 080 1 1 2ac0000 1 080 1
0005610 0000000 1 109 1 1 0005610 1 109 1
0008b6a 0000000 1 0e1 0 1 0008b69 0 0e1 1
000822d 0000000 1 0c2 0 1 000822c 0 0c2 1
0000000 3e00000 1 046 1 0 3dfffff 0 046 1
0000000 3540000 1 01c 0 1 353ffff 1 01c 1
0000000 3ac0000 1 0e6 0 0 3ac0000 0 0e6 1
0000000 3fc0000 1 0c4 0 1 3fbffff 1 0c4 1
0000000 3300000 1 0c6 0 1 32fffff 1 0c6 1
0000000 2540000 1 0dd 1 0 253ffff 0 0dd 1
000901a 0000000 1 08f 1 1 000901a 1 08f 1
0007230 0000000 1 084 0 1 000722f 0 084 1
0000000 3180000 1 0aa 1 1 3180000 1 0aa 1
000af60 0000000 1 0ab 0 0 000af60 0 0ab 1
0000000 3dc0000 1 0ef 1 1 3dc0000 1 0ef 1
0006e3f 0c50000 0 010 0 0 0c56e3f 0 010 0
0000000 3f40000 1 0d4 0 1 3f3ffff 1 0d4 1
0009ed8 0000000 1 0d8 0 1 0009ed7 0 0d8 1
0000000 3a00000 1 06a 1 0 39fffff 0 06a 1
000941a 0000000 1 042 1 1 000941a 1 042 1
0000000 3040000 1 0e0 1 1 3040000 1 0e0 1
0000000 3a40000 1 061 0 1 3a3ffff 1 061 1
000ac0c 0000000 1 11f 0 1 000ac0b 0 11f 1
0000000 3d80000 1 0ad 0 0 3d80000 0 0ad 1
0000000 3540000 1 0e6 0 1 353ffff 1 0e6 1
0000000 2c00000 1 0cf 0 0 2c00000 0 0cf 1
0009d80 0000000 1 0d1 1 0 0009d7f 1 0d1 1
0000000 30c0000 1 0d4 0 0 30c0000 0 0d4 1
0000000 34c0000 1 0d4 0 1 34bffff 1 0d4 1
0005280 0000000 1 121 0 0 0005280 0 121 1
000a22a 0000000 1 095 0 1 000a229 0 095 1
000dc44 0000000 1 0ab 0 0 000dc44 0 0ab 1
0000000 3940000 1 041 1 1 3940000 1 041 1
0006eb4 0000000 1 0e1 1 0 0006eb3 1 0e1 1
0000000 2f40000 1 0cd 1 0 2f3ffff 0 0cd 1
0007408 0000042 1 106 1 1 000744a 1 106 1
0000000 3d40000 1 0ad 1 1 3d40000 1 0ad 1
0005514 0000000 1 090 1 1 0005514 1 090 1
00098f8 0000000 1 086 0 0 00098f8 0 086 1
0004c2c 0000000 1 0bc 1 0 0004c2b 1 0bc 1
0008c6c 0000000 1 05f 1 0 0008c6b 1 05f 1
0008770 0022800 0 09a 1 0 001a090 0 09a 0
0007f26 0000000 1 0b2 1 1 0007f26 1 0b2 1
0007b52 0000000 1 083 0 0 0007b52 0 083 1
000a6ae 0000000 1 0da 1 0 000a6ad 1 0da 1
0008820 0000002 1 0a7 0 0 0008822 0 0a7 1
0000000 3e80000 1 0db 1 0 3e7ffff 0 0db 1
0000000 2c80000 1 0b7 0 1 2c7ffff 1 0b7 1
0000000 2280000 1 0a3 1 0 227ffff 0 0a3 1
000a384 0000000 1 14c 1 1 000a384 1 14c 1
0000000 2b40000 1 0c1 1 1 2b40000 1 0c1 1
0008c82 0000000 1 0b0 0 0 0008c82 0 0b0 1
000c4d4 0000000 1 0a8 1 0 000c4d3 1 0a8 1
000b478 0000000 1 078 1 1 000b478 1 078 1
0000000 2980000 1 098 1 0 297ffff 0 098 1
0006d8c 0000000 1 0bf 1 0 0006d8b 1 0bf 1
0000000 3980000 1 055 0 0 3980000 0 055 1
0008291 0000000 1 0e9 1 1 0008291 1 0e9 1
0000000 3d00000 1 0d1 0 1 3cfffff 1 0d1 1
0000000 2f00000 1 0c4 0 1 2efffff 1 0c4 1
0007290 0000000 1 0fb 1 0 000728f 1 0fb 1
000849e 0000000 1 0f2 0 0 000849e 0 0f2 1
0000000 3140000 1 071 0 1 313ffff 1 071 1
0008066 0000000 1 106 1 0 0008065 1 106 1
000880b 0000000 1 0bf 1 0 000880a 1 0bf 1
000582c 0000000 1 0c2 1 1 000582c 1 0c2 1
0000000 2440000 1 0a0 0 1 243ffff 1 0a0 1
0000000 2dc0000 1 07f 1 0 2dbffff 0 07f 1
0009e16 0000000 1 0a9 0 0 0009e16 0 0a9 1
000ab3a 0000000 1 06f 1 0 000ab39 1 06f 1
0007898 0000000 1 11e 0 0 0007898 0 11e 1
00070e0 0000000 1 0f7 0 1 00070df 0 0f7 1
000855a 0000000 1 0d2 1 0 0008559 1 0d2 1
0000000 2300000 1 0f3 0 0 2300000 0 0f3 1
000a2f0 0000000 1 135 0 0 000a2f0 0 135 1
000cc1a 0000000 1 0dd 0 0 000cc1a 0 0dd 1
0000000 3900000 1 0e7 1 0 38fffff 0 0e7 1
0000000 3500000 1 09a 0 0 3500000 0 09a 1
0000000 3500000 1 01f 1 1 3500000 1 01f 1
0000000 2e80000 1 09f 0 1 2e7ffff 1 09f 1
000ee51 0000000 1 0db 1 0 000ee50 1 0db 1
0009088 0000000 1 04d 1 0 0009087 1 04d 1
0008f34 00002b4 0 067 1 1 00091e8 1 067 0
0000000 23c0000 1 055 0 0 23c0000 0 055 1
000ab3a 0000000 1 0d6 1 1 000ab3a 1 0d6 1
0000000 23c0000 1 0e7 1 1 23c0000 1 0e7 1
0000000 21c0000 1 0a2 1 1 21c0000 1 0a2 1
000553f 0000000 1 0fc 1 1 000553f 1 0fc 1
0000000 34c0000 1 08b 1 1 34c0000 1 08b 1
0000000 37c0000 1 3f6 0 1 37bffff 1 3f6 1
0000000 3980000 1 0e9 0 1 397ffff 1 0e9 1
0000000 2f00000 1 023 0 0 2f00000 0 023 1
000da7a 0000000 1 08e 0 1 000da79 0 08e 1
00075c0 0000000 1 06e 0 1 00075bf 0 06e 1
0000000 3840000 1 0cf 0 0 3840000 0 0cf 1
0000000 3040000 1 03a 0 0 3040000 0 03a 1
000601b 0000000 1 104 1 1 000601b 1 104 1
00069b2 1660000 0 00f 0 0 16669b2 0 00f 0
000e88f 0000000 1 090 1 1 000e88f 1 090 1
0000000 3200000 1 07e 1 0 31fffff 0 07e 1
0005ca6 0000000 1 063 1 1 0005ca6 1 063 1
000b638 0000000 1 03a 0 0 000b638 0 03a 1
0006bad 0000000 1 074 0 1 0006bac 0 074 1
0000000 2040000 1 0ef 1 1 2040000 1 0ef 1
000997e 0000000 1 0bf 0 1 000997d 0 0bf 1
0006c87 0000000 1 07c 1 0 0006c86 1 07c 1
0000000 3840000 1 0bb 0 1 383ffff 1 0bb 1
0000000 3c80000 1 085 0 0 3c80000 0 085 1
0000000 3e00000 1 0eb 1 1 3e00000 1 0eb 1
0000000 2840000 1 0c1 0 1 283ffff 1 0c1 1
000b7f4 0000000 1 095 0 1 000b7f3 0 095 1
000722e 0000000 1 083 0 0 000722e 0 083 1
0000000 25c0000 1 0d9 1 1 25c0000 1 0d9 1
0009882 0000000 1 0cc 1 0 0009881 1 0cc 1
000ea55 0000000 1 09f 0 0 000ea55 0 09f 1
000aee2 0000000 1 131 0 0 000aee2 0 131 1
000750c 0000000 1 101 1 1 000750c 1 101 1
0000000 3500000 1 0c1 1 0 34fffff 0 0c1 1
0000000 2f80000 1 026 1 0 2f7ffff 0 026 1
000af54 0000000 1 153 0 1 000af53 0 153 1
0000000 26c0000 1 0dd 0 1 26bffff 1 0dd 1
000da70 0000000 1 0da 0 0 000da70 0 0da 1
000724c 000001b 1 04d 1 1 0007267 1 04d 1
0000000 3100000 1 0c9 0 1 30fffff 1 0c9 1
00081a0 0000007 1 06c 0 1 0008198 0 06c 1
0000000 3f80000 1 038 0 0 3f80000 0 038 1
00096ce 0000000 1 069 1 0 00096cd 1 069 1
0004e18 0000003 1 056 0 1 0004e14 0 056 1
0000000 3a00000 1 0d8 0 0 3a00000 0 0d8 1
0008714 0000000 1 0b1 0 0 0008714 0 0b1 1
0000000 3e00000 1 011 1 1 3e00000 1 011 1
0000000 3c80000 1 0df 1 1 3c80000 1 0df 1
0000000 36c0000 1 0af 0 1 36bffff 1 0af 1
000ac92 0000000 1 091 0 1 000ac91 0 091 1
00077cc 0000000 1 104 0 0 00077cc 0 104 1
0000000 28c0000 1 0dc 1 0 28bffff 0 0dc 1
000c9f4 0000000 1 121 1 1 000c9f4 1 121 1
0004db2 0001700 0 07e 1 1 00064b2 1 07e 0
00062c4 0000000 1 072 0 0 00062c4 0 072 1
000a705 0000000 1 0b4 0 0 000a705 0 0b4 1
0000000 2c80000 1 09e 1 1 2c80000 1 09e 1
0000000 2e00000 1 02d 1 1 2e00000 1 02d 1
0000000 3340000 1 3f7 1 0 333ffff 0 3f7 1
0000000 28c0000 1 080 1 1 28c0000 1 080 1
0000000 2ac0000 1 0de 0 1 2abffff 1 0de 1
0000000 2280000 1 0a7 1 0 227ffff 0 0a7 1
0000000 3740000 1 05d 1 1 3740000 1 05d 1
000a5bb 0000000 1 114 1 0 000a5ba 1 114 1
00099fc 0000000 1 050 1 0 00099fb 1 050 1
00087c8 0000000 1 074 0 0 00087c8 0 074 1
0008ade 0000000 1 09c 0 0 0008ade 0 09c 1
000bade 0000002 1 041 0 1 000badb 0 041 1
0000000 3400000 1 063 1 0 33fffff 0 063 1
0000000 37c0000 1 0d4 1 1 37c0000 1 0d4 1
0005758 0000000 1 111 1 1 0005758 1 111 1
0005180 0000000 1 076 0 1 000517f 0 076 1
0000000 2440000 1 0a8 0 0 2440000 0 0a8 1
0000000 3b00000 1 06b 0 1 3afffff 1 06b 1
0000000 38c0000 1 0be 0 0 38c0000 0 0be 1
0000000 2c00000 1 096 0 0 2c00000 0 096 1
0005bb0 0000000 1 060 1 0 0005baf 1 060 1
0000000 34c0000 1 032 0 1 34bffff 1 032 1
0000000 38c0000 1 056 1 1 38c0000 1 056 1
0000000 2580000 1 05e 0 0 2580000 0 05e 1
00053ca 0000000 1 110 1 0 00053c9 1 110 1
0000000 2e80000 1 050 0 0 2e80000 0 050 1
000b254 0000000 1 153 1 1 000b254 1 153 1
000ba78 0000000 1 13e 1 0 000ba77 1 13e 1
0009178 0000000 1 0c4 0 0 0009178 0 0c4 1
0000000 3fc0000 1 077 0 0 3fc0000 0 077 1
0007aa0 0000000 1 106 1 0 0007a9f 1 106 1
000b172 0000000 1 102 1 0 000b171 1 102 1
0008118 0000000 1 062 1 0 0008117 1 062 1
0000000 28c0000 1 0f0 1 1 28c0000 1 0f0 1
0000000 2080000 1 05d 0 0 2080000 0 05d 1
00088a4 0000000 1 0f4 0 0 00088a4 0 0f4 1
0000000 3c00000 1 023 0 0 3c00000 0 023 1
0000000 2340000 1 00f 0 0 2340000 0 00f 1
0008408 0000000 1 106 0 1 0008407 0 106 1
0000000 2cc0000 1 0b0 0 0 2cc0000 0 0b0 1
0000000 3f80000 1 087 1 1 3f80000 1 087 1
0000000 3080000 1 0db 1 1 3080000 1 0db 1
0000000 36c0000 1 0a4 0 1 36bffff 1 0a4 1
0008dae 0000000 1 075 0 1 0008dad 0 075 1
0000000 2640000 1 064 0 0 2640000 0 064 1
0000000 2300000 1 07e 0 0 2300000 0 07e 1
0000000 3cc0000 1 072 0 0 3cc0000 0 072 1
00073a6 0000000 1 08e 1 0 00073a5 1 08e 1
000d980 0000000 1 0c5 0 1 000d97f 0 0c5 1
0000000 3dc0000 1 0ee 0 0 3dc0000 0 0ee 1
0008250 0000000 1 0a0 1 0 000824f 1 0a0 1
0000000 3780000 1 0e3 0 1 377ffff 1 0e3 1
0000000 2a00000 1 0a9 0 1 29fffff 1 0a9 1
0000000 2cc0000 1 3fc 0 1 2cbffff 1 3fc 1
0000000 2dc0000 1 08b 0 1 2dbffff 1 08b 1
0006bd0 0000000 1 0b5 1 0 0006bcf 1 0b5 1
00074e5 00000b3 0 0d9 1 1 0007598 1 0d9 0
0000000 3140000 1 0a5 0 0 3140000 0 0a5 1
0007d2e 0000000 1 083 0 1 0007d2d 0 083 1
000bfbe 0000000 1 094 1 1 000bfbe 1 094 1
0000000 33c0000 1 08a 0 0 33c0000 0 08a 1
0000000 35c0000 1 0c0 1 0 35bffff 0 0c0 1
0000000 2e80000 1 095 0 1 2e7ffff 1 095 1
0008898 0000000 1 0dd 1 1 0008898 1 0dd 1
000805c 0000000 1 0be 0 1 000805b 0 0be 1
0000000 3dc0000 1 0a3 0 0 3dc0000 0 0a3 1
000bda8 0000000 1 0df 0 0 000bda8 0 0df 1
000a0f8 0000000 1 0c2 1 1 000a0f8 1 0c2 1
0000000 2100000 1 0af 1 1 2100000 1 0af 1
0000000 3540000 1 09c 1 0 353ffff 0 09c 1
0000000 37c0000 1 0b6 1 1 37c0000 1 0b6 1
00074fa 0000000 1 0da 1 0 00074f9 1 0da 1
0000000 20c0000 1 095 0 0 20c0000 0 095 1
0000000 3800000 1 074 0 0 3800000 0 074 1
0000000 3300000 1 09a 1 1 3300000 1 09a 1
0009204 0000000 1 099 0 1 0009203 0 099 1
000bcdc 0000000 1 08d 1 1 000bcdc 1 08d 1
0008064 0000000 1 0a0 1 0 0008063 1 0a0 1
0000000 25c0000 1 088 1 0 25bffff 0 088 1
00077bc 0000000 1 11d 0 0 00077bc 0 11d 1
0008af6 0000000 1 09a 1 1 0008af6 1 09a 1
0000000 24c0000 1 08d 1 0 24bffff 0 08d 1
0008ba6 0000000 1 0b4 1 0 0008ba5 1 0b4 1
0000000 3440000 1 0d6 1 1 3440000 1 0d6 1
0007980 0000000 1 08d 1 0 000797f 1 08d 1
0000000 3d00000 1 0b4 0 1 3cfffff 1 0b4 1
0000000 2680000 1 0a4 0 1 267ffff 1 0a4 1
00093a8 0000000 1 0ad 1 1 00093a8 1 0ad 1
0009852 0000000 1 0d3 1 0 0009851 1 0d3 1
000478e 0000000 1 111 0 1 000478d 0 111 1
0007dd6 0000000 0 064 1 1 0007dd6 1 064 0
0000000 22c0000 1 0d2 1 1 22c0000 1 0d2 1
0000000 2ac0000 1 0ee 1 1 2ac0000 1 0ee 1
000c370 0000000 1 0dd 1 1 000c370 1 0dd 1
0000000 37c0000 1 09d 1 1 37c0000 1 09d 1
0006231 0000000 1 0d6 1 1 0006231 1 0d6 1
0000000 3340000 1 0be 1 0 333ffff 0 0be 1
000701c 0000000 1 0d8 0 0 000701c 0 0d8 1
000a214 0000000 1 159 0 0 000a214 0 159 1
00064f0 3b00000 0 055 1 1 3b064f0 1 055 0
0000000 2a80000 1 0b5 1 0 2a7ffff 0 0b5 1
0007caa 0000000 1 0cd 1 1 0007caa 1 0cd 1
00073f0 0000000 1 0f6 1 1 00073f0 1 0f6 1
0009150 0000000 1 0c8 1 1 0009150 1 0c8 1
0000000 2040000 1 02e 1 0 203ffff 0 02e 1
000981c 0000000 1 107 1 1 000981c 1 107 1
0000000 3e80000 1 0a9 1 0 3e7ffff 0 0a9 1
0000000 3ac0000 1 08d 0 0 3ac0000 0 08d 1
00079e0 0000000 1 0fe 1 0 00079df 1 0fe 1
0000000 31c0000 1 0df 0 1 31bffff 1 0df 1
000817e 0000152 0 072 1 1 00082d0 1 072 0
0000000 2600000 1 098 0 1 25fffff 1 098 1
0000000 2540000 1 0a0 0 0 2540000 0 0a0 1
000de1e 0000000 1 08f 0 0 000de1e 0 08f 1
0000000 36c0000 1 085 1 0 36bffff 0 085 1
00056fe 000001b 1 0c2 0 0 0005719 0 0c2 1
0000000 3cc0000 1 0b8 1 0 3cbffff 0 0b8 1
0000000 3800000 1 072 0 0 3800000 0 072 1
0000000 3180000 1 0d7 1 1 3180000 1 0d7 1
0000000 36c0000 1 0cb 0 0 36c0000 0 0cb 1
0000000 3580000 1 009 1 1 3580000 1 009 1
0000000 2c00000 1 0f0 1 1 2c00000 1 0f0 1
0000000 2280000 1 08d 0 1 227ffff 1 08d 1
000a01a 0000000 1 0d0 0 1 000a019 0 0d0 1
0000000 2740000 1 0e2 0 1 273ffff 1 0e2 1
0006062 0000000 1 080 1 0 0006061 1 080 1
0000000 3d40000 1 0eb 1 0 3d3ffff 0 0eb 1
000be50 0000000 1 0ba 0 1 000be4f 0 0ba 1
0000000 32c0000 1 0f3 1 1 32c0000 1 0f3 1
0000000 2e80000 1 092 0 1 2e7ffff 1 092 1
000f80f 0000000 1 0d3 1 0 000f80e 1 0d3 1
0000000 3900000 1 067 1 1 3900000 1 067 1
0000000 3e00000 1 089 1 1 3e00000 1 089 1
0000000 3340000 1 084 0 0 3340000 0 084 1
0000000 2c00000 1 09e 1 0 2bfffff 0 09e 1
0005c20 0000000 1 067 1 0 0005c1f 1 067 1
000a584 0000000 1 0c2 0 0 000a584 0 0c2 1
000ac44 0000000 1 085 0 1 000ac43 0 085 1
000c4a0 0000000 1 09c 1 1 000c4a0 1 09c 1
0000000 31c0000 1 0e4 1 1 31c0000 1 0e4 1
0000000 2b80000 1 3f8 0 0 2b80000 0 3f8 1
0000000 2d40000 1 05e 0 1 2d3ffff 1 05e 1
000fc04 00002b4 0 05e 0 1 000f950 0 05e 0
0000000 2e40000 1 0b0 1 0 2e3ffff 0 0b0 1
0000000 3a80000 1 08e 1 1 3a80000 1 08e 1
0008538 0000000 1 0cc 0 1 0008537 0 0cc 1
000b18a 0000000 1 141 1 0 000b189 1 141 1
0000000 2640000 1 091 1 0 263ffff 0 091 1
0000000 2b00000 1 0c3 0 0 2b00000 0 0c3 1
000b1c6 0000000 1 0b3 0 0 000b1c6 0 0b3 1
000a758 1400000 0 05f 1 1 140a758 1 05f 0
00078dc 0450000 0 0e3 1 1 04578dc 1 0e3 0
0000000 36c0000 1 061 1 0 36bffff 0 061 1
00085b6 0000000 1 0b9 0 1 00085b5 0 0b9 1
000b00d 0000000 1 0d4 0 1 000b00c 0 0d4 1
0000000 2200000 1 0c8 1 1 2200000 1 0c8 1
000b6fa 0000000 1 097 0 1 000b6f9 0 097 1
0000000 3840000 1 09e 0 1 383ffff 1 09e 1
00092f4 0000000 1 0d2 0 1 00092f3 0 0d2 1
000b108 0000000 1 096 1 0 000b107 1 096 1
00071f9 0000000 1 0e0 1 1 00071f9 1 0e0 1
000777e 0000005 1 0f9 1 1 0007783 1 0f9 1
0000000 2b00000 1 071 0 1 2afffff 1 071 1
0008ff4 0000000 1 0d0 1 1 0008ff4 1 0d0 1
00071e2 0000000 1 0f0 1 1 00071e2 1 0f0 1
000ac60 0000000 1 034 0 1 000ac5f 0 034 1
0000000 3c40000 1 0cd 1 1 3c40000 1 0cd 1
0000000 3e00000 1 0f3 1 1 3e00000 1 0f3 1
0000000 26c0000 1 3fd 0 1 26bffff 1 3fd 1
0000000 3700000 1 0cc 0 1 36fffff 1 0cc 1
000bf1b 000000c 1 0f0 1 0 000bf0e 1 0f0 1
0009884 0000000 1 118 0 0 0009884 0 118 1
0000000 2180000 1 078 1 0 217ffff 0 078 1
00084ed 0000000 1 065 1 1 00084ed 1 065 1
0000000 3bc0000 1 0a9 1 0 3bbffff 0 0a9 1
0007038 0000000 1 0f6 0 0 0007038 0 0f6 1
0000000 2d80000 1 0d6 1 0 2d7ffff 0 0d6 1
0000000 2400000 1 076 1 0 23fffff 0 076 1
000539e 0000000 1 130 0 0 000539e 0 130 1
0000000 3bc0000 1 055 1 0 3bbffff 0 055 1
000a560 0000000 1 118 0 1 000a55f 0 118 1
0000000 2480000 1 0e8 1 0 247ffff 0 0e8 1
0000000 2a00000 1 01f 1 0 29fffff 0 01f 1
000f618 0000000 1 052 1 1 000f618 1 052 1
00092f9 0000000 1 0ed 1 0 00092f8 1 0ed 1
0000000 2900000 1 072 1 0 28fffff 0 072 1
0006bca 0000000 1 063 0 0 0006bca 0 063 1
0005cee 0000000 1 0bf 0 1 0005ced 0 0bf 1
0005fca 0000000 1 14e 1 1 0005fca 1 14e 1
0000000 3300000 1 0bf 1 0 32fffff 0 0bf 1
0000000 39c0000 1 3fb 0 0 39c0000 0 3fb 1
0000000 2100000 1 08b 1 0 20fffff 0 08b 1
0000000 3900000 1 0ed 0 1 38fffff 1 0ed 1
000a7c2 0000000 1 06f 0 1 000a7c1 0 06f 1
000a452 0000000 1 075 0 1 000a451 0 075 1
0000000 3d80000 1 0a4 1 1 3d80000 1 0a4 1
0009f54 0000000 1 133 1 1 0009f54 1 133 1
0007a04 0000000 1 068 0 1 0007a03 0 068 1
0008bd4 0000024 1 067 1 1 0008bf8 1 067 1
0000000 2240000 1 0b7 0 0 2240000 0 0b7 1
0005e65 0000000 1 0cc 1 0 0005e64 1 0cc 1
000c526 0c20000 0 020 1 0 0c13ada 0 020 0
0000000 2c00000 1 063 0 1 2bfffff 1 063 1
0008d40 0000000 1 0e0 0 0 0008d40 0 0e0 1
000cd50 0000000 0 14e 1 0 000cd50 1 14e 0
000e1f0 0000000 1 0bf 0 1 000e1ef 0 0bf 1
0008fb8 000000e 1 046 0 0 0008fc6 0 046 1
0009c8b 0000000 1 0fd 1 1 0009c8b 1 0fd 1
0000000 3200000 1 0f2 1 0 31fffff 0 0f2 1
0008737 0000000 1 01f 0 1 0008736 0 01f 1
00071d9 0000000 1 09f 0 0 00071d9 0 09f 1
0000000 3640000 1 044 0 0 3640000 0 044 1
0000000 3d40000 1 0d6 0 0 3d40000 0 0d6 1
0000000 31c0000 1 06c 1 1 31c0000 1 06c 1
0000000 2880000 1 0cd 0 0 2880000 0 0cd 1
0000000 3a80000 1 011 0 0 3a80000 0 011 1
0009a60 00005f8 0 025 0 1 0009468 0 025 0
0000000 26c0000 1 0ea 0 0 26c0000 0 0ea 1
0000000 2b00000 1 0f1 0 0 2b00000 0 0f1 1
0000000 2640000 1 0dc 1 0 263ffff 0 0dc 1
000ba54 0000000 1 0a4 1 1 000ba54 1 0a4 1
000a7e2 00004a8 0 0b6 0 0 000ac8a 0 0b6 0
000e57e 0000000 1 0d7 1 0 000e57d 1 0d7 1
0006404 0000000 1 11d 1 1 0006404 1 11d 1
0007c4c 0000000 1 09a 1 1 0007c4c 1 09a 1
0000000 3d80000 1 0ce 1 1 3d80000 1 0ce 1
0000000 2a40000 1 065 0 0 2a40000 0 065 1
0006062 0000000 1 0b8 0 1 0006061 0 0b8 1
000864c 0420000 0 0e1 1 0 04179b4 0 0e1 0
0000000 34c0000 1 0c8 1 1 34c0000 1 0c8 1
0000000 38c0000 1 0b6 1 1 38c0000 1 0b6 1
0008972 02b8000 0 04c 0 0 02c0972 0 04c 0
0000000 2ac0000 1 0af 0 0 2ac0000 0 0af 1
000754e 0000000 1 101 0 0 000754e 0 101 1
0009670 0000000 1 079 0 0 0009670 0 079 1
0000000 3c00000 1 0ec 0 1 3bfffff 1 0ec 1
000d272 0000000 1 144 1 0 000d271 1 144 1
000acf3 0000000 1 0c0 0 1 000acf2 0 0c0 1
0000000 35c0000 1 04b 0 0 35c0000 0 04b 1
0009485 0000000 1 109 1 1 0009485 1 109 1
0007b45 0000000 1 0f2 0 0 0007b45 0 0f2 1
000c7e2 0000000 1 147 0 0 000c7e2 0 147 1
0000000 3200000 1 0ca 0 0 3200000 0 0ca 1
0000000 2700000 1 0c0 1 1 2700000 1 0c0 1
0000000 2940000 1 0ee 1 1 2940000 1 0ee 1
0007e8b 0000000 1 09c 0 1 0007e8a 0 09c 1
000a82e 0000000 1 0f1 1 1 000a82e 1 0f1 1
000c4fe 0000000 1 0da 0 0 000c4fe 0 0da 1
0000000 3340000 1 042 1 0 333ffff 0 042 1
0006f08 0000000 1 07b 1 0 0006f07 1 07b 1
00078dc 0048000 0 0b2 0 0 004f8dc 0 0b2 0
0000000 20c0000 1 0d8 0 1 20bffff 1 0d8 1
0000000 26c0000 1 0ce 0 0 26c0000 0 0ce 1
0000000 36c0000 1 08f 0 1 36bffff 1 08f 1
000c06b 0000000 1 06b 1 0 000c06a 1 06b 1
0000000 3880000 1 09c 0 0 3880000 0 09c 1
0004941 0000000 1 0ae 1 0 0004940 1 0ae 1
0000000 3440000 1 0e4 0 1 343ffff 1 0e4 1
000a0d7 0000000 1 0cf 0 1 000a0d6 0 0cf 1
00073f2 0000000 1 0b3 1 0 00073f1 1 0b3 1
0000000 30c0000 1 0d3 0 1 30bffff 1 0d3 1
000518e 0000000 1 0bb 0 0 000518e 0 0bb 1
0000000 27c0000 1 0d3 0 1 27bffff 1 0d3 1
0007e3e 0000000 1 122 0 1 0007e3d 0 122 1
0000000 30c0000 1 06d 0 1 30bffff 1 06d 1
000a653 0000000 1 096 0 1 000a652 0 096 1
0000000 2900000 1 0d5 0 1 28fffff 1 0d5 1
0007215 0000000 1 070 0 0 0007215 0 070 1
0000000 2380000 1 0cc 0 1 237ffff 1 0cc 1
0000000 0000000 1 3f5 1 1 0000000 0 3f5 1
0007f0c 0000000 1 078 0 1 0007f0b 0 078 1
000b02c 0000000 1 0cd 0 1 000b02b 0 0cd 1
00058e0 0000000 1 055 0 0 00058e0 0 055 1
0007d64 000001f 1 022 0 0 0007d83 0 022 1
0000000 2500000 1 0dc 1 0 24fffff 0 0dc 1
000685e 0000000 1 087 0 1 000685d 0 087 1
0008064 0000000 1 114 1 0 0008063 1 114 1
000d476 0000000 1 07c 1 1 000d476 1 07c 1
0000000 30c0000 1 0de 0 1 30bffff 1 0de 1
0007e80 0021000 0 013 1 0 0019180 0 013 0
0000000 2640000 1 0a7 1 0 263ffff 0 0a7 1
0000000 2a40000 1 060 1 0 2a3ffff 0 060 1
0004284 0000000 1 094 1 0 0004283 1 094 1
000a4ae 0000000 1 0ba 1 1 000a4ae 1 0ba 1
000d6c2 0000000 1 087 0 1 000d6c1 0 087 1
0000000 2c00000 1 09c 1 0 2bfffff 0 09c 1
0000000 2e00000 1 0e8 1 1 2e00000 1 0e8 1
0000000 31c0000 1 053 1 0 31bffff 0 053 1
00079e8 0000000 1 0f7 0 1 00079e7 0 0f7 1
00089d0 0000000 1 08a 0 0 00089d0 0 08a 1
0000000 2c80000 1 06a 0 1 2c7ffff 1 06a 1
0007a10 0000000 1 0d5 0 1 0007a0f 0 0d5 1
0009210 0000000 1 09d 0 1 000920f 0 09d 1
00090bc 0000000 1 0c8 0 1 00090bb 0 0c8 1
00094a7 0000000 1 08c 1 1 00094a7 1 08c 1
0000000 3640000 1 0c7 0 1 363ffff 1 0c7 1
000a956 0000000 1 0b1 1 0 000a955 1 0b1 1
0009894 27c0000 0 09d 1 1 27c9894 1 09d 0
000924f 0000000 1 0c2 1 1 000924f 1 0c2 1
00056b0 0000000 1 14e 1 0 00056af 1 14e 1
0000000 3bc0000 1 0c8 1 0 3bbffff 0 0c8 1
000817e 0000000 1 0f2 1 1 000817e 1 0f2 1
0005a3c 0000000 1 0b2 0 0 0005a3c 0 0b2 1
000c3fc 0000000 1 0fd 0 1 000c3fb 0 0fd 1
0000000 2f40000 1 0f3 1 0 2f3ffff 0 0f3 1
0000000 3240000 1 0ee 0 0 3240000 0 0ee 1
0000000 3d80000 1 086 0 1 3d7ffff 1 086 1
0005057 0000000 1 08f 0 0 0005057 0 08f 1
0005191 0000000 1 134 0 0 0005191 0 134 1
0006db6 0000000 1 131 1 0 0006db5 1 131 1
0006480 0000000 1 0d5 0 0 0006480 0 0d5 1
0000000 2200000 1 0e9 1 0 21fffff 0 0e9 1
0000000 3500000 1 0dc 0 1 34fffff 1 0dc 1
00076fa 0000000 1 0c0 0 1 00076f9 0 0c0 1
000cf8a 0000000 1 0e0 1 1 000cf8a 1 0e0 1
0000000 2580000 1 0de 0 1 257ffff 1 0de 1
0000000 2240000 1 0df 1 0 223ffff 0 0df 1
0000000 30c0000 1 045 0 1 30bffff 1 045 1
0000000 3880000 1 06b 1 1 3880000 1 06b 1
0007c60 0000000 1 0c4 0 0 0007c60 0 0c4 1
0000000 2d00000 1 0e0 0 1 2cfffff 1 0e0 1
000ea48 0000000 1 0b6 1 0 000ea47 1 0b6 1
000969c 0000000 1 0aa 0 0 000969c 0 0aa 1
000d3ea 0000000 1 10b 0 0 000d3ea 0 10b 1
0000000 3a00000 1 0ba 1 1 3a00000 1 0ba 1
0000000 30c0000 1 007 1 0 30bffff 0 007 1
000c8ff 0000000 1 070 0 1 000c8fe 0 070 1
000b733 0000000 1 0a2 0 1 000b732 0 0a2 1
0000000 2ac0000 1 0e7 0 0 2ac0000 0 0e7 1
0007e77 0000000 1 054 1 1 0007e77 1 054 1
0009ab0 0000000 1 0dd 0 0 0009ab0 0 0dd 1
000b928 0000000 1 0b3 1 1 000b928 1 0b3 1
0008e3b 0000000 1 0eb 1 1 0008e3b 1 0eb 1
0000000 3fc0000 1 0dd 1 0 3fbffff 0 0dd 1
0000000 2c80000 1 057 0 0 2c80000 0 057 1
0007613 0000000 1 088 0 0 0007613 0 088 1
0000000 31c0000 1 06c 1 1 31c0000 1 06c 1
0000000 3900000 1 0b2 0 0 3900000 0 0b2 1
0000000 2500000 1 0d3 0 1 24fffff 1 0d3 1
000976b 0000000 1 0ed 1 1 000976b 1 0ed 1
000a4ca 0000000 1 0db 1 0 000a4c9 1 0db 1
0006b76 0000000 1 05d 1 0 0006b75 1 05d 1
0000000 27c0000 1 089 0 0 27c0000 0 089 1
0000000 2040000 1 0cb 1 1 2040000 1 0cb 1
0009f84 0000000 1 0b7 0 1 0009f83 0 0b7 1
0000000 3c40000 1 0a4 0 1 3c3ffff 1 0a4 1
0000000 3740000 0 0c0 1 0 3740000 0 0c0 0
0004286 0000000 1 0cb 1 0 0004285 1 0cb 1
0000000 3540000 1 0f0 0 1 353ffff 1 0f0 1
0000000 3b00000 1 0c3 1 0 3afffff 0 0c3 1
0008952 0000000 1 11a 0 1 0008951 0 11a 1
00096de 0000000 1 0ae 1 0 00096dd 1 0ae 1
00080ec 0000000 1 167 0 0 00080ec 0 167 1
000df08 0000000 1 10d 0 1 000df07 0 10d 1
0000000 38c0000 1 088 0 1 38bffff 1 088 1
0007206 0000000 1 138 1 0 0007205 1 138 1
0000000 3d00000 1 0c1 1 1 3d00000 1 0c1 1
0005688 0000000 1 066 1 0 0005687 1 066 1
0000000 3fc0000 1 093 0 0 3fc0000 0 093 1
0000000 2e00000 1 04c 0 1 2dfffff 1 04c 1
000909e 0000000 1 10e 1 1 000909e 1 10e 1
0005429 0000000 1 0d3 0 0 0005429 0 0d3 1
0000000 3000000 1 062 1 0 2ffffff 0 062 1
0000000 3ac0000 1 0e5 0 0 3ac0000 0 0e5 1
000bae0 0000002 1 065 0 0 000bae2 0 065 1
0000000 2e80000 1 07a 0 0 2e80000 0 07a 1
000bd85 0000000 1 167 0 0 000bd85 0 167 1
0000000 2f00000 1 0ba 1 0 2efffff 0 0ba 1
0007569 0000000 1 15c 0 0 0007569 0 15c 1
0000000 2ec0000 1 0b7 1 1 2ec0000 1 0b7 1
0000000 3800000 1 09c 1 0 37fffff 0 09c 1
0008b25 0000000 1 08f 1 1 0008b25 1 08f 1
0000000 2180000 1 0b8 1 1 2180000 1 0b8 1
0007810 0000000 1 14b 1 0 000780f 1 14b 1
0000000 25c0000 1 0a4 0 1 25bffff 1 0a4 1
0007f80 0000000 1 085 1 0 0007f7f 1 085 1
00095c4 0000000 1 10b 1 0 00095c3 1 10b 1
0000000 2000000 1 050 0 0 2000000 0 050 1
0000000 3580000 1 04d 1 0 357ffff 0 04d 1
000dc23 0000000 1 0e0 0 1 000dc22 0 0e0 1
0000000 2e40000 1 0d9 1 0 2e3ffff 0 0d9 1
0000000 3ec0000 1 096 0 1 3ebffff 1 096 1
0008fc6 0000000 1 0dc 0 0 0008fc6 0 0dc 1
0000000 3980000 1 07e 0 0 3980000 0 07e 1
0000000 2d80000 1 0a4 0 0 2d80000 0 0a4 1
00071b2 0000000 1 0b3 0 1 00071b1 0 0b3 1
0000000 34c0000 1 0dc 1 1 34c0000 1 0dc 1
0000000 2680000 1 0dd 1 1 2680000 1 0dd 1
0006180 0000000 1 0c1 1 1 0006180 1 0c1 1
0000000 2540000 1 03e 0 0 2540000 0 03e 1
0000000 2340000 1 06c 0 1 233ffff 1 06c 1
0007fe6 0005d00 0 03c 0 0 000dce6 0 03c 0
0000000 3140000 1 051 0 0 3140000 0 051 1
000bf84 0000000 1 09a 1 1 000bf84 1 09a 1
0008be6 0000000 1 104 0 0 0008be6 0 104 1
0000000 2cc0000 1 09f 1 1 2cc0000 1 09f 1
0000000 3680000 1 0cf 0 1 367ffff 1 0cf 1
0000000 2780000 1 0ea 0 1 277ffff 1 0ea 1
00096ed 0000000 1 0f2 1 0 00096ec 1 0f2 1
00060c0 0000000 1 0c2 1 1 00060c0 1 0c2 1
000cf06 0000034 1 05a 0 1 000ced1 0 05a 1
0005c73 0000000 1 14b 1 1 0005c73 1 14b 1
0000000 3640000 1 056 1 1 3640000 1 056 1
0000000 2140000 1 098 1 1 2140000 1 098 1
0007dc8 0000000 1 134 0 1 0007dc7 0 134 1
0000000 3140000 1 0c9 1 1 3140000 1 0c9 1
0000000 3740000 1 076 1 0 373ffff 0 076 1
0000000 3c00000 1 018 1 0 3bfffff 0 018 1
000ab1a 0000000 1 0cc 1 0 000ab19 1 0cc 1
0000000 2880000 1 0ed 1 0 287ffff 0 0ed 1
000ccd0 0000000 1 06b 1 0 000cccf 1 06b 1
0000000 3080000 1 094 0 1 307ffff 1 094 1
0000000 3440000 1 089 0 1 343ffff 1 089 1
0000000 2e00000 1 063 0 1 2dfffff 1 063 1
00065d6 0000001 1 0e6 1 1 00065d7 1 0e6 1
0000000 3c80000 1 092 0 0 3c80000 0 092 1
0000000 2c80000 1 0ef 1 0 2c7ffff 0 0ef 1
0000000 3d40000 1 0bf 1 1 3d40000 1 0bf 1
0000000 2580000 1 0d6 1 1 2580000 1 0d6 1
0006f91 0000000 1 061 0 0 0006f91 0 061 1
0006936 0000000 1 11b 0 0 0006936 0 11b 1
000838a 0000000 1 0cb 1 1 000838a 1 0cb 1
0005d75 0000000 1 064 1 1 0005d75 1 064 1
0000000 2dc0000 1 071 0 1 2dbffff 1 071 1
0000000 3680000 1 0e4 1 1 3680000 1 0e4 1
000928e 0000000 1 0fc 1 1 000928e 1 0fc 1
000b4d7 0000000 1 13b 0 1 000b4d6 0 13b 1
0000000 3ac0000 1 0e4 0 0 3ac0000 0 0e4 1
000a48e 0000000 1 0bb 1 1 000a48e 1 0bb 1
0009e7c 0000000 1 131 1 1 0009e7c 1 131 1
0000000 3700000 1 04f 1 0 36fffff 0 04f 1
0000000 32c0000 1 0d2 1 1 32c0000 1 0d2 1
0000000 2480000 1 07a 0 0 2480000 0 07a 1
0000000 3180000 1 3f9 1 0 317ffff 0 3f9 1
0008730 0000000 1 0a8 1 0 000872f 1 0a8 1
00079b0 0000000 1 117 0 0 00079b0 0 117 1
0000000 3b80000 1 010 0 0 3b80000 0 010 1
000d5b3 0000000 1 031 1 0 000d5b2 1 031 1
000d3ad 0000000 1 0fa 1 1 000d3ad 1 0fa 1
0000000 3900000 1 0ef 1 0 38fffff 0 0ef 1
0006a14 0000000 1 074 0 1 0006a13 0 074 1
0004830 0000000 1 0b6 1 1 0004830 1 0b6 1
0000000 3e00000 1 0a4 1 0 3dfffff 0 0a4 1
00054de 0000000 1 05a 0 1 00054dd 0 05a 1
00069b4 0000000 1 121 0 1 00069b3 0 121 1
0004ec0 0000000 1 0f0 0 0 0004ec0 0 0f0 1
000dc80 0000000 1 124 0 1 000dc7f 0 124 1
0000000 2d00000 1 018 1 1 2d00000 1 018 1
0000000 3cc0000 1 08b 0 0 3cc0000 0 08b 1
0000000 2600000 1 0a8 0 0 2600000 0 0a8 1
000651d 0000000 1 112 1 1 000651d 1 112 1
0000000 2ec0000 1 0a3 0 1 2ebffff 1 0a3 1
0000000 2d00000 1 0e6 1 1 2d00000 1 0e6 1
0000000 2880000 1 066 0 0 2880000 0 066 1
0000000 2ac0000 1 08e 0 0 2ac0000 0 08e 1
000a8e8 0000000 1 0e1 0 0 000a8e8 0 0e1 1
00060e4 0000000 1 179 1 0 00060e3 1 179 1
0008edd 0000000 1 0dd 1 0 0008edc 1 0dd 1
0007d28 0000000 1 10d 0 0 0007d28 0 10d 1
000c5a8 0000000 1 096 0 1 000c5a7 0 096 1
0000000 3840000 1 099 1 1 3840000 1 099 1
00099ca 0000000 1 123 1 1 00099ca 1 123 1
0000000 3880000 1 094 0 1 387ffff 1 094 1
000b9fa 0000000 1 063 1 1 000b9fa 1 063 1
0000000 23c0000 1 09a 0 1 23bffff 1 09a 1
0000000 37c0000 1 0b3 0 1 37bffff 1 0b3 1
0005d22 0000000 1 0f2 0 1 0005d21 0 0f2 1
00097f0 0000000 1 0b6 0 1 00097ef 0 0b6 1
000a10e 0000001 1 055 1 0 000a10c 1 055 1
000d401 0000000 1 118 0 0 000d401 0 118 1
000dcf3 0000000 1 06c 0 0 000dcf3 0 06c 1
0000000 3000000 0 094 0 0 3000000 0 094 0
0000000 2440000 1 0ee 0 0 2440000 0 0ee 1
0000000 2900000 1 0e2 1 1 2900000 1 0e2 1
0000000 2600000 1 0ee 1 1 2600000 1 0ee 1
000d74e 0000000 1 0ce 1 0 000d74d 1 0ce 1
00089f7 3080000 0 093 1 1 30889f7 1 093 0
0007b7a 0000000 1 11c 0 1 0007b79 0 11c 1
0009740 0000000 1 08c 0 0 0009740 0 08c 1
0000000 2500000 1 0c7 1 0 24fffff 0 0c7 1
000b70c 0000000 1 0c5 1 1 000b70c 1 0c5 1
0009457 0000000 1 098 1 1 0009457 1 098 1
000a6b8 0000000 1 09f 0 1 000a6b7 0 09f 1
000bfbe 0000000 1 135 1 0 000bfbd 1 135 1
00050f4 0000000 1 130 0 0 00050f4 0 130 1
0006f50 0000000 1 144 0 1 0006f4f 0 144 1
0000000 3cc0000 1 048 0 0 3cc0000 0 048 1
000722e 0000000 1 070 0 0 000722e 0 070 1
000d1c7 0000000 1 10c 0 1 000d1c6 0 10c 1
0008ea4 0000000 1 095 1 1 0008ea4 1 095 1
00090c6 0000000 1 109 1 1 00090c6 1 109 1
000817e 0000094 0 091 0 1 00080ea 0 091 0
000a02a 0000000 1 107 1 1 000a02a 1 107 1
00071e8 0000000 1 0e4 0 0 00071e8 0 0e4 1
000de91 0014e00 0 0f0 1 0 0006f6f 0 0f0 0
0006964 0000000 1 03e 0 0 0006964 0 03e 1
0000000 2c80000 1 0a7 1 1 2c80000 1 0a7 1
000e3b4 0000000 1 0c2 0 1 000e3b3 0 0c2 1
00064fe 0000000 1 130 1 1 00064fe 1 130 1
000c144 0000000 1 107 1 1 000c144 1 107 1
0000000 3280000 1 0bf 0 1 327ffff 1 0bf 1
0000000 3dc0000 1 0aa 0 0 3dc0000 0 0aa 1
000f420 0000000 1 097 0 0 000f420 0 097 1
0000000 3240000 1 054 0 0 3240000 0 054 1
0007a34 0000000 1 085 0 0 0007a34 0 085 1
0009bc7 0000000 1 0e5 1 1 0009bc7 1 0e5 1
000a65c 0000000 1 076 1 1 000a65c 1 076 1
000a5b7 0000000 1 0c1 0 1 000a5b6 0 0c1 1
000b372 0000000 1 0d9 0 0 000b372 0 0d9 1
0000000 33c0000 1 0c5 1 0 33bffff 0 0c5 1
000ac60 0000000 1 097 0 0 000ac60 0 097 1
0000000 3940000 1 0c7 0 1 393ffff 1 0c7 1
0005e08 0000000 1 0f3 0 1 0005e07 0 0f3 1
0000000 2e00000 1 0d3 1 0 2dfffff 0 0d3 1
0000000 2940000 1 06b 1 1 2940000 1 06b 1
0000000 3a40000 1 08d 1 1 3a40000 1 08d 1
0000000 32c0000 1 089 1 0 32bffff 0 089 1
0000000 3f80000 1 00e 1 0 3f7ffff 0 00e 1
0000000 3a00000 1 0dc 1 1 3a00000 1 0dc 1
000a029 0000000 1 053 0 0 000a029 0 053 1
0000000 2340000 1 089 0 0 2340000 0 089 1
000abc8 0000000 1 0a1 1 0 000abc7 1 0a1 1
00087d5 0000000 1 0e0 0 1 00087d4 0 0e0 1
0000000 2e40000 1 0b4 0 1 2e3ffff 1 0b4 1
000b1c0 0000000 1 10e 0 0 000b1c0 0 10e 1
0000000 29c0000 1 0b7 1 0 29bffff 0 0b7 1
0009bac 0000000 1 12e 1 0 0009bab 1 12e 1
0000000 3a00000 1 0e4 1 1 3a00000 1 0e4 1
000812d 0000000 1 037 0 0 000812d 0 037 1
000d3f8 0000000 1 057 0 0 000d3f8 0 057 1
0007530 0000000 1 053 1 1 0007530 1 053 1
0000000 2880000 1 0f3 0 1 287ffff 1 0f3 1
0000000 2200000 1 09c 1 1 2200000 1 09c 1
0007f17 0000000 1 0e6 0 0 0007f17 0 0e6 1
0000000 25c0000 1 0a2 1 0 25bffff 0 0a2 1
0007a80 0000000 1 105 1 1 0007a80 1 105 1
0008022 0000005 1 028 0 1 000801c 0 028 1
0000000 3940000 1 084 1 0 393ffff 0 084 1
00074a9 0000000 1 11f 1 1 00074a9 1 11f 1
0000000 2fc0000 1 0ac 0 0 2fc0000 0 0ac 1
000c852 0000000 1 06e 0 1 000c851 0 06e 1
0000000 2c40000 1 087 1 0 2c3ffff 0 087 1
000c936 0000000 1 107 0 1 000c935 0 107 1
0000000 2900000 1 01c 0 1 28fffff 1 01c 1
0009d8a 0000000 1 0fb 0 0 0009d8a 0 0fb 1
0008b70 0000000 1 101 1 1 0008b70 1 101 1
0005c1c 38c0000 0 0bb 0 0 38c5c1c 0 0bb 0
0006c80 0000000 1 0a9 0 0 0006c80 0 0a9 1
000a0c8 0000000 1 0e1 0 0 000a0c8 0 0e1 1
000bb28 0000000 1 0ed 0 1 000bb27 0 0ed 1
0009c84 0000000 1 090 1 1 0009c84 1 090 1
000e00e 0000000 1 0ae 0 1 000e00d 0 0ae 1
000b902 0000000 1 0c8 0 0 000b902 0 0c8 1
00090b7 0000000 1 131 0 0 00090b7 0 131 1
0000000 3200000 1 0bb 1 1 3200000 1 0bb 1
0009760 0000000 1 158 0 1 000975f 0 158 1
0009b1f 0000000 1 127 0 1 0009b1e 0 127 1
0000000 28c0000 1 064 0 0 28c0000 0 064 1
0000000 3480000 1 09d 0 0 3480000 0 09d 1
00049ce 0000000 1 06f 0 1 00049cd 0 06f 1
0006b00 0000000 1 133 0 0 0006b00 0 133 1
0000000 3100000 1 0ba 0 1 30fffff 1 0ba 1
0006160 0000000 1 10c 1 0 000615f 1 10c 1
0000000 2980000 1 0ba 1 1 2980000 1 0ba 1
0000000 2dc0000 1 0ed 0 0 2dc0000 0 0ed 1
0000000 3780000 1 0e8 0 1 377ffff 1 0e8 1
0000000 3ec0000 1 0d5 0 1 3ebffff 1 0d5 1
0000000 3bc0000 1 0ab 0 1 3bbffff 1 0ab 1
000af90 0000005 1 05c 1 0 000af8a 1 05c 1
0000000 2800000 1 087 1 1 2800000 1 087 1
0000000 3680000 1 0d5 0 1 367ffff 1 0d5 1
00089ea 0000000 1 118 1 1 00089ea 1 118 1
0000000 2440000 1 0ad 0 0 2440000 0 0ad 1
0008a0f 0000000 1 0ad 0 0 0008a0f 0 0ad 1
0000000 3780000 1 09f 0 1 377ffff 1 09f 1
0000000 2280000 1 0f0 1 1 2280000 1 0f0 1
000e2a1 0000000 1 11e 1 1 000e2a1 1 11e 1
000d578 0000690 0 0d2 1 0 000cee8 1 0d2 0
0008790 0000000 1 0a0 1 0 000878f 1 0a0 1
000896f 0000000 1 114 0 0 000896f 0 114 1
0006660 0000000 1 07d 0 1 000665f 0 07d 1
0000000 26c0000 1 0ed 0 1 26bffff 1 0ed 1
0000000 3e80000 1 07d 1 0 3e7ffff 0 07d 1
000da76 001e400 0 029 0 0 002be76 0 029 0
0009efa 0001b20 0 0cb 1 1 000ba1a 1 0cb 0
0000000 2300000 1 07b 1 1 2300000 1 07b 1
0004d58 0000000 1 07e 0 0 0004d58 0 07e 1
0007012 0000000 1 13e 0 0 0007012 0 13e 1
000c96a 0000000 1 035 1 0 000c969 1 035 1
0000000 24c0000 1 0d7 1 1 24c0000 1 0d7 1
0000000 2040000 1 078 0 1 203ffff 1 078 1
000633b 0000000 1 07e 0 1 000633a 0 07e 1
000a69d 0000000 1 0aa 0 1 000a69c 0 0aa 1
0000000 34c0000 1 0cd 1 1 34c0000 1 0cd 1
0007f38 0000000 1 0bb 0 0 0007f38 0 0bb 1
000ae3c 0000000 1 149 1 1 000ae3c 1 149 1
000d14c 0000000 1 07b 0 0 000d14c 0 07b 1
0000000 38c0000 1 0aa 1 0 38bffff 0 0aa 1
0000000 2c80000 1 017 1 0 2c7ffff 0 017 1
0000000 3500000 1 0d7 0 0 3500000 0 0d7 1
0008f9c 0000000 1 0f1 1 0 0008f9b 1 0f1 1
0008a5c 0000000 1 0e1 1 1 0008a5c 1 0e1 1
000b85c 0000000 1 0e1 0 0 000b85c 0 0e1 1
0006a80 0000003 1 044 0 1 0006a7c 0 044 1
000841c 0000000 1 0c4 0 1 000841b 0 0c4 1
0000000 20c0000 1 0d3 1 1 20c0000 1 0d3 1
000a437 0000000 1 0be 1 1 000a437 1 0be 1
0000000 3e00000 1 0de 1 1 3e00000 1 0de 1
00084e4 0000000 1 108 0 0 00084e4 0 108 1
0000000 3e40000 1 0b2 0 0 3e40000 0 0b2 1
00099fc 0000013 0 03e 1 1 0009a0f 1 03e 0
0000000 2380000 1 0c8 1 1 2380000 1 0c8 1
0000000 2480000 1 03f 1 0 247ffff 0 03f 1
00072c4 0000000 1 058 0 0 00072c4 0 058 1
000777d 0000005 1 0d6 0 0 0007782 0 0d6 1
0009973 0000000 1 0e6 1 1 0009973 1 0e6 1
000a9fc 0000000 1 133 0 0 000a9fc 0 133 1
0009d24 0000000 1 0a0 0 1 0009d23 0 0a0 1
0000000 2cc0000 1 002 0 1 2cbffff 1 002 1
000526a 0000000 1 02d 0 1 0005269 0 02d 1
00047b8 0000000 1 0a3 0 0 00047b8 0 0a3 1
0000000 2b00000 1 0b1 1 0 2afffff 0 0b1 1
0000000 39c0000 1 09b 1 0 39bffff 0 09b 1
000a048 0000000 1 121 1 1 000a048 1 121 1
0004e73 0000000 1 088 0 0 0004e73 0 088 1
000800d 0000000 1 0b6 0 1 000800c 0 0b6 1
0000000 26c0000 1 087 1 0 26bffff 0 087 1
0000000 39c0000 1 046 0 0 39c0000 0 046 1
0000000 22c0000 1 05c 0 0 22c0000 0 05c 1
000826d 0000000 1 0b1 1 0 000826c 1 0b1 1
0009e38 0000000 1 09b 0 0 0009e38 0 09b 1
000a0c8 0000000 1 113 0 0 000a0c8 0 113 1
00087f0 0000000 1 0f4 1 1 00087f0 1 0f4 1
0000000 2980000 1 087 1 0 297ffff 0 087 1
000bf7e 0000000 1 0a8 1 0 000bf7d 1 0a8 1
00089d0 0000000 1 0ef 0 0 00089d0 0 0ef 1
000a680 0000000 1 109 1 1 000a680 1 109 1
0000000 38c0000 1 050 0 1 38bffff 1 050 1
0000000 3ac0000 1 055 0 1 3abffff 1 055 1
0000000 3f00000 1 046 1 1 3f00000 1 046 1
0000000 3ec0000 1 0b0 0 1 3ebffff 1 0b0 1
0007844 0000000 1 10c 1 0 0007843 1 10c 1
0000000 3480000 1 01e 0 1 347ffff 1 01e 1
0000000 3680000 1 0a6 0 0 3680000 0 0a6 1
0007e78 0000000 1 096 0 1 0007e77 0 096 1
0000000 29c0000 1 09b 1 1 29c0000 1 09b 1
000b814 0000000 1 15d 1 0 000b813 1 15d 1
0000000 20c0000 1 092 0 0 20c0000 0 092 1
0006bf1 0000000 1 0a5 0 1 0006bf0 0 0a5 1
00085e0 01fa000 0 059 1 0 01f1a20 0 059 0
0007da4 0000000 1 0ea 0 1 0007da3 0 0ea 1
0007826 0000000 1 08a 1 1 0007826 1 08a 1
0000000 2b80000 1 0bf 0 1 2b7ffff 1 0bf 1
0000000 3400000 1 0f0 1 0 33fffff 0 0f0 1
0000000 3540000 1 0b2 1 1 3540000 1 0b2 1
000923c 0000000 1 0cc 0 1 000923b 0 0cc 1
0000000 2c40000 1 060 1 0 2c3ffff 0 060 1
0000000 3040000 1 0b6 1 1 3040000 1 0b6 1
000e685 0000000 1 083 0 0 000e685 0 083 1
000804c 0000648 0 061 1 1 0008694 1 061 0
0000000 2300000 1 0df 0 0 2300000 0 0df 1
0000000 2180000 1 009 1 1 2180000 1 009 1
00072d2 0000000 1 048 1 0 00072d1 1 048 1
0000000 2e00000 1 0c6 0 0 2e00000 0 0c6 1
00055aa 0000000 1 130 0 0 00055aa 0 130 1
00092b4 0000000 1 0f9 1 0 00092b3 1 0f9 1
0000000 26c0000 1 042 0 1 26bffff 1 042 1
000a65c 0000000 0 066 1 0 000a65c 1 066 0
0000000 2640000 1 0c6 0 0 2640000 0 0c6 1
0000000 2bc0000 1 0d7 1 0 2bbffff 0 0d7 1
000b964 0000007 1 01f 0 1 000b95c 0 01f 1
000f230 0000000 1 0ea 1 1 000f230 1 0ea 1
0000000 37c0000 1 057 1 0 37bffff 0 057 1
000de30 0000000 1 079 0 1 000de2f 0 079 1
0000000 3bc0000 1 0b3 1 1 3bc0000 1 0b3 1
0000000 3000000 1 09b 1 0 2ffffff 0 09b 1
0006a3b 0000000 1 066 0 0 0006a3b 0 066 1
0009669 0000000 1 04c 1 1 0009669 1 04c 1
0005bd2 0000000 0 032 0 1 0005bd2 0 032 0
000bb98 0000000 1 0de 0 1 000bb97 0 0de 1
000b690 0000003 1 04a 1 1 000b693 1 04a 1
0000000 3a40000 1 0c5 1 1 3a40000 1 0c5 1
0000000 36c0000 1 083 0 0 36c0000 0 083 1
0000000 3640000 1 007 0 0 3640000 0 007 1
0000000 3640000 1 087 0 0 3640000 0 087 1
0009920 01b8000 0 0ac 1 1 01c1920 1 0ac 0
0006bf9 0000000 1 117 0 0 0006bf9 0 117 1
0000000 3540000 1 0c0 1 1 3540000 1 0c0 1
0006b80 0000000 1 04c 1 1 0006b80 1 04c 1
0007026 0360000 0 0e2 0 0 0367026 0 0e2 0
0007627 0000000 1 078 1 0 0007626 1 078 1
0000000 20c0000 1 06c 0 0 20c0000 0 06c 1
0000000 3480000 1 05f 1 1 3480000 1 05f 1
000aaa0 0000000 1 088 1 0 000aa9f 1 088 1
000a9ea 0000000 1 04f 1 0 000a9e9 1 04f 1
00071d9 0000000 1 151 1 0 00071d8 1 151 1
0000000 3c80000 1 0e4 0 0 3c80000 0 0e4 1
0000000 2f80000 1 0da 0 0 2f80000 0 0da 1
0000000 2700000 1 0b3 0 1 26fffff 1 0b3 1
0000000 24c0000 1 0a1 0 0 24c0000 0 0a1 1
0000000 2740000 1 0a8 1 1 2740000 1 0a8 1
000c640 0000000 1 0d0 0 1 000c63f 0 0d0 1
0000000 2c00000 1 05b 1 0 2bfffff 0 05b 1
0000000 2000000 1 063 1 1 2000000 1 063 1
0000000 3f00000 1 098 0 0 3f00000 0 098 1
0000000 2a00000 1 0af 1 0 29fffff 0 0af 1
000831a 0000000 1 096 0 1 0008319 0 096 1
0000000 3440000 1 067 1 0 343ffff 0 067 1
00067e6 0000000 1 10a 1 1 00067e6 1 10a 1
0000000 3640000 1 089 0 1 363ffff 1 089 1
0000000 27c0000 1 0d8 0 1 27bffff 1 0d8 1
0000000 3400000 1 0ba 1 0 33fffff 0 0ba 1
0000000 2580000 1 0d5 0 0 2580000 0 0d5 1
0000000 2100000 1 0a5 0 0 2100000 0 0a5 1
0000000 3640000 1 0e2 1 0 363ffff 0 0e2 1
000acec 0000000 1 12f 1 0 000aceb 1 12f 1
0000000 3c00000 1 006 1 0 3bfffff 0 006 1
0000000 2240000 1 0e0 0 0 2240000 0 0e0 1
00071c0 0000000 1 0b2 1 0 00071bf 1 0b2 1
0005405 0000000 1 0b1 0 0 0005405 0 0b1 1
0009510 0000000 1 129 0 0 0009510 0 129 1
0000000 3a00000 1 063 0 1 39fffff 1 063 1
0000000 3140000 1 00e 1 0 313ffff 0 00e 1
0000000 2dc0000 1 0e4 1 1 2dc0000 1 0e4 1
0000000 2300000 1 0d3 1 0 22fffff 0 0d3 1
0007080 0000000 1 087 0 1 000707f 0 087 1
0000000 2900000 1 0b8 1 0 28fffff 0 0b8 1
0000000 3cc0000 1 020 1 0 3cbffff 0 020 1
0005852 0000000 1 124 1 0 0005851 1 124 1
00088aa 0000000 1 124 0 0 00088aa 0 124 1
0000000 2f00000 1 0ca 0 0 2f00000 0 0ca 1
000d8a2 000000c 1 02a 0 0 000d8ae 0 02a 1
0000000 2b00000 1 082 0 1 2afffff 1 082 1
0000000 3600000 1 0c5 1 1 3600000 1 0c5 1
0000000 2400000 1 074 0 0 2400000 0 074 1
0000000 3200000 1 0b7 1 1 3200000 1 0b7 1
0000000 3b80000 1 0a6 1 0 3b7ffff 0 0a6 1
0000000 2000000 1 090 1 0 1ffffff 0 090 1
0008f2c 0000000 1 0a0 1 1 0008f2c 1 0a0 1
0007ce0 0000000 1 0fa 1 0 0007cdf 1 0fa 1
00084b8 0000000 1 127 1 1 00084b8 1 127 1
00071a0 0000000 1 08a 0 0 00071a0 0 08a 1
00086f1 0000000 1 0a0 0 0 00086f1 0 0a0 1
000868c 0000000 1 0b4 0 1 000868b 0 0b4 1
0006a80 0000000 1 0f4 1 0 0006a7f 1 0f4 1
0000000 3b00000 1 06d 1 0 3afffff 0 06d 1
0008a2c 0000000 1 13e 1 1 0008a2c 1 13e 1
000a890 0000540 0 0ab 0 1 000a350 0 0ab 0
000c0f4 0000000 1 0e4 1 1 000c0f4 1 0e4 1
0009150 0000032 0 095 1 0 000911e 1 095 0
0006a14 0000018 1 094 0 1 00069fb 0 094 1
0005908 000000b 1 0ba 0 0 0005913 0 0ba 1
0000000 37c0000 1 0ac 0 0 37c0000 0 0ac 1
0000000 2d80000 1 04b 0 1 2d7ffff 1 04b 1
0006a35 0000000 1 0f4 1 1 0006a35 1 0f4 1
0008f18 0000000 1 0cc 1 1 0008f18 1 0cc 1
00089d0 0000000 1 10b 0 1 00089cf 0 10b 1
000739c 0000000 1 143 1 1 000739c 1 143 1
00093b8 0000000 1 095 0 0 00093b8 0 095 1
0000000 3d40000 1 07e 0 1 3d3ffff 1 07e 1
000d898 0000000 1 0bf 0 0 000d898 0 0bf 1
0007235 0000000 1 0c2 0 1 0007234 0 0c2 1
000a1ba 0000000 1 14a 0 1 000a1b9 0 14a 1
0006270 0000000 1 122 0 1 000626f 0 122 1
0000000 2cc0000 1 08d 0 0 2cc0000 0 08d 1
00071d7 0000000 1 0da 1 1 00071d7 1 0da 1
000af5f 0000000 1 0c6 1 0 000af5e 1 0c6 1
0000000 2940000 0 0ac 0 1 2940000 1 0ac 0
000d7d2 0000034 1 04c 0 1 000d79d 0 04c 1
0000000 3d40000 1 0b1 0 1 3d3ffff 1 0b1 1
0000000 2c00000 1 0c2 1 0 2bfffff 0 0c2 1
0000000 3ec0000 1 01f 1 1 3ec0000 1 01f 1
0006a48 0000000 1 0be 1 0 0006a47 1 0be 1
0000000 2300000 1 09a 1 0 22fffff 0 09a 1
000b63c 0000000 1 103 1 0 000b63b 1 103 1
0000000 3280000 1 0e2 0 1 327ffff 1 0e2 1
0000000 2400000 1 069 1 0 23fffff 0 069 1
0000000 3980000 1 046 0 1 397ffff 1 046 1
0007850 0000000 1 06e 1 1 0007850 1 06e 1
000b310 0004500 0 07c 0 0 000f810 0 07c 0
0000000 2100000 1 09a 1 0 20fffff 0 09a 1
000b856 0000000 1 095 0 1 000b855 0 095 1
0009600 0000680 0 0ad 0 1 0008f80 0 0ad 0
0000000 23c0000 1 014 1 0 23bffff 0 014 1
000a4fd 0000000 1 13e 1 0 000a4fc 1 13e 1
000a1bd 0000000 1 0c5 1 0 000a1bc 1 0c5 1
000a710 0000000 1 0f2 0 1 000a70f 0 0f2 1
0005f64 0000000 1 07d 1 0 0005f63 1 07d 1
00081cc 0000000 1 09a 1 1 00081cc 1 09a 1
0000000 2980000 1 0b6 0 1 297ffff 1 0b6 1
0000000 3680000 1 0e2 0 0 3680000 0 0e2 1
0005514 0000000 1 135 0 0 0005514 0 135 1
0000000 3200000 1 028 1 1 3200000 1 028 1
0006e37 0000000 1 10c 0 0 0006e37 0 10c 1
0000000 27c0000 1 0e8 0 0 27c0000 0 0e8 1
0007e6c 0000000 1 15d 0 1 0007e6b 0 15d 1
00091d4 0000000 1 0b2 1 1 00091d4 1 0b2 1
000939f 0000000 1 0f2 1 1 000939f 1 0f2 1
0007614 0000000 1 090 0 1 0007613 0 090 1
000bdc2 0000000 1 0d5 1 0 000bdc1 1 0d5 1
0000000 3080000 1 0e4 0 0 3080000 0 0e4 1
00092f4 0000000 1 145 0 1 00092f3 0 145 1
000562b 0000000 1 0e7 0 0 000562b 0 0e7 1
000a6b4 00000f5 0 094 1 1 000a7a9 1 094 0
00087be 0000000 1 0aa 1 1 00087be 1 0aa 1
0000000 2540000 1 096 0 0 2540000 0 096 1
0000000 2b00000 1 05e 0 0 2b00000 0 05e 1
0000000 32c0000 1 085 1 0 32bffff 0 085 1
000804c 0000000 1 070 0 1 000804b 0 070 1
0004f80 0000000 1 059 0 0 0004f80 0 059 1
0000000 24c0000 1 09e 1 0 24bffff 0 09e 1
000d686 00014c0 0 088 0 0 000eb46 0 088 0
0000000 2700000 1 03f 1 0 26fffff 0 03f 1
00089bc 0000000 1 0cc 0 1 00089bb 0 0cc 1
000bdab 0000000 1 07b 0 1 000bdaa 0 07b 1
0000000 2e00000 1 09e 1 1 2e00000 1 09e 1
0000000 2f40000 1 0e4 0 0 2f40000 0 0e4 1
0000000 3500000 1 06a 1 0 34fffff 0 06a 1
0000000 2ec0000 1 085 1 1 2ec0000 1 085 1
0008fdc 0000000 1 0fd 0 0 0008fdc 0 0fd 1
00077e2 0000000 1 0f0 1 0 00077e1 1 0f0 1
0000000 3880000 1 0ed 0 1 387ffff 1 0ed 1
0000000 29c0000 1 0f2 1 1 29c0000 1 0f2 1
0000000 3a00000 1 0e5 1 0 39fffff 0 0e5 1
0000000 2cc0000 1 0eb 0 0 2cc0000 0 0eb 1
0000000 3c00000 1 0bf 1 1 3c00000 1 0bf 1
0000000 3c00000 1 0d9 0 1 3bfffff 1 0d9 1
000d618 0000000 1 0b3 0 0 000d618 0 0b3 1
0000000 2b00000 1 0e2 1 1 2b00000 1 0e2 1
0005368 0000000 1 0cf 0 0 0005368 0 0cf 1
0000000 2100000 1 074 0 0 2100000 0 074 1
000e690 0000000 1 0ba 1 1 000e690 1 0ba 1
0006480 0000000 1 0c8 0 1 000647f 0 0c8 1
000438c 0000000 1 072 1 1 000438c 1 072 1
0006848 0000000 1 076 1 1 0006848 1 076 1
0000000 2640000 1 06b 1 0 263ffff 0 06b 1
0000000 2540000 1 077 1 0 253ffff 0 077 1
000a1c8 0000000 1 15d 0 1 000a1c7 0 15d 1
0000000 2240000 1 0e4 0 0 2240000 0 0e4 1
0000000 29c0000 1 054 0 0 29c0000 0 054 1
0005866 0000000 1 0a1 1 0 0005865 1 0a1 1
0000000 2b80000 1 07f 1 0 2b7ffff 0 07f 1
0000000 3e40000 1 048 1 1 3e40000 1 048 1
0000000 2c40000 1 0cc 0 0 2c40000 0 0cc 1
0000000 2080000 1 0df 0 0 2080000 0 0df 1
000730f 00007e0 0 0e5 1 1 0007aef 1 0e5 0
000d3c8 0000000 1 043 0 1 000d3c7 0 043 1
0000000 3dc0000 1 0c1 1 0 3dbffff 0 0c1 1
0006270 0000000 1 0e8 1 1 0006270 1 0e8 1
0009278 0000000 1 064 1 1 0009278 1 064 1
0000000 2b80000 1 0c6 0 1 2b7ffff 1 0c6 1
0000000 2780000 1 04d 1 1 2780000 1 04d 1
00073e0 0000000 1 10a 0 1 00073df 0 10a 1
0007c58 17a0000 0 054 1 0 17983a8 0 054 0
0000000 3200000 1 0cf 1 0 31fffff 0 0cf 1
0000000 3a40000 1 0d6 1 1 3a40000 1 0d6 1
0000000 2240000 1 0cd 0 0 2240000 0 0cd 1
0000000 2f80000 1 06a 0 1 2f7ffff 1 06a 1
0000000 2b80000 1 066 1 0 2b7ffff 0 066 1
00081c6 0000000 1 0d2 0 0 00081c6 0 0d2 1
0000000 3b00000 1 096 0 0 3b00000 0 096 1
0000000 3800000 1 0af 0 1 37fffff 1 0af 1
0000000 25c0000 1 0de 1 0 25bffff 0 0de 1
0000000 33c0000 1 0b0 0 1 33bffff 1 0b0 1
0007e00 0000000 1 0f2 1 1 0007e00 1 0f2 1
0000000 3e00000 1 09e 1 0 3dfffff 0 09e 1
00080d0 0000000 1 052 0 0 00080d0 0 052 1
0000000 3180000 1 073 1 1 3180000 1 073 1
000ef1e 0000000 1 10d 0 0 000ef1e 0 10d 1
000d3ed 0000000 1 05b 0 0 000d3ed 0 05b 1
0005c1c 0000000 1 136 1 0 0005c1b 1 136 1
0005304 0000000 1 0f6 0 0 0005304 0 0f6 1
0000000 23c0000 1 032 0 0 23c0000 0 032 1
000574e 0000000 1 16d 1 1 000574e 1 16d 1
0000000 3ac0000 1 0a8 1 0 3abffff 0 0a8 1
0000000 2a00000 1 062 1 1 2a00000 1 062 1
000438c 0000000 1 087 1 0 000438b 1 087 1
0000000 2700000 1 0a3 0 0 2700000 0 0a3 1
0000000 2400000 1 087 1 0 23fffff 0 087 1
0000000 2d40000 1 0cf 0 1 2d3ffff 1 0cf 1
0000000 3c40000 1 03a 0 1 3c3ffff 1 03a 1
0000000 2180000 1 06b 0 0 2180000 0 06b 1
0000000 3fc0000 1 0c4 1 1 3fc0000 1 0c4 1
00072fc 0000000 1 0a3 0 1 00072fb 0 0a3 1
000a6fe 0000000 1 0f0 1 0 000a6fd 1 0f0 1
000701c 0000000 1 0ca 1 0 000701b 1 0ca 1
000b073 000002f 1 0d1 1 1 000b0a2 1 0d1 1
0000000 28c0000 1 0ec 1 0 28bffff 0 0ec 1
0007429 0000000 1 125 1 1 0007429 1 125 1
0008ca0 0000000 1 03f 0 1 0008c9f 0 03f 1
0000000 3980000 1 0b2 1 0 397ffff 0 0b2 1
00096a0 0000000 1 076 1 0 000969f 1 076 1
000784a 0000003 1 06f 0 1 0007846 0 06f 1
000be44 0000000 1 0d3 0 1 000be43 0 0d3 1
0000000 28c0000 1 00d 0 1 28bffff 1 00d 1
0000000 3d00000 1 05c 1 0 3cfffff 0 05c 1
0000000 3e80000 1 0c6 0 1 3e7ffff 1 0c6 1
0008ac5 00cd000 0 031 0 1 00c453b 1 031 0
0007ae9 0000000 1 0fd 1 1 0007ae9 1 0fd 1
000669e 0000000 1 145 0 1 000669d 0 145 1
0000000 3e40000 1 3fe 1 1 3e40000 1 3fe 1
0000000 20c0000 1 0aa 1 1 20c0000 1 0aa 1
0000000 3fc0000 1 0ef 0 1 3fbffff 1 0ef 1
00078ec 0000000 1 072 1 1 00078ec 1 072 1
00081c6 0000000 1 099 1 0 00081c5 1 099 1
0009e60 0017c00 0 0d5 0 1 000dda0 1 0d5 0
0000000 3ec0000 1 06b 1 0 3ebffff 0 06b 1
0000000 3f00000 1 0dc 1 1 3f00000 1 0dc 1
0007f5e 0000000 1 127 1 1 0007f5e 1 127 1
0007800 0000000 1 117 0 1 00077ff 0 117 1
0000000 2b80000 1 0d7 0 1 2b7ffff 1 0d7 1
000783c 0000000 1 069 0 0 000783c 0 069 1
000aeb0 0000000 1 055 1 0 000aeaf 1 055 1
0005e72 0000000 1 03c 1 1 0005e72 1 03c 1
0000000 3180000 1 0f0 1 0 317ffff 0 0f0 1
0000000 2480000 1 0e6 1 0 247ffff 0 0e6 1
0008e1c 0000000 1 0f7 0 1 0008e1b 0 0f7 1
000cea3 0000000 1 128 1 1 000cea3 1 128 1
000ab30 0000000 1 0d9 0 0 000ab30 0 0d9 1
0009efc 0000000 1 09b 0 0 0009efc 0 09b 1
000d0ea 0000000 1 031 0 0 000d0ea 0 031 1
0006637 00007f8 0 098 1 1 0006e2f 1 098 0
0008904 0000000 1 08a 1 0 0008903 1 08a 1
0000000 3b40000 1 0ab 1 1 3b40000 1 0ab 1
0000000 3c40000 1 0cf 1 0 3c3ffff 0 0cf 1
0000000 2bc0000 1 01b 0 0 2bc0000 0 01b 1
0006e24 01fe000 0 073 0 1 01f71dc 1 073 0
0009f1d 0000000 1 0e2 0 0 0009f1d 0 0e2 1
0000000 39c0000 1 021 1 0 39bffff 0 021 1
0000000 2c00000 1 0d5 0 1 2bfffff 1 0d5 1
0000000 34c0000 1 08a 0 0 34c0000 0 08a 1
0007742 0000005 1 0ac 0 0 0007747 0 0ac 1
0000000 2880000 1 095 0 1 287ffff 1 095 1
0000000 2840000 1 053 1 0 283ffff 0 053 1
0000000 3200000 1 0e7 1 1 3200000 1 0e7 1
0006612 0000000 1 0d8 0 1 0006611 0 0d8 1
0008df8 0000000 1 0eb 1 1 0008df8 1 0eb 1
0000000 22c0000 1 0b6 0 1 22bffff 1 0b6 1
0000000 2f40000 1 050 0 0 2f40000 0 050 1
0006610 0000000 1 066 1 1 0006610 1 066 1
0008efb 0000000 1 12f 1 1 0008efb 1 12f 1
0006f2e 0000000 1 145 0 0 0006f2e 0 145 1
0000000 2180000 1 0cc 0 1 217ffff 1 0cc 1
000817e 0000000 1 08d 0 0 000817e 0 08d 1
00079fd 000001d 1 013 0 0 0007a1a 0 013 1
0000000 3e40000 1 016 0 0 3e40000 0 016 1
0000000 2140000 1 043 0 0 2140000 0 043 1
0000000 2400000 1 0aa 0 0 2400000 0 0aa 1
0008214 0000000 1 0f2 1 0 0008213 1 0f2 1
0000000 2b80000 1 04a 1 1 2b80000 1 04a 1
000dba0 0000000 1 122 0 1 000db9f 0 122 1
0000000 3600000 1 0a8 1 0 35fffff 0 0a8 1
000cbf0 007d000 0 024 1 0 0070410 0 024 0
00071c7 0000000 1 0a3 1 1 00071c7 1 0a3 1
0000000 3280000 1 0c5 0 0 3280000 0 0c5 1
0000000 3a40000 1 08b 0 1 3a3ffff 1 08b 1
0000000 3d80000 1 0b8 1 0 3d7ffff 0 0b8 1
0000000 3e00000 1 0b3 1 1 3e00000 1 0b3 1
0007e90 0000000 1 107 1 0 0007e8f 1 107 1
000bcac 000001c 1 092 1 1 000bcc8 1 092 1
0008f87 0000970 0 09f 0 0 00098f7 0 09f 0
0000000 2280000 1 090 0 0 2280000 0 090 1
0008a45 0000000 1 0ef 1 1 0008a45 1 0ef 1
0000000 3440000 1 0e3 1 0 343ffff 0 0e3 1
0000000 3680000 1 09d 1 1 3680000 1 09d 1
0000000 3740000 1 0af 1 0 373ffff 0 0af 1
0000000 3680000 1 09a 1 1 3680000 1 09a 1
000a02c 0000000 1 0c5 1 1 000a02c 1 0c5 1
0000000 2400000 0 0b6 1 0 2400000 0 0b6 0
0007d6f 0000000 1 134 0 1 0007d6e 0 134 1
0000000 2480000 1 099 1 0 247ffff 0 099 1
0000000 2080000 1 086 0 1 207ffff 1 086 1
0000000 2140000 1 02f 1 1 2140000 1 02f 1
0000000 3d80000 1 0d3 1 1 3d80000 1 0d3 1
000a94a 04c8000 0 0b0 1 0 04bd6b6 0 0b0 0
0000000 2c80000 1 09c 0 0 2c80000 0 09c 1
000d7b4 0000002 1 0ca 0 1 000d7b1 0 0ca 1
0000000 3840000 0 06d 1 0 3840000 0 06d 0
0000000 2600000 1 0b2 1 0 25fffff 0 0b2 1
0000000 2ec0000 1 0bb 0 1 2ebffff 1 0bb 1
0007e3e 0000000 1 105 0 0 0007e3e 0 105 1
0000000 3d80000 1 0a0 0 0 3d80000 0 0a0 1
00053d4 0000000 1 13c 0 1 00053d3 0 13c 1
000607c 0000000 1 106 1 0 000607b 1 106 1
000831f 0000001 1 044 1 0 000831d 1 044 1
0000000 30c0000 1 0ca 1 0 30bffff 0 0ca 1
000ac2b 0000000 1 118 0 0 000ac2b 0 118 1
000bc70 0000000 1 092 1 0 000bc6f 1 092 1
0000000 37c0000 1 0b3 1 1 37c0000 1 0b3 1
0000000 2c80000 1 0be 0 0 2c80000 0 0be 1
0000000 2f40000 1 0cd 0 1 2f3ffff 1 0cd 1
00077de 0000000 1 146 0 0 00077de 0 146 1
0000000 30c0000 1 0b3 1 0 30bffff 0 0b3 1
000875a 0000000 1 0ab 1 0 0008759 1 0ab 1
0009e38 0000000 1 0d3 0 1 0009e37 0 0d3 1
0007b84 0000000 1 07e 0 0 0007b84 0 07e 1
0006144 0000000 1 0e5 1 1 0006144 1 0e5 1
000a49c 0000000 1 081 0 0 000a49c 0 081 1
0006ea4 0000000 1 0c4 1 0 0006ea3 1 0c4 1
0000000 2480000 1 00b 0 0 2480000 0 00b 1
00059b8 0000000 1 0ac 1 1 00059b8 1 0ac 1
000b748 0000000 1 02b 0 0 000b748 0 02b 1
0000000 3b40000 1 081 0 0 3b40000 0 081 1
0000000 3d00000 1 0f2 1 0 3cfffff 0 0f2 1
0009ab1 0000000 1 059 0 0 0009ab1 0 059 1
0000000 2a00000 1 080 0 1 29fffff 1 080 1
0009c3c 0000000 1 0cb 1 1 0009c3c 1 0cb 1
00083e8 0000000 1 08a 0 1 00083e7 0 08a 1
0000000 32c0000 1 0d6 0 0 32c0000 0 0d6 1
0000000 32c0000 1 0bb 0 1 32bffff 1 0bb 1
0000000 29c0000 1 0be 1 1 29c0000 1 0be 1
000b7cd 0000000 1 127 1 0 000b7cc 1 127 1
0008540 0000000 1 02f 1 0 000853f 1 02f 1
0000000 3680000 1 0d3 1 1 3680000 1 0d3 1
0008c45 0000000 1 0c3 1 1 0008c45 1 0c3 1
000a080 000001a 1 07d 1 0 000a065 1 07d 1
0008efb 0000000 1 13c 0 1 0008efa 0 13c 1
00099cc 0000000 1 108 1 1 00099cc 1 108 1
0000000 3f00000 1 0e6 0 1 3efffff 1 0e6 1
0007e3f 0000000 1 122 0 0 0007e3f 0 122 1
0007e17 0000000 1 0be 0 0 0007e17 0 0be 1
0000000 2800000 1 0b6 1 0 27fffff 0 0b6 1
0000000 3a80000 1 0a3 0 1 3a7ffff 1 0a3 1
0000000 3680000 1 095 1 1 3680000 1 095 1
000caac 0000000 1 093 0 0 000caac 0 093 1
0000000 2840000 1 03c 1 0 283ffff 0 03c 1
0000000 2b80000 1 02b 1 0 2b7ffff 0 02b 1
0000000 2300000 1 08d 1 1 2300000 1 08d 1
000b8ac 0000000 1 074 0 1 000b8ab 0 074 1
0004e1b 0000000 1 065 1 0 0004e1a 1 065 1
00065d6 0000000 1 086 0 1 00065d5 0 086 1
0005ce4 0000000 1 0d7 0 1 0005ce3 0 0d7 1
0000000 3d80000 1 0f2 1 1 3d80000 1 0f2 1
000b83b 0016000 0 0dd 1 1 002183b 1 0dd 0
0009312 0000000 1 056 1 0 0009311 1 056 1
0006cac 00000e0 0 072 0 1 0006bcc 0 072 0
0007f68 0000000 1 0e5 1 0 0007f67 1 0e5 1
0006f94 0000000 1 0a8 0 0 0006f94 0 0a8 1
000867b 0000000 1 0e0 1 0 000867a 1 0e0 1
000e34e 0000000 1 0bf 0 0 000e34e 0 0bf 1
0009a60 0000000 1 0ca 0 1 0009a5f 0 0ca 1
0006eb0 0000000 1 076 1 0 0006eaf 1 076 1
000ab04 0000000 1 0c5 0 0 000ab04 0 0c5 1
0000000 2900000 1 0e5 1 0 28fffff 0 0e5 1
0008679 0000000 1 075 1 1 0008679 1 075 1
0006342 0000000 1 0e6 0 0 0006342 0 0e6 1
0000000 29c0000 1 082 1 1 29c0000 1 082 1
0000000 2380000 1 04d 0 0 2380000 0 04d 1
0005e5c 31c0000 0 0a7 0 0 31c5e5c 0 0a7 0
0008c78 0000000 1 113 1 0 0008c77 1 113 1
00095ac 0000000 1 157 0 1 00095ab 0 157 1
0000000 2f00000 1 02b 1 0 2efffff 0 02b 1
0000000 2100000 1 0b9 1 0 20fffff 0 0b9 1
0000000 2980000 1 0d6 1 1 2980000 1 0d6 1
0008b20 0000000 1 0ad 1 0 0008b1f 1 0ad 1
000866a 0000000 1 13e 0 1 0008669 0 13e 1
000c82e 0000000 1 0f4 1 1 000c82e 1 0f4 1
0000000 34c0000 1 0d1 0 1 34bffff 1 0d1 1
00074b8 0000000 1 094 1 1 00074b8 1 094 1
0000000 2e00000 1 0d7 0 1 2dfffff 1 0d7 1
000aca4 0000000 1 0a1 1 1 000aca4 1 0a1 1
000a116 0248000 0 07b 1 1 0252116 1 07b 0
0000000 3d00000 1 09a 1 0 3cfffff 0 09a 1
000c8d0 0000001 1 04b 1 0 000c8ce 1 04b 1
000a8f6 0000000 1 14b 0 0 000a8f6 0 14b 1
0000000 3f00000 1 0c0 1 0 3efffff 0 0c0 1
000c5b2 0000000 1 032 0 0 000c5b2 0 032 1
0000000 3d80000 1 0c6 0 1 3d7ffff 1 0c6 1
0009882 0000000 1 129 1 0 0009881 1 129 1
0007170 0000000 1 07b 1 1 0007170 1 07b 1
0007a21 0000000 1 11d 0 0 0007a21 0 11d 1
00067b0 0000000 1 0f6 1 0 00067af 1 0f6 1
0000000 3ac0000 1 0e8 0 1 3abffff 1 0e8 1
000b338 0c30000 0 05e 0 0 0c3b338 0 05e 0
0000000 29c0000 1 0f2 0 0 29c0000 0 0f2 1
0000000 3300000 1 0d9 1 0 32fffff 0 0d9 1
00089e2 0000000 1 121 1 0 00089e1 1 121 1
00090ac 0000000 1 0e5 0 0 00090ac 0 0e5 1
000622e 0000000 1 01a 0 1 000622d 0 01a 1
00059a6 0000000 1 08b 0 1 00059a5 0 08b 1
00067c0 0000000 1 0b1 1 1 00067c0 1 0b1 1
0009b97 0000000 1 0e2 1 1 0009b97 1 0e2 1
0008b38 0000000 1 07b 0 0 0008b38 0 07b 1
0000000 2100000 1 0a5 0 0 2100000 0 0a5 1
0000000 3a80000 1 09d 1 0 3a7ffff 0 09d 1
000892f 0000000 1 130 0 0 000892f 0 130 1
0000000 3480000 1 05a 0 1 347ffff 1 05a 1
0000000 3800000 1 0ef 0 1 37fffff 1 0ef 1
0009f24 0000b30 0 0e5 1 0 00093f4 1 0e5 0
0000000 3ac0000 1 03f 1 1 3ac0000 1 03f 1
0000000 2ac0000 1 097 0 0 2ac0000 0 097 1
000de5d 0000000 1 0c0 0 0 000de5d 0 0c0 1
0000000 25c0000 1 0da 1 1 25c0000 1 0da 1
0006e3c 0000000 1 0a8 0 0 0006e3c 0 0a8 1
000b018 0000000 1 0f8 1 1 000b018 1 0f8 1
0000000 2800000 1 0ed 0 1 27fffff 1 0ed 1
000b2aa 0000000 1 14a 0 1 000b2a9 0 14a 1
000627c 0000000 1 0d8 1 1 000627c 1 0d8 1
0007c29 0000000 1 070 0 0 0007c29 0 070 1
0000000 2ac0000 1 008 0 1 2abffff 1 008 1
0009698 0000000 1 11c 1 0 0009697 1 11c 1
00085b2 0000000 1 14b 0 0 00085b2 0 14b 1
0006d1a 0000000 1 0f9 0 1 0006d19 0 0f9 1
0000000 2cc0000 1 03f 1 1 2cc0000 1 03f 1
000779d 0000000 1 06d 1 1 000779d 1 06d 1
0000000 3e40000 1 062 0 1 3e3ffff 1 062 1
0008d5a 0000000 1 090 0 1 0008d59 0 090 1
0000000 3d80000 1 075 1 1 3d80000 1 075 1
0006482 0000000 1 0e7 0 1 0006481 0 0e7 1
0000000 2840000 1 045 1 1 2840000 1 045 1
000a740 0000000 1 0e1 0 0 000a740 0 0e1 1
000586e 0000000 1 0c1 0 0 000586e 0 0c1 1
000cd86 0000000 1 0a1 0 1 000cd85 0 0a1 1
00052b2 0000000 1 0cb 1 0 00052b1 1 0cb 1
0000000 3f40000 1 00f 0 1 3f3ffff 1 00f 1
00071fd 0000000 1 136 0 0 00071fd 0 136 1
0007b40 0000000 1 058 1 0 0007b3f 1 058 1
0000000 3a80000 1 077 0 0 3a80000 0 077 1
0000000 2b80000 1 0d5 1 0 2b7ffff 0 0d5 1
0000000 3680000 1 0e9 1 1 3680000 1 0e9 1
000d3a4 0000000 1 0b8 1 1 000d3a4 1 0b8 1
0007869 0000000 1 11e 0 0 0007869 0 11e 1
000892f 0000000 1 109 0 0 000892f 0 109 1
0000000 27c0000 1 0e8 0 0 27c0000 0 0e8 1
0000000 3840000 1 0bb 1 1 3840000 1 0bb 1
000dd42 0000000 1 105 0 0 000dd42 0 105 1
0000000 2140000 1 071 1 1 2140000 1 071 1
000d6c2 0000000 1 14b 1 1 000d6c2 1 14b 1
0009168 0000000 1 07d 1 0 0009167 1 07d 1
000a424 0000000 1 0d3 1 1 000a424 1 0d3 1
0000000 2680000 1 0a6 1 1 2680000 1 0a6 1
0000000 2980000 1 0e7 0 0 2980000 0 0e7 1
000dac0 0000000 1 0a8 1 0 000dabf 1 0a8 1
0000000 2c00000 1 0ac 1 0 2bfffff 0 0ac 1
0000000 2840000 1 0ac 0 0 2840000 0 0ac 1
000b1d6 0000000 1 06c 0 0 000b1d6 0 06c 1
00091da 0000000 1 0f9 1 1 00091da 1 0f9 1
0008f9d 0000000 1 058 1 1 0008f9d 1 058 1
0000000 33c0000 1 0b3 1 0 33bffff 0 0b3 1
0009768 0000000 1 0fe 0 0 0009768 0 0fe 1
0000000 2780000 1 049 0 1 277ffff 1 049 1
0000000 2480000 1 05b 1 0 247ffff 0 05b 1
0000000 2180000 1 0b7 1 1 2180000 1 0b7 1
0000000 36c0000 1 069 1 1 36c0000 1 069 1
0000000 23c0000 1 04a 1 0 23bffff 0 04a 1
0008e80 0000000 1 08d 0 1 0008e7f 0 08d 1
0000000 20c0000 1 0f2 1 0 20bffff 0 0f2 1
0000000 2c00000 1 0dd 1 1 2c00000 1 0dd 1
0000000 29c0000 1 0ec 1 1 29c0000 1 0ec 1
0000000 2340000 1 05c 0 1 233ffff 1 05c 1
000a8c0 0000000 1 144 0 0 000a8c0 0 144 1
000d48c 0000000 1 0ed 0 0 000d48c 0 0ed 1
0000000 3c40000 1 049 1 0 3c3ffff 0 049 1
0000000 3200000 1 0e3 1 0 31fffff 0 0e3 1
0006cd7 0000000 1 062 0 0 0006cd7 0 062 1
0008910 0000000 1 097 1 0 000890f 1 097 1
0000000 2a80000 1 0d2 1 1 2a80000 1 0d2 1
0000000 3740000 1 0c5 0 1 373ffff 1 0c5 1
000b46d 0000000 1 0f6 1 1 000b46d 1 0f6 1
0000000 3f80000 1 0a5 1 0 3f7ffff 0 0a5 1
00093a8 0000000 1 0c7 1 1 00093a8 1 0c7 1
0007eb4 0000000 1 10a 1 0 0007eb3 1 10a 1
0007054 0000000 1 0a4 1 1 0007054 1 0a4 1
000e0f7 0000000 1 063 1 1 000e0f7 1 063 1
000606c 0000000 1 11f 0 1 000606b 0 11f 1
0000000 3f80000 1 04d 0 1 3f7ffff 1 04d 1
000ab5e 0000000 1 12e 1 1 000ab5e 1 12e 1
00095af 0000000 1 128 0 1 00095ae 0 128 1
0000000 3840000 1 0a6 1 1 3840000 1 0a6 1
0005a08 0000000 1 05f 1 0 0005a07 1 05f 1
0005703 0000000 1 0d7 1 0 0005702 1 0d7 1
0007f3b 0000000 1 0b9 0 1 0007f3a 0 0b9 1
0005b58 0000000 1 099 0 0 0005b58 0 099 1
0006680 0000000 1 0c9 1 1 0006680 1 0c9 1
0000000 3040000 1 08c 0 0 3040000 0 08c 1
000aeed 0000000 1 09a 0 1 000aeec 0 09a 1
0000000 2d40000 1 00c 0 0 2d40000 0 00c 1
0000000 2ac0000 1 025 0 1 2abffff 1 025 1
0009973 0000000 1 0b3 0 0 0009973 0 0b3 1
000b216 0000000 1 0b2 0 0 000b216 0 0b2 1
0000000 2780000 1 0c9 0 0 2780000 0 0c9 1
0000000 26c0000 1 0ee 1 1 26c0000 1 0ee 1
0000000 29c0000 1 062 0 0 29c0000 0 062 1
000621c 0000000 1 09d 1 1 000621c 1 09d 1
0000000 3b40000 1 0e4 0 0 3b40000 0 0e4 1
000a010 0000000 1 141 1 1 000a010 1 141 1
0007c0e 0000000 1 130 1 1 0007c0e 1 130 1
000aca8 0000000 1 0f3 0 0 000aca8 0 0f3 1
0006e80 0000000 1 0aa 1 1 0006e80 1 0aa 1
0000000 3300000 1 0f1 1 0 32fffff 0 0f1 1
000b02c 0000000 1 083 1 1 000b02c 1 083 1
0009a38 0000000 1 0d0 0 0 0009a38 0 0d0 1
0000000 3fc0000 1 07b 1 1 3fc0000 1 07b 1
0000000 2080000 1 0d5 1 1 2080000 1 0d5 1
000e238 0000000 1 068 1 0 000e237 1 068 1
0000000 28c0000 1 095 1 0 28bffff 0 095 1
0000000 3d80000 1 05f 1 0 3d7ffff 0 05f 1
0000000 3340000 1 0c8 0 1 333ffff 1 0c8 1
0000000 3880000 1 0ab 0 0 3880000 0 0ab 1
0008694 0000000 1 10a 1 1 0008694 1 10a 1
0000000 3700000 1 083 1 1 3700000 1 083 1
00058ad 0000000 1 0ea 1 0 00058ac 1 0ea 1
0007ecd 0000000 1 129 0 1 0007ecc 0 129 1
00079b0 2800000 0 0e1 1 0 27f8650 0 0e1 0
0007ae8 0003080 0 072 0 1 0004a68 0 072 0
000d9c6 0000000 1 059 0 0 000d9c6 0 059 1
0000000 2740000 1 098 1 0 273ffff 0 098 1
000bd82 0000000 1 0f3 0 1 000bd81 0 0f3 1
0008d36 0000000 1 0c6 1 0 0008d35 1 0c6 1
000b9c7 0000000 1 137 1 1 000b9c7 1 137 1
0008d13 0000000 1 065 1 0 0008d12 1 065 1
0000000 2100000 1 03b 0 1 20fffff 1 03b 1
0000000 3d80000 1 0e2 1 0 3d7ffff 0 0e2 1
0009d58 0000004 1 062 0 0 0009d5c 0 062 1
000b129 0000000 1 0ce 1 1 000b129 1 0ce 1
0000000 2e00000 1 08d 1 1 2e00000 1 08d 1
0000000 24c0000 1 06b 0 0 24c0000 0 06b 1
0000000 29c0000 1 09d 1 0 29bffff 0 09d 1
000c678 0000000 1 0cf 0 0 000c678 0 0cf 1
0009009 0000000 1 0de 0 0 0009009 0 0de 1
0000000 2400000 1 08c 1 1 2400000 1 08c 1
0000000 3840000 1 0d7 0 0 3840000 0 0d7 1
0000000 38c0000 1 089 0 1 38bffff 1 089 1
0006cf0 0000000 1 044 1 1 0006cf0 1 044 1
0000000 2d80000 1 063 0 0 2d80000 0 063 1
0000000 3500000 1 076 0 1 34fffff 1 076 1
0009f4b 0000000 1 0ca 0 0 0009f4b 0 0ca 1
0004d08 0000000 1 137 0 1 0004d07 0 137 1
0008e71 0000000 1 0b0 0 1 0008e70 0 0b0 1
0000000 3180000 1 0e3 0 0 3180000 0 0e3 1
000b61c 000003e 1 0a7 0 0 000b65a 0 0a7 1
000aa62 0000000 1 0bf 0 0 000aa62 0 0bf 1
0000000 3840000 1 0e1 0 0 3840000 0 0e1 1
00052e6 0000000 1 07e 1 0 00052e5 1 07e 1
0005e3c 0000000 1 137 0 0 0005e3c 0 137 1
0000000 3840000 1 093 1 0 383ffff 0 093 1
0000000 3d40000 1 0e8 0 1 3d3ffff 1 0e8 1
0000000 22c0000 1 0a1 0 1 22bffff 1 0a1 1
0000000 2d00000 1 0bd 1 1 2d00000 1 0bd 1
0000000 3200000 1 0ee 0 0 3200000 0 0ee 1
0008dc0 0000000 1 08b 1 0 0008dbf 1 08b 1
0000000 2c80000 1 0f2 0 0 2c80000 0 0f2 1
0005f28 0000000 1 113 1 1 0005f28 1 113 1
0005218 0000000 1 100 0 0 0005218 0 100 1
0008af0 0000000 1 175 1 1 0008af0 1 175 1
0000000 22c0000 0 0b1 1 0 22c0000 0 0b1 0
00069a8 0000000 1 08e 0 0 00069a8 0 08e 1
0000000 2000000 1 00f 1 1 2000000 1 00f 1
00066c9 0000000 1 08d 1 0 00066c8 1 08d 1
0000000 3bc0000 1 0b4 1 0 3bbffff 0 0b4 1
0000000 2700000 1 052 1 0 26fffff 0 052 1
0006ddc 0000000 1 08d 1 1 0006ddc 1 08d 1
0000000 22c0000 1 0d1 1 0 22bffff 0 0d1 1
000590d 0000000 1 123 0 1 000590c 0 123 1
0000000 2740000 1 0b2 0 0 2740000 0 0b2 1
0008620 0000000 1 06c 0 0 0008620 0 06c 1
000ad40 0000000 1 123 0 1 000ad3f 0 123 1
0006f04 0000000 1 0ed 1 0 0006f03 1 0ed 1
0000000 2580000 1 05f 1 1 2580000 1 05f 1
0000000 2240000 0 0d1 1 0 2240000 0 0d1 0
00065e5 0000000 1 0d3 0 1 00065e4 0 0d3 1
00065d0 0000000 1 073 1 0 00065cf 1 073 1
0000000 2680000 1 08c 1 1 2680000 1 08c 1
0000000 2c00000 1 0ae 0 1 2bfffff 1 0ae 1
000afe0 0000000 1 057 0 1 000afdf 0 057 1
0009342 0000053 1 01f 1 0 00092ee 1 01f 1
0007bb4 0000000 1 09c 0 1 0007bb3 0 09c 1
0000000 3ec0000 1 05f 1 0 3ebffff 0 05f 1
0006030 0000000 1 134 0 0 0006030 0 134 1
0007b4b 1340000 0 0c0 0 0 1347b4b 0 0c0 0
000c738 0000000 1 140 0 1 000c737 0 140 1
0000000 3980000 1 0a6 1 0 397ffff 0 0a6 1
0000000 3880000 1 06f 1 1 3880000 1 06f 1
000787e 0000000 1 0f5 0 1 000787d 0 0f5 1
000df74 0000000 1 0e9 0 1 000df73 0 0e9 1
0005fa0 0000000 1 0f3 1 1 0005fa0 1 0f3 1
0000000 2a00000 1 0b4 0 0 2a00000 0 0b4 1
0000000 20c0000 1 088 0 0 20c0000 0 088 1
0000000 3200000 1 0cb 0 1 31fffff 1 0cb 1
000e087 0000000 1 036 0 0 000e087 0 036 1
0007cb0 0000006 1 0b2 1 0 0007ca9 1 0b2 1
00052a6 0000000 1 080 1 0 00052a5 1 080 1
0000000 2e80000 1 082 1 1 2e80000 1 082 1
000bf92 0000000 1 0b0 0 0 000bf92 0 0b0 1
000c4fe 0000000 1 153 0 1 000c4fd 0 153 1
00079ae 0000000 1 0b0 0 1 00079ad 0 0b0 1
0000000 28c0000 1 088 0 0 28c0000 0 088 1
000ddd8 0000000 1 037 1 0 000ddd7 1 037 1
000766b 0000000 1 08d 0 1 000766a 0 08d 1
00091a6 0000000 1 0b7 1 1 00091a6 1 0b7 1
0000000 33c0000 1 077 1 1 33c0000 1 077 1
0005ae1 0000a10 0 0b8 1 1 00064f1 1 0b8 0
0000000 20c0000 1 0d3 1 0 20bffff 0 0d3 1
000753f 0000000 1 110 1 0 000753e 1 110 1
0000000 2800000 1 0ad 0 1 27fffff 1 0ad 1
000675c 0000000 1 131 1 0 000675b 1 131 1
0004a54 0000000 1 0c5 1 1 0004a54 1 0c5 1
0000000 2d80000 1 09c 1 0 2d7ffff 0 09c 1
0008c23 0000000 1 05b 0 0 0008c23 0 05b 1
0000000 2e00000 1 0a3 1 0 2dfffff 0 0a3 1
0000000 3640000 1 09c 0 0 3640000 0 09c 1
000c5d0 0000000 1 107 0 1 000c5cf 0 107 1
0000000 2440000 1 0e4 0 0 2440000 0 0e4 1
0000000 3080000 1 0f3 0 1 307ffff 1 0f3 1
0000000 3800000 1 094 1 1 3800000 1 094 1
0000000 2e80000 1 0b7 0 0 2e80000 0 0b7 1
00066f0 0000000 1 0a8 1 1 00066f0 1 0a8 1
000d048 0000000 1 0c7 1 1 000d048 1 0c7 1
000b562 0000000 1 027 0 1 000b561 0 027 1
0000000 2200000 1 0e7 1 0 21fffff 0 0e7 1
0000000 3b80000 1 0bf 0 0 3b80000 0 0bf 1
000d6c2 0000000 1 086 0 1 000d6c1 0 086 1
00059ef 00034c0 0 089 1 0 000252f 1 089 0
0000000 3640000 1 0ad 1 1 3640000 1 0ad 1
0000000 3bc0000 1 0e1 1 1 3bc0000 1 0e1 1
0000000 2380000 1 0c2 1 0 237ffff 0 0c2 1
0000000 2740000 1 085 0 0 2740000 0 085 1
000adea 0000000 1 122 0 1 000ade9 0 122 1
0000000 2900000 1 02e 1 0 28fffff 0 02e 1
0000000 2140000 1 0ea 0 1 213ffff 1 0ea 1
0000000 2f40000 1 093 1 1 2f40000 1 093 1
000a8c0 0000000 1 035 1 0 000a8bf 1 035 1
0009fd1 0000000 1 0e9 0 1 0009fd0 0 0e9 1
0000000 28c0000 1 09d 0 1 28bffff 1 09d 1
0000000 37c0000 1 0b1 0 1 37bffff 1 0b1 1
000ac2b 0000000 1 0da 1 1 000ac2b 1 0da 1
0004c00 0000000 1 0c9 0 0 0004c00 0 0c9 1
00057e4 0000000 1 0df 1 1 00057e4 1 0df 1
0000000 3140000 1 0e5 1 1 3140000 1 0e5 1
000c0de 0000000 1 05a 1 1 000c0de 1 05a 1
00072cc 0009e00 0 0a5 1 1 00110cc 1 0a5 0
0006fc8 0000000 1 0f1 0 1 0006fc7 0 0f1 1
0006360 0000000 1 09e 0 0 0006360 0 09e 1
0000000 32c0000 1 090 1 1 32c0000 1 090 1
0009c46 0000000 1 0b0 0 0 0009c46 0 0b0 1
00080e4 0000000 1 0fd 0 1 00080e3 0 0fd 1
0000000 3580000 1 084 1 0 357ffff 0 084 1
0000000 3280000 1 069 0 0 3280000 0 069 1
000537c 0000000 1 07e 1 1 000537c 1 07e 1
0000000 2940000 1 0ec 0 0 2940000 0 0ec 1
0005bb6 0000000 1 03c 1 0 0005bb5 1 03c 1
0007491 0000000 1 0d4 0 1 0007490 0 0d4 1
0000000 3300000 1 09b 1 0 32fffff 0 09b 1
0000000 3a80000 1 0e9 0 1 3a7ffff 1 0e9 1
0000000 2400000 1 0ea 0 1 23fffff 1 0ea 1
0007364 0000000 1 0a6 0 1 0007363 0 0a6 1
0000000 3d00000 1 0bf 0 0 3d00000 0 0bf 1
0000000 3a80000 1 06f 0 0 3a80000 0 06f 1
0000000 3c00000 1 04d 0 0 3c00000 0 04d 1
0006039 0000000 1 053 1 0 0006038 1 053 1
0007b00 0000000 1 040 0 0 0007b00 0 040 1
0008d09 0000000 1 137 0 0 0008d09 0 137 1
000e6a0 0000000 1 0b0 0 0 000e6a0 0 0b0 1
000764a 0000000 1 110 1 1 000764a 1 110 1
0006ced 0000000 1 087 1 0 0006cec 1 087 1
0000000 2280000 1 06b 0 1 227ffff 1 06b 1
0005c73 0000000 1 0c1 1 1 0005c73 1 0c1 1
000c4e0 0000000 1 0d7 1 1 000c4e0 1 0d7 1
0009470 0000000 1 087 1 1 0009470 1 087 1
0006183 0000000 1 0bd 0 0 0006183 0 0bd 1
000a07a 0000648 0 100 0 0 000a6c2 0 100 0
0000000 2080000 1 096 0 1 207ffff 1 096 1
0006ecd 0000000 1 0f2 0 0 0006ecd 0 0f2 1
0008d56 0000000 1 0c8 0 1 0008d55 0 0c8 1
0000000 34c0000 1 073 0 1 34bffff 1 073 1
0000000 3e80000 1 03c 1 0 3e7ffff 0 03c 1
0000000 2040000 1 09d 1 1 2040000 1 09d 1
0009a22 00cf000 0 062 0 1 00c55de 1 062 0
0000000 2240000 1 0e1 0 1 223ffff 1 0e1 1
000bb86 0000000 1 13f 1 1 000bb86 1 13f 1
0000000 39c0000 1 3fe 1 1 39c0000 1 3fe 1
0007cb0 00ce000 0 014 1 0 00c6350 0 014 0
0000000 2f40000 1 0aa 0 0 2f40000 0 0aa 1
000b9c8 0000000 1 157 0 1 000b9c7 0 157 1
0000000 25c0000 1 0ee 0 0 25c0000 0 0ee 1
000b662 0000000 1 0e6 1 1 000b662 1 0e6 1
0000000 3200000 1 007 0 1 31fffff 1 007 1
000967a 0000000 1 117 1 0 0009679 1 117 1
0009bfa 0000000 1 0d1 0 0 0009bfa 0 0d1 1
0000000 2ec0000 1 0c6 1 0 2ebffff 0 0c6 1
0000000 2000000 1 0d5 0 1 1ffffff 1 0d5 1
0009b2d 0000000 1 0cc 0 0 0009b2d 0 0cc 1
0000000 2000000 1 0c2 1 1 2000000 1 0c2 1
0000000 3500000 1 0a5 1 0 34fffff 0 0a5 1
00072e4 0000000 1 0dc 1 1 00072e4 1 0dc 1
0000000 21c0000 1 0e7 0 1 21bffff 1 0e7 1
0000000 2fc0000 1 074 0 0 2fc0000 0 074 1
00066c8 0000000 1 108 1 0 00066c7 1 108 1
0000000 2c00000 1 0c9 0 0 2c00000 0 0c9 1
0006f45 0000000 1 098 0 1 0006f44 0 098 1
0006180 0000000 1 097 1 1 0006180 1 097 1
00083c7 00da000 0 076 1 1 00e23c7 1 076 0
0000000 3b00000 1 0f0 0 0 3b00000 0 0f0 1
0007fd5 0000000 1 0cc 0 0 0007fd5 0 0cc 1
000c060 0000000 1 066 0 0 000c060 0 066 1
0000000 2000000 1 0db 1 1 2000000 1 0db 1
0000000 35c0000 1 091 1 0 35bffff 0 091 1
0007360 0000000 1 12c 0 0 0007360 0 12c 1
000dc9b 0000000 1 02a 1 1 000dc9b 1 02a 1
0000000 2a40000 1 0a0 1 1 2a40000 1 0a0 1
0000000 3900000 1 011 0 0 3900000 0 011 1
0000000 31c0000 1 032 1 0 31bffff 0 032 1
0008090 0000000 1 0db 1 0 000808f 1 0db 1
0000000 2780000 1 0c5 1 0 277ffff 0 0c5 1
0000000 3100000 1 069 0 1 30fffff 1 069 1
000a67e 0000000 1 0a7 0 1 000a67d 0 0a7 1
0007bc0 0000000 1 07c 1 0 0007bbf 1 07c 1
0000000 2d80000 1 0c7 1 1 2d80000 1 0c7 1
00078dc 0000039 0 026 1 1 0007915 1 026 0
0000000 2580000 1 0d1 0 0 2580000 0 0d1 1
0000000 3ec0000 1 0d3 0 0 3ec0000 0 0d3 1
0000000 3680000 1 0f2 0 0 3680000 0 0f2 1
0000000 3f40000 1 0da 0 1 3f3ffff 1 0da 1
000866a 0000000 1 0e4 1 0 0008669 1 0e4 1
0000000 30c0000 1 05a 1 0 30bffff 0 05a 1
0000000 3a00000 1 093 0 0 3a00000 0 093 1
0000000 2740000 1 070 1 1 2740000 1 070 1
000b3ec 0000000 1 106 0 0 000b3ec 0 106 1
0000000 2180000 1 0c3 1 0 217ffff 0 0c3 1
0000000 3b00000 1 08b 1 1 3b00000 1 08b 1
0007ad0 0000000 1 0cc 0 1 0007acf 0 0cc 1
0007214 0000000 1 122 1 1 0007214 1 122 1
0000000 2900000 1 0ba 1 1 2900000 1 0ba 1
0007a60 0000000 1 096 0 0 0007a60 0 096 1
00076d4 0000000 0 124 0 0 00076d4 0 124 0
0000000 3980000 1 041 1 0 397ffff 0 041 1
0007f6c 0000000 1 06f 0 1 0007f6b 0 06f 1
000481c 0000000 1 153 0 0 000481c 0 153 1
00082b4 0004280 0 016 0 1 0004034 0 016 0
0009420 2a00000 0 0d6 1 0 29f6be0 0 0d6 0
0000000 3c40000 1 0a6 0 1 3c3ffff 1 0a6 1
000bc2e 0000000 1 0e5 0 1 000bc2d 0 0e5 1
0008a5e 0000000 1 0e2 1 0 0008a5d 1 0e2 1
0000000 3800000 1 04d 0 0 3800000 0 04d 1
0000000 2540000 1 08b 1 0 253ffff 0 08b 1
0000000 3300000 1 0d6 0 0 3300000 0 0d6 1
0000000 2700000 1 032 1 0 26fffff 0 032 1
0000000 3100000 1 0ab 0 0 3100000 0 0ab 1
0000000 3040000 1 0be 1 0 303ffff 0 0be 1
0000000 3c40000 1 0d4 1 0 3c3ffff 0 0d4 1
00058c0 00e5000 0 037 1 1 00ea8c0 1 037 0
00058e0 0000008 1 07c 1 0 00058d7 1 07c 1
0000000 2cc0000 1 0ec 0 0 2cc0000 0 0ec 1
0000000 2ec0000 1 0c9 1 0 2ebffff 0 0c9 1
000a2b8 0000000 1 0aa 0 1 000a2b7 0 0aa 1
000ea69 0000000 1 086 0 0 000ea69 0 086 1
0000000 3680000 1 064 1 0 367ffff 0 064 1
0000000 3900000 1 0a0 0 0 3900000 0 0a0 1
0000000 3540000 1 083 1 1 3540000 1 083 1
000a660 0000000 1 0df 0 0 000a660 0 0df 1
00079b8 0000000 1 080 1 0 00079b7 1 080 1
000e057 0000000 1 11f 0 1 000e056 0 11f 1
0007880 0000000 1 0d6 0 0 0007880 0 0d6 1
0007dc8 0000000 1 0bb 1 1 0007dc8 1 0bb 1
0006250 0000000 1 147 1 1 0006250 1 147 1
0000000 2000000 1 0b0 1 1 2000000 1 0b0 1
0000000 3a40000 1 0af 0 1 3a3ffff 1 0af 1
0000000 3940000 1 0ea 1 0 393ffff 0 0ea 1
0006b94 0002580 0 077 1 1 0009114 1 077 0
000a35a 0000000 1 155 0 0 000a35a 0 155 1
0000000 2800000 1 04e 1 1 2800000 1 04e 1
0000000 2d00000 1 0dd 0 0 2d00000 0 0dd 1
0000000 3740000 1 055 1 0 373ffff 0 055 1
0000000 27c0000 0 0d6 0 0 27c0000 0 0d6 0
0000000 2700000 1 056 0 1 26fffff 1 056 1
00048c2 0000000 1 080 1 0 00048c1 1 080 1
0000000 2bc0000 1 004 0 0 2bc0000 0 004 1
0009508 00016e0 0 05f 0 1 0007e28 0 05f 0
0000000 2780000 1 0d9 1 0 277ffff 0 0d9 1
0000000 3740000 1 082 1 0 373ffff 0 082 1
000e58c 0000000 1 0f3 1 1 000e58c 1 0f3 1
000651b 0000000 1 14a 0 1 000651a 0 14a 1
0000000 39c0000 1 0c8 1 1 39c0000 1 0c8 1
0006222 0000000 1 143 1 0 0006221 1 143 1
0000000 3280000 1 0d3 1 0 327ffff 0 0d3 1
000863a 0000000 1 0a3 1 0 0008639 1 0a3 1
0000000 2980000 1 0ab 1 0 297ffff 0 0ab 1
000580c 0000000 1 0fa 0 1 000580b 0 0fa 1
0000000 2580000 1 08b 1 0 257ffff 0 08b 1
0007fc1 0000000 1 0b4 0 0 0007fc1 0 0b4 1
0000000 3000000 1 0cf 0 1 2ffffff 1 0cf 1
0006a86 0000000 1 11d 0 1 0006a85 0 11d 1
000d7b8 0000000 1 077 1 0 000d7b7 1 077 1
0000000 3cc0000 1 0d5 0 1 3cbffff 1 0d5 1
0008ae0 0000000 1 056 0 0 0008ae0 0 056 1
000caf5 0000000 1 07a 1 1 000caf5 1 07a 1
000b860 0000000 1 118 1 1 000b860 1 118 1
0000000 3080000 1 0c6 1 0 307ffff 0 0c6 1
0000000 3080000 1 3fe 0 1 307ffff 1 3fe 1
000a3f8 0000000 1 099 1 1 000a3f8 1 099 1
0000000 2740000 1 028 0 1 273ffff 1 028 1
0000000 3040000 1 049 0 0 3040000 0 049 1
0000000 3a80000 1 057 0 1 3a7ffff 1 057 1
0005552 0000000 0 059 1 0 0005552 1 059 0
0005f74 0000000 1 11b 0 0 0005f74 0 11b 1
0007f7a 0000000 1 0e6 1 1 0007f7a 1 0e6 1
0000000 3000000 1 086 1 1 3000000 1 086 1
0000000 3e00000 1 09b 0 1 3dfffff 1 09b 1
00084ec 0000000 1 0c5 1 1 00084ec 1 0c5 1
0000000 3fc0000 1 03a 1 0 3fbffff 0 03a 1
0000000 2300000 1 0df 0 1 22fffff 1 0df 1
0006f50 0000000 1 0ec 1 1 0006f50 1 0ec 1
0008918 0000142 0 088 0 1 00087d6 0 088 0
0000000 3040000 1 0df 1 0 303ffff 0 0df 1
0006458 0000000 1 151 0 1 0006457 0 151 1
0008928 0000000 1 0af 0 1 0008927 0 0af 1
0000000 2e00000 1 0ce 1 1 2e00000 1 0ce 1
0004f80 0000000 1 0da 1 0 0004f7f 1 0da 1
0006618 0000000 1 0a8 0 0 0006618 0 0a8 1
000b0d0 0000000 1 0a1 0 0 000b0d0 0 0a1 1
0000000 23c0000 1 0c3 1 0 23bffff 0 0c3 1
000e5aa 0000000 1 0fb 1 1 000e5aa 1 0fb 1
0006ac8 0000000 1 04e 0 0 0006ac8 0 04e 1
0000000 2280000 1 056 1 0 227ffff 0 056 1
0000000 2a80000 1 063 1 0 2a7ffff 0 063 1
0000000 3000000 1 084 1 0 2ffffff 0 084 1
0000000 2840000 1 026 1 0 283ffff 0 026 1
0000000 28c0000 1 069 1 1 28c0000 1 069 1
0000000 29c0000 1 0f1 1 1 29c0000 1 0f1 1
0000000 35c0000 1 067 0 1 35bffff 1 067 1
0000000 2c40000 1 0d5 1 1 2c40000 1 0d5 1
0000000 3400000 1 04e 0 1 33fffff 1 04e 1
0006127 0000000 1 11b 1 0 0006126 1 11b 1
0000000 33c0000 1 0a3 1 0 33bffff 0 0a3 1
0000000 26c0000 1 0c0 0 1 26bffff 1 0c0 1
0000000 3780000 1 0ef 0 0 3780000 0 0ef 1
0008b49 0000000 1 0ee 1 1 0008b49 1 0ee 1
00056b9 0000000 1 0d8 0 0 00056b9 0 0d8 1
0000000 3c00000 0 0cf 1 1 3c00000 1 0cf 0
0000000 2740000 1 06a 1 1 2740000 1 06a 1
000864c 0000000 1 128 1 0 000864b 1 128 1
000a81f 0000000 1 070 0 0 000a81f 0 070 1
0006eb5 0000000 1 0ac 0 0 0006eb5 0 0ac 1
0000000 2600000 1 06d 0 1 25fffff 1 06d 1
0008659 0000000 1 0b3 1 0 0008658 1 0b3 1
0000000 23c0000 1 0c4 1 1 23c0000 1 0c4 1
0004da8 0000000 1 121 1 0 0004da7 1 121 1
0000000 3540000 1 0b5 1 1 3540000 1 0b5 1
0000000 21c0000 1 06c 1 1 21c0000 1 06c 1
0007982 0000000 1 0c7 0 1 0007981 0 0c7 1
0000000 2d80000 1 039 0 1 2d7ffff 1 039 1
000f90a 0000000 1 117 0 1 000f909 0 117 1
0000000 2600000 1 08a 1 1 2600000 1 08a 1
0006980 0000000 1 0f5 1 1 0006980 1 0f5 1
0005588 1c40000 0 0c0 1 1 1c45588 1 0c0 0
0000000 2b80000 1 0c2 1 0 2b7ffff 0 0c2 1
0000000 30c0000 1 0c8 0 1 30bffff 1 0c8 1
0000000 38c0000 1 06d 1 1 38c0000 1 06d 1
0000000 2d80000 1 0d8 1 1 2d80000 1 0d8 1
0000000 3d00000 1 06f 0 0 3d00000 0 06f 1
0000000 2140000 1 07c 1 0 213ffff 0 07c 1
0000000 3b40000 1 0a0 0 0 3b40000 0 0a0 1
0000000 3500000 1 0be 1 0 34fffff 0 0be 1
0000000 3780000 1 0ef 1 1 3780000 1 0ef 1
000a1a6 0000000 1 103 0 0 000a1a6 0 103 1
000854a 0000000 1 124 0 0 000854a 0 124 1
0000000 3f40000 1 0a8 0 1 3f3ffff 1 0a8 1
0005e06 0000000 1 0f0 1 0 0005e05 1 0f0 1
00053b8 3b00000 0 08c 1 0 3afac48 0 08c 0
0000000 3240000 1 0c7 1 0 323ffff 0 0c7 1
000dc9b 0000000 1 10e 0 1 000dc9a 0 10e 1
0006ba8 0000000 1 0a4 0 0 0006ba8 0 0a4 1
0006db0 0000000 1 0c0 0 0 0006db0 0 0c0 1
000c9a8 0000000 1 0b1 1 0 000c9a7 1 0b1 1
0000000 3740000 1 085 1 1 3740000 1 085 1
0000000 2000000 1 073 0 1 1ffffff 1 073 1
000a419 0000000 1 0ed 0 0 000a419 0 0ed 1
000cbd6 0000051 0 061 1 0 000cb85 1 061 0
0000000 2d40000 1 0f0 1 1 2d40000 1 0f0 1
0009048 0000000 1 139 1 1 0009048 1 139 1
0000000 2d80000 1 0dd 0 1 2d7ffff 1 0dd 1
0000000 2140000 0 035 0 0 2140000 0 035 0
0000000 2540000 1 0b5 1 1 2540000 1 0b5 1
0000000 3740000 1 0c1 1 0 373ffff 0 0c1 1
00090ea 0000000 1 0bc 1 0 00090e9 1 0bc 1
0000000 2280000 1 0c2 1 1 2280000 1 0c2 1
0000000 2ec0000 1 092 1 0 2ebffff 0 092 1
0007968 0000000 1 0e2 1 0 0007967 1 0e2 1
0006f0b 0000000 1 11d 0 0 0006f0b 0 11d 1
00081e2 0000000 1 0f1 1 0 00081e1 1 0f1 1
0000000 3640000 1 0a6 1 1 3640000 1 0a6 1
000dcf3 0000000 1 155 1 1 000dcf3 1 155 1
000947c 0000000 1 087 1 1 000947c 1 087 1
0000000 3280000 1 02f 0 0 3280000 0 02f 1
000a4f0 0000000 1 156 1 0 000a4ef 1 156 1
0000000 3c80000 1 074 0 1 3c7ffff 1 074 1
000797b 0000000 1 0b2 0 0 000797b 0 0b2 1
0000000 3440000 1 0aa 0 1 343ffff 1 0aa 1
0000000 3f00000 1 03b 0 0 3f00000 0 03b 1
0000000 2f40000 1 0e0 0 0 2f40000 0 0e0 1
0008f8e 0000000 1 0ce 0 0 0008f8e 0 0ce 1
0005811 00b2000 0 077 0 0 00b7811 0 077 0
0000000 32c0000 1 05a 0 0 32c0000 0 05a 1
0008cf0 0000000 1 0a5 1 1 0008cf0 1 0a5 1
000d240 0000000 1 075 1 0 000d23f 1 075 1
00063b0 0000000 1 08b 0 1 00063af 0 08b 1
0000000 3780000 1 0e4 0 1 377ffff 1 0e4 1
0006765 0000000 1 11c 0 1 0006764 0 11c 1
0000000 23c0000 1 015 1 1 23c0000 1 015 1
0000000 2400000 1 06b 0 1 23fffff 1 06b 1
0005002 0000000 1 14b 0 0 0005002 0 14b 1
0008943 0000000 1 142 1 1 0008943 1 142 1
0007803 0000000 1 077 0 1 0007802 0 077 1
0000000 2f00000 1 093 0 1 2efffff 1 093 1
000bc40 0000000 1 011 1 1 000bc40 1 011 1
000785a 0000000 1 102 1 1 000785a 1 102 1
00095a2 0000000 1 0bf 0 1 00095a1 0 0bf 1
0000000 3ec0000 1 0ce 1 1 3ec0000 1 0ce 1
0009321 0000000 1 082 1 1 0009321 1 082 1
0004ec3 0000000 1 0ab 0 1 0004ec2 0 0ab 1
0000000 2d40000 1 0e7 1 0 2d3ffff 0 0e7 1
0000000 2e40000 1 071 1 1 2e40000 1 071 1
0000000 3e80000 1 079 1 0 3e7ffff 0 079 1
0000000 3ac0000 1 037 0 1 3abffff 1 037 1
0000000 3300000 1 0e7 0 1 32fffff 1 0e7 1
0000000 2580000 1 0c2 0 1 257ffff 1 0c2 1
0000000 3580000 1 098 0 0 3580000 0 098 1
0000000 26c0000 1 091 0 1 26bffff 1 091 1
000e31c 0000000 1 0f2 0 0 000e31c 0 0f2 1
0000000 3180000 1 061 1 0 317ffff 0 061 1
0007984 0000000 1 11c 0 1 0007983 0 11c 1
0000000 3c00000 1 083 0 0 3c00000 0 083 1
0007da0 0000930 0 031 1 0 0007470 1 031 0
0000000 2100000 1 070 1 0 20fffff 0 070 1
0000000 3640000 1 05a 1 1 3640000 1 05a 1
000aae6 0000000 1 149 1 0 000aae5 1 149 1
0006f66 0000000 1 06f 0 0 0006f66 0 06f 1
0000000 3940000 1 0b1 0 1 393ffff 1 0b1 1
0005216 0000000 1 08a 1 0 0005215 1 08a 1
0005070 0000000 0 0ab 0 1 0005070 0 0ab 0
0000000 2e40000 1 014 1 0 2e3ffff 0 014 1
0000000 2440000 1 046 0 1 243ffff 1 046 1
0000000 2180000 1 0df 0 1 217ffff 1 0df 1
0000000 29c0000 1 052 1 1 29c0000 1 052 1
0000000 3340000 1 0d0 0 0 3340000 0 0d0 1
0004c80 0000000 1 0a0 0 1 0004c7f 0 0a0 1
0000000 3140000 1 0d0 1 1 3140000 1 0d0 1
0000000 2780000 1 0d0 0 0 2780000 0 0d0 1
000a316 0000007 1 0f1 1 0 000a30e 1 0f1 1
0000000 3300000 1 0ea 0 0 3300000 0 0ea 1
0000000 2980000 1 0bc 0 1 297ffff 1 0bc 1
0000000 2440000 1 0b4 0 0 2440000 0 0b4 1
000b6a2 0000000 1 0c0 0 1 000b6a1 0 0c0 1
000dc54 0002800 0 027 0 1 000b454 0 027 0
000492d 0000000 1 0ab 1 0 000492c 1 0ab 1
0000000 35c0000 1 00c 1 0 35bffff 0 00c 1
0007026 0000000 1 05a 0 1 0007025 0 05a 1
0000000 2a80000 1 077 0 1 2a7ffff 1 077 1
0000000 23c0000 1 0b9 0 0 23c0000 0 0b9 1
00072c4 0000000 1 060 0 0 00072c4 0 060 1
0000000 29c0000 1 0f1 0 1 29bffff 1 0f1 1
000b9fa 0000000 1 0dd 1 0 000b9f9 1 0dd 1
0007d19 0000000 1 121 0 0 0007d19 0 121 1
0009894 0000000 1 0ca 1 0 0009893 1 0ca 1
000c744 0000000 1 0de 1 1 000c744 1 0de 1
0006a0e 0000000 1 065 1 0 0006a0d 1 065 1
0000000 2840000 1 0dc 1 1 2840000 1 0dc 1
00087e6 0000000 1 11e 1 0 00087e5 1 11e 1
0000000 36c0000 1 090 1 1 36c0000 1 090 1
0000000 3ac0000 1 097 0 0 3ac0000 0 097 1
000841c 0000000 1 0fd 0 0 000841c 0 0fd 1
0000000 2340000 1 0bc 0 1 233ffff 1 0bc 1
0000000 3700000 1 014 0 1 36fffff 1 014 1
0007034 001dc00 0 0f3 0 1 0016bcc 1 0f3 0
0000000 3700000 1 09f 1 1 3700000 1 09f 1
000ad22 0000000 1 115 1 0 000ad21 1 115 1
00096aa 0000000 1 123 0 0 00096aa 0 123 1
000883b 0000000 1 12a 0 0 000883b 0 12a 1
0000000 2040000 1 0e2 0 0 2040000 0 0e2 1
000b3b8 0000000 1 0c6 1 0 000b3b7 1 0c6 1
0000000 3c80000 1 046 1 1 3c80000 1 046 1
0000000 3780000 1 089 1 0 377ffff 0 089 1
00098b5 0000000 1 0e7 1 0 00098b4 1 0e7 1
0008809 0000000 1 0c9 0 1 0008808 0 0c9 1
00076ba 0000000 1 099 0 0 00076ba 0 099 1
0000000 39c0000 1 07f 1 1 39c0000 1 07f 1
0005811 0000000 1 12c 0 0 0005811 0 12c 1
0000000 2b40000 1 0e7 1 0 2b3ffff 0 0e7 1
0000000 2600000 1 064 0 1 25fffff 1 064 1
0000000 31c0000 1 0a2 1 0 31bffff 0 0a2 1
0008156 0036800 0 0cc 0 0 003e956 0 0cc 0
000bb45 0000000 1 0c5 0 1 000bb44 0 0c5 1
0000000 3740000 1 09b 1 0 373ffff 0 09b 1
0000000 37c0000 1 0ea 1 0 37bffff 0 0ea 1
000590d 0000000 1 036 0 0 000590d 0 036 1
0004696 0000000 1 048 1 0 0004695 1 048 1
0000000 2780000 1 02d 0 1 277ffff 1 02d 1
0005716 0000000 1 08b 1 1 0005716 1 08b 1
0006558 0000000 1 165 0 1 0006557 0 165 1
000f324 0000000 1 071 0 0 000f324 0 071 1
0000000 22c0000 1 058 0 1 22bffff 1 058 1
0006a0e 0000000 1 051 1 0 0006a0d 1 051 1
00076de 0000000 1 094 1 1 00076de 1 094 1
000b4c0 0000000 1 132 1 0 000b4bf 1 132 1
0000000 3340000 1 0a8 0 1 333ffff 1 0a8 1
0008758 0000000 1 0b8 0 0 0008758 0 0b8 1
000ab48 0000000 1 146 1 0 000ab47 1 146 1
0000000 2a00000 1 0f3 0 1 29fffff 1 0f3 1
0008100 0000000 1 11a 1 0 00080ff 1 11a 1
0000000 3fc0000 1 072 1 0 3fbffff 0 072 1
0000000 2e00000 1 0c8 0 1 2dfffff 1 0c8 1
0000000 2c00000 1 0d9 1 1 2c00000 1 0d9 1
0006510 0000000 1 0c3 0 0 0006510 0 0c3 1
0007b60 0000000 1 0db 1 0 0007b5f 1 0db 1
0007cf8 0000000 1 10f 0 0 0007cf8 0 10f 1
0000000 3100000 1 007 1 1 3100000 1 007 1
0000000 2280000 1 050 1 1 2280000 1 050 1
0000000 3cc0000 1 041 0 0 3cc0000 0 041 1
0006183 20c0000 0 04a 1 0 20b9e7d 0 04a 0
0006fcf 0000000 1 103 0 0 0006fcf 0 103 1
00080bc 0000000 1 0e9 1 1 00080bc 1 0e9 1
0000000 31c0000 1 0e8 0 0 31c0000 0 0e8 1
0000000 2ec0000 1 088 0 1 2ebffff 1 088 1
0006a80 0000000 1 084 0 1 0006a7f 0 084 1
0000000 26c0000 1 05c 0 0 26c0000 0 05c 1
0000000 37c0000 1 09b 1 1 37c0000 1 09b 1
0007020 0000000 1 107 0 1 000701f 0 107 1
0009ac2 0264000 0 073 0 1 025a53e 1 073 0
0000000 3ac0000 1 08e 1 1 3ac0000 1 08e 1
0000000 3000000 1 076 0 1 2ffffff 1 076 1
0005832 0000000 1 083 1 1 0005832 1 083 1
0000000 3a80000 1 08d 1 0 3a7ffff 0 08d 1
0000000 2e40000 1 0d1 1 1 2e40000 1 0d1 1
0000000 2780000 1 0a3 1 1 2780000 1 0a3 1
0000000 3a80000 1 08d 0 1 3a7ffff 1 08d 1
0000000 2fc0000 1 00b 0 0 2fc0000 0 00b 1
0005ebe 0000000 1 0eb 1 1 0005ebe 1 0eb 1
0000000 3240000 1 0ed 1 1 3240000 1 0ed 1
000961e 0000000 1 0f4 1 1 000961e 1 0f4 1
0000000 2500000 1 078 1 0 24fffff 0 078 1
0000000 2400000 1 050 0 1 23fffff 1 050 1
000772e 0000005 1 02a 0 0 0007733 0 02a 1
0007263 0000000 1 092 1 0 0007262 1 092 1
0008397 0000000 1 12e 0 1 0008396 0 12e 1
0008d1e 0000000 1 0c2 1 0 0008d1d 1 0c2 1
0006f36 0000000 1 112 1 1 0006f36 1 112 1
0000000 3800000 1 0cd 1 1 3800000 1 0cd 1
00092d6 0000000 1 0b4 0 0 00092d6 0 0b4 1
00046a4 0000000 1 0b7 1 1 00046a4 1 0b7 1
0007fc0 0178000 0 0ab 1 1 017ffc0 1 0ab 0
0000000 39c0000 1 08f 1 0 39bffff 0 08f 1
000a7d0 0000000 1 108 0 1 000a7cf 0 108 1
0008520 0000000 1 147 0 1 000851f 0 147 1
0000000 2900000 1 0a5 1 0 28fffff 0 0a5 1
0000000 3600000 1 09a 0 1 35fffff 1 09a 1
0000000 3e80000 1 0da 0 1 3e7ffff 1 0da 1
000d7d2 0000000 1 108 1 0 000d7d1 1 108 1
000b7eb 0000000 1 0f2 0 1 000b7ea 0 0f2 1
0005d49 0000000 1 0e2 1 0 0005d48 1 0e2 1
0008c8b 00000a5 0 0d6 1 1 0008d30 1 0d6 0
00064dd 0000000 1 0ed 1 1 00064dd 1 0ed 1
0000000 3200000 1 0a3 1 1 3200000 1 0a3 1
0000000 2fc0000 1 0c2 0 0 2fc0000 0 0c2 1
0007803 0000000 1 0b6 1 1 0007803 1 0b6 1
0000000 2300000 1 0ea 1 0 22fffff 0 0ea 1
000b98c 0000000 1 0ee 1 0 000b98b 1 0ee 1
0000000 3b80000 1 0c9 0 0 3b80000 0 0c9 1
0000000 3ac0000 1 0ea 1 1 3ac0000 1 0ea 1
000a464 0000000 1 038 0 1 000a463 0 038 1
0000000 31c0000 1 08c 1 1 31c0000 1 08c 1
0000000 3680000 1 087 1 1 3680000 1 087 1
0007b66 0000000 1 145 0 0 0007b66 0 145 1
0007b84 0000000 1 08d 0 0 0007b84 0 08d 1
0006510 01f6000 0 0c7 1 1 01fc510 1 0c7 0
000ad70 0000000 1 113 1 1 000ad70 1 113 1
0000000 24c0000 1 0f3 0 1 24bffff 1 0f3 1
0000000 24c0000 1 04e 1 0 24bffff 0 04e 1
0000000 2d00000 1 04e 0 1 2cfffff 1 04e 1
000bc2e 0000a20 0 01c 0 0 000c64e 0 01c 0
000b7da 0000000 1 0ee 1 0 000b7d9 1 0ee 1
0007380 0000000 1 0b5 1 0 000737f 1 0b5 1
00067d2 0000000 1 0ee 1 0 00067d1 1 0ee 1
000a5a8 0000000 1 11b 1 0 000a5a7 1 11b 1
0000000 3240000 1 0ef 1 1 3240000 1 0ef 1
0000000 3540000 1 086 1 0 353ffff 0 086 1
000709e 0000000 1 03d 1 1 000709e 1 03d 1
000e5aa 0000000 1 13e 0 0 000e5aa 0 13e 1
0000000 34c0000 1 0ad 1 1 34c0000 1 0ad 1
0000000 3100000 1 060 1 1 3100000 1 060 1
0009709 0000000 1 0f8 1 0 0009708 1 0f8 1
0000000 32c0000 1 0a2 0 1 32bffff 1 0a2 1
0000000 2e00000 1 0e2 0 1 2dfffff 1 0e2 1
0000000 2480000 1 0bd 0 1 247ffff 1 0bd 1
0000000 3680000 1 0e7 0 0 3680000 0 0e7 1
00055b6 0000000 1 113 0 1 00055b5 0 113 1
0005606 0000000 1 09a 0 1 0005605 0 09a 1
000a5a0 000dd00 0 0c3 0 1 0003760 1 0c3 0
0005200 0000000 1 05f 0 0 0005200 0 05f 1
0000000 2580000 1 0c3 1 1 2580000 1 0c3 1
00085bb 0000000 1 0d7 0 0 00085bb 0 0d7 1
0000000 3780000 1 0ae 1 0 377ffff 0 0ae 1
0000000 2440000 1 091 0 0 2440000 0 091 1
0000000 2540000 1 0d6 0 1 253ffff 1 0d6 1
000aca5 00003b0 0 07b 1 1 000b055 1 07b 0
0000000 3840000 1 0e3 0 0 3840000 0 0e3 1
000b69e 0000000 1 064 1 1 000b69e 1 064 1
0000000 3e80000 1 0f3 1 1 3e80000 1 0f3 1
0000000 25c0000 1 096 0 0 25c0000 0 096 1
0000000 3a40000 1 0f3 1 1 3a40000 1 0f3 1
0004aec 0000000 1 0b4 1 1 0004aec 1 0b4 1
0000000 2240000 1 0d2 0 1 223ffff 1 0d2 1
0008267 0000000 1 0dc 0 0 0008267 0 0dc 1
0000000 33c0000 1 085 1 0 33bffff 0 085 1
0007584 0000000 1 144 0 0 0007584 0 144 1
0000000 2e00000 1 0a6 1 1 2e00000 1 0a6 1
000d4e6 0000000 1 0cd 0 1 000d4e5 0 0cd 1
0000000 2180000 1 0ab 1 1 2180000 1 0ab 1
0000000 3ac0000 1 0c8 1 1 3ac0000 1 0c8 1
0000000 26c0000 1 06f 0 1 26bffff 1 06f 1
0000000 34c0000 1 3f7 0 1 34bffff 1 3f7 1
0000000 3200000 1 0af 1 0 31fffff 0 0af 1
000492d 0000000 1 089 0 1 000492c 0 089 1
0000000 3580000 1 0f0 0 0 3580000 0 0f0 1
0000000 2580000 1 091 0 0 2580000 0 091 1
0004b55 0000000 1 080 1 0 0004b54 1 080 1
0000000 3440000 1 0c4 1 1 3440000 1 0c4 1
0000000 3a00000 1 037 0 0 3a00000 0 037 1
0000000 3480000 1 0df 0 0 3480000 0 0df 1
0000000 33c0000 1 0a2 1 1 33c0000 1 0a2 1
0000000 2440000 1 0c6 0 1 243ffff 1 0c6 1
0000000 2400000 1 3ff 1 0 23fffff 0 3ff 1
00098b8 0000000 1 0c8 0 1 00098b7 0 0c8 1
00063c9 0000000 1 07f 1 0 00063c8 1 07f 1
0000000 2a80000 1 03f 1 0 2a7ffff 0 03f 1
0000000 2d80000 1 028 0 1 2d7ffff 1 028 1
0000000 24c0000 1 0a4 1 1 24c0000 1 0a4 1
0005793 0000000 1 05c 0 0 0005793 0 05c 1
0000000 2ac0000 1 0a3 0 0 2ac0000 0 0a3 1
0000000 2340000 1 0c2 0 1 233ffff 1 0c2 1
0000000 24c0000 1 078 1 1 24c0000 1 078 1
0005577 0000000 1 0a9 0 0 0005577 0 0a9 1
0000000 3180000 1 00e 0 0 3180000 0 00e 1
0000000 2c80000 1 0ae 0 0 2c80000 0 0ae 1
0005706 0000000 1 15f 1 0 0005705 1 15f 1
000461b 0000000 1 056 0 1 000461a 0 056 1
0000000 3ec0000 1 0d4 0 1 3ebffff 1 0d4 1
0007656 0000000 1 0bf 1 1 0007656 1 0bf 1
00056a0 0000000 1 0a2 0 1 000569f 0 0a2 1
0000000 2580000 1 0c8 0 0 2580000 0 0c8 1
000b05e 0000000 1 0f0 0 1 000b05d 0 0f0 1
0000000 2800000 0 3fd 1 0 2800000 0 3fd 0
000dd34 000e900 0 099 1 0 0000bcc 0 099 0
0005cf8 0000000 1 0e2 0 1 0005cf7 0 0e2 1
00084b1 0000000 1 122 1 0 00084b0 1 122 1
0000000 2fc0000 0 0da 0 1 2fc0000 1 0da 0
0009438 0000000 1 0d3 0 1 0009437 0 0d3 1
000c696 0000000 1 092 0 0 000c696 0 092 1
0000000 29c0000 1 0f2 1 1 29c0000 1 0f2 1
0000000 22c0000 1 0ef 1 0 22bffff 0 0ef 1
000a55a 00001a6 0 039 0 0 000a700 0 039 0
000ea79 000009e 0 013 1 0 000e9db 1 013 0
0000000 3c40000 1 3fe 0 0 3c40000 0 3fe 1
0000000 2380000 1 06c 0 1 237ffff 1 06c 1
00079b9 0000000 1 09e 0 0 00079b9 0 09e 1
0005e56 0000000 1 0de 0 0 0005e56 0 0de 1
000b3de 0000000 1 110 1 0 000b3dd 1 110 1
0005a93 0000000 1 105 1 1 0005a93 1 105 1
000acf8 0000000 1 073 1 1 000acf8 1 073 1
0000000 2fc0000 1 0dd 0 0 2fc0000 0 0dd 1
0005c37 0000000 1 11b 1 1 0005c37 1 11b 1
0000000 20c0000 1 0a2 0 1 20bffff 1 0a2 1
0007711 0000000 1 065 0 0 0007711 0 065 1
0000000 3700000 1 032 1 1 3700000 1 032 1
0000000 3680000 1 0f0 1 1 3680000 1 0f0 1
00092f4 0000000 1 113 1 0 00092f3 1 113 1
0006d46 0000000 1 129 0 1 0006d45 0 129 1
0000000 2d00000 1 0ef 1 0 2cfffff 0 0ef 1
0008c44 0000000 1 119 0 1 0008c43 0 119 1
000b860 0000000 1 102 1 0 000b85f 1 102 1
0000000 2e00000 1 0a1 0 1 2dfffff 1 0a1 1
000e2d8 0000000 1 0aa 1 0 000e2d7 1 0aa 1
0000000 3100000 1 07c 1 1 3100000 1 07c 1
0000000 2b00000 1 0e6 1 0 2afffff 0 0e6 1
0000000 2f80000 1 0c2 0 1 2f7ffff 1 0c2 1
0000000 3340000 1 090 0 0 3340000 0 090 1
0000000 2400000 1 099 0 1 23fffff 1 099 1
0008a40 000000b 1 07b 1 0 0008a34 1 07b 1
0000000 2880000 1 048 0 1 287ffff 1 048 1
0007ae9 0000000 1 12f 1 0 0007ae8 1 12f 1
000777e 0000000 1 0e7 0 1 000777d 0 0e7 1
0000000 2140000 1 0c2 1 1 2140000 1 0c2 1
0000000 3980000 1 0b5 1 1 3980000 1 0b5 1
0000000 26c0000 1 3ff 1 0 26bffff 0 3ff 1
0000000 3dc0000 1 0b8 0 0 3dc0000 0 0b8 1
000b138 0000000 1 13c 0 0 000b138 0 13c 1
0005ef6 0000000 1 0bb 0 1 0005ef5 0 0bb 1
0000000 3500000 1 09e 0 0 3500000 0 09e 1
0000000 3500000 1 08e 1 1 3500000 1 08e 1
0000000 35c0000 1 075 0 1 35bffff 1 075 1
0007238 0000000 1 03a 0 0 0007238 0 03a 1
0009171 0000000 1 0b4 0 0 0009171 0 0b4 1
0007080 0000000 1 061 0 1 000707f 0 061 1
0000000 3a40000 1 085 1 1 3a40000 1 085 1
0007116 0000000 1 0a3 0 1 0007115 0 0a3 1
0000000 2d40000 1 0e0 1 0 2d3ffff 0 0e0 1
0000000 2280000 1 0d1 1 1 2280000 1 0d1 1
000a1c4 0000008 1 0d0 1 1 000a1cc 1 0d0 1
00092a8 0000018 1 023 1 0 000928f 1 023 1
0007380 0000000 1 0dd 1 1 0007380 1 0dd 1
0000000 3140000 1 053 1 0 313ffff 0 053 1
0006f84 0000000 1 0f0 0 1 0006f83 0 0f0 1
00085e0 0000000 1 0de 1 1 00085e0 1 0de 1
0000000 3300000 1 0d1 0 1 32fffff 1 0d1 1
0000000 3540000 1 0ba 0 1 353ffff 1 0ba 1
0000000 2d80000 1 04e 1 0 2d7ffff 0 04e 1
0000000 3c40000 1 08f 1 1 3c40000 1 08f 1
0000000 3780000 1 081 1 1 3780000 1 081 1
0009dcd 0000000 1 0fd 0 1 0009dcc 0 0fd 1
0006280 0000000 1 12b 0 0 0006280 0 12b 1
0000000 3380000 1 005 0 0 3380000 0 005 1
0000000 28c0000 1 0f1 1 1 28c0000 1 0f1 1
0000000 29c0000 1 3fd 0 0 29c0000 0 3fd 1
000a6eb 0000000 1 15f 0 1 000a6ea 0 15f 1
0000000 2940000 1 05b 1 0 293ffff 0 05b 1
0000000 2900000 1 031 0 1 28fffff 1 031 1
00083db 0000000 1 0f4 1 1 00083db 1 0f4 1
0000000 3b00000 1 051 1 0 3afffff 0 051 1
0000000 37c0000 1 0c3 0 0 37c0000 0 0c3 1
000d8cc 0000000 1 10a 0 0 000d8cc 0 10a 1
0000000 23c0000 1 0c5 1 1 23c0000 1 0c5 1
0000000 2980000 1 0d2 0 0 2980000 0 0d2 1
0008c32 0000000 1 0c8 1 0 0008c31 1 0c8 1
0000000 3640000 1 0a6 1 1 3640000 1 0a6 1
00089fa 0000000 1 060 0 0 00089fa 0 060 1
000a35c 1a80000 0 0a5 1 1 1a8a35c 1 0a5 0
000a560 0000000 1 14f 0 0 000a560 0 14f 1
0008560 0000000 1 0c8 0 1 000855f 0 0c8 1
000bb40 0000000 1 052 1 1 000bb40 1 052 1
000d401 0000000 1 075 1 0 000d400 1 075 1
0000000 3400000 1 0c0 0 0 3400000 0 0c0 1
0000000 2d40000 1 06d 1 1 2d40000 1 06d 1
0000000 2f00000 1 0ca 1 1 2f00000 1 0ca 1
0000000 2d80000 1 07f 0 0 2d80000 0 07f 1
00087a0 0000000 1 116 0 0 00087a0 0 116 1
000c60e 0000000 1 0cd 1 0 000c60d 1 0cd 1
000b860 0000000 1 079 1 0 000b85f 1 079 1
0005f0f 0000000 1 08d 1 0 0005f0e 1 08d 1
0006328 0000000 1 0b0 1 1 0006328 1 0b0 1
0008362 0000000 1 170 1 1 0008362 1 170 1
0000000 3bc0000 1 0c5 1 1 3bc0000 1 0c5 1
0008cc4 0000000 1 0ce 0 1 0008cc3 0 0ce 1
0007770 0000000 1 094 1 1 0007770 1 094 1
00050a0 0000000 1 03b 0 0 00050a0 0 03b 1
0008a07 0000000 1 0f8 0 1 0008a06 0 0f8 1
000f22d 0000000 1 059 0 1 000f22c 0 059 1
0000000 23c0000 1 0e3 0 1 23bffff 1 0e3 1
0007b24 0000000 1 08b 1 1 0007b24 1 08b 1
0000000 2c00000 1 0f3 1 0 2bfffff 0 0f3 1
0000000 2900000 1 051 0 1 28fffff 1 051 1
0000000 2380000 1 0b8 1 1 2380000 1 0b8 1
00081ba 0000000 1 09c 0 0 00081ba 0 09c 1
0000000 3b00000 1 036 0 0 3b00000 0 036 1
000c00c 0000000 1 0b9 0 1 000c00b 0 0b9 1
0009cc4 0000000 1 0a9 1 1 0009cc4 1 0a9 1
0000000 3f40000 1 093 0 1 3f3ffff 1 093 1
00073b8 0000000 1 061 0 1 00073b7 0 061 1
000ae4e 0000000 1 0dc 1 1 000ae4e 1 0dc 1
0008c14 0000038 1 06c 0 1 0008bdb 0 06c 1
0005970 0000000 1 0fc 0 1 000596f 0 0fc 1
000c2b2 0000000 1 0b8 1 1 000c2b2 1 0b8 1
0007590 0000000 1 049 0 0 0007590 0 049 1
00097f9 0000000 1 06b 0 0 00097f9 0 06b 1
000919b 0000000 1 076 0 1 000919a 0 076 1
0006a80 0000000 1 087 0 1 0006a7f 0 087 1
000af38 0000000 1 0ae 1 0 000af37 1 0ae 1
0008fcf 0000000 1 07c 1 0 0008fce 1 07c 1
0000000 3580000 1 0b4 0 1 357ffff 1 0b4 1
0007568 0000000 1 050 0 0 0007568 0 050 1
0000000 2180000 1 0b8 0 0 2180000 0 0b8 1
0006b40 0000000 1 0b3 0 0 0006b40 0 0b3 1
00076bc 0000029 1 09d 0 0 00076e5 0 09d 1
00083db 0000000 1 098 1 1 00083db 1 098 1
00069ed 0000000 1 0fd 1 1 00069ed 1 0fd 1
00081c5 0000000 1 0d8 1 1 00081c5 1 0d8 1
000eb62 0000000 1 0ac 0 0 000eb62 0 0ac 1
000781e 00001aa 0 034 0 1 0007674 0 034 0
0000000 3840000 1 04c 1 1 3840000 1 04c 1
0000000 2000000 1 07e 0 0 2000000 0 07e 1
000ea60 0000000 1 068 1 0 000ea5f 1 068 1
000ba88 0000000 1 0e4 0 0 000ba88 0 0e4 1
0008700 0000000 1 14e 1 1 0008700 1 14e 1
000a758 0000000 1 0a9 0 0 000a758 0 0a9 1
0000000 2200000 1 0e1 1 0 21fffff 0 0e1 1
0000000 2c40000 1 0cf 1 0 2c3ffff 0 0cf 1
0000000 2780000 1 05d 0 1 277ffff 1 05d 1
0000000 2100000 1 05c 1 0 20fffff 0 05c 1
0007832 0000000 1 03f 0 0 0007832 0 03f 1
0000000 2c80000 1 0d3 0 0 2c80000 0 0d3 1
0000000 22c0000 1 022 0 1 22bffff 1 022 1
0000000 2040000 1 09a 1 1 2040000 1 09a 1
000ee4d 0000000 1 09b 1 0 000ee4c 1 09b 1
00096c8 0000000 1 0ea 0 0 00096c8 0 0ea 1
0000000 2280000 1 04f 0 0 2280000 0 04f 1
000b914 0000000 1 0f2 0 0 000b914 0 0f2 1
0000000 3240000 1 0e3 1 0 323ffff 0 0e3 1
0008fee 0000003 1 026 1 0 0008fea 1 026 1
0000000 3040000 1 00b 0 1 303ffff 1 00b 1
00078a8 0000000 1 077 0 1 00078a7 0 077 1
000d197 0000000 1 12d 1 1 000d197 1 12d 1
00074fd 0000108 0 0bf 1 1 0007605 1 0bf 0
0006a35 0000000 1 03c 0 1 0006a34 0 03c 1
0007b10 0000000 1 0f6 0 0 0007b10 0 0f6 1
00082fc 0000000 1 0f6 0 1 00082fb 0 0f6 1
00076d4 0000000 1 151 0 1 00076d3 0 151 1
0000000 3900000 1 0e6 1 1 3900000 1 0e6 1
0005575 0000000 1 080 1 1 0005575 1 080 1
0006fda 0000000 1 0f7 1 0 0006fd9 1 0f7 1
0000000 3fc0000 1 0d3 1 1 3fc0000 1 0d3 1
0000000 3c40000 1 0b9 0 1 3c3ffff 1 0b9 1
000ac44 0000000 1 115 0 0 000ac44 0 115 1
0007f9e 0000000 1 06c 0 0 0007f9e 0 06c 1
000e11e 0000000 1 0ad 1 1 000e11e 1 0ad 1
0000000 2180000 1 017 0 1 217ffff 1 017 1
0000000 3680000 1 0b2 0 1 367ffff 1 0b2 1
0000000 3440000 1 0a0 1 0 343ffff 0 0a0 1
0005016 0000000 1 0c0 1 0 0005015 1 0c0 1
000d56b 0000000 1 084 0 1 000d56a 0 084 1
0000000 2e40000 1 069 1 1 2e40000 1 069 1
0000000 3a40000 1 027 1 1 3a40000 1 027 1
0005f42 0000000 1 0f3 1 0 0005f41 1 0f3 1
0000000 3600000 1 0ad 0 0 3600000 0 0ad 1
0000000 3f80000 1 065 0 1 3f7ffff 1 065 1
000b7d5 0000000 1 07a 1 0 000b7d4 1 07a 1
000e434 0000000 1 0e6 0 1 000e433 0 0e6 1
0000000 3e40000 1 0cd 0 1 3e3ffff 1 0cd 1
0007a08 0000000 1 0f0 1 0 0007a07 1 0f0 1
0008ca0 3800000 0 03e 0 0 3808ca0 0 03e 0
000c860 0000000 1 0c1 1 0 000c85f 1 0c1 1
0008f41 0000000 1 111 0 1 0008f40 0 111 1
0000000 2e00000 1 0db 1 1 2e00000 1 0db 1
0007980 0000000 1 142 1 0 000797f 1 142 1
000639c 0000000 1 10f 0 1 000639b 0 10f 1
000a686 0000000 1 0f3 1 0 000a685 1 0f3 1
000e55c 0000000 1 0eb 0 0 000e55c 0 0eb 1
0000000 37c0000 1 0d3 0 0 37c0000 0 0d3 1
000ae84 0000000 1 073 0 0 000ae84 0 073 1
0000000 3a40000 1 032 0 1 3a3ffff 1 032 1
0000000 33c0000 1 0e9 0 1 33bffff 1 0e9 1
0000000 2380000 1 0a6 0 1 237ffff 1 0a6 1
0000000 3400000 1 030 0 0 3400000 0 030 1
000817e 0000000 1 076 0 0 000817e 0 076 1
00060ae 0000000 1 138 0 0 00060ae 0 138 1
0006930 0000000 1 0e1 1 1 0006930 1 0e1 1
0000000 2a00000 1 0a2 1 0 29fffff 0 0a2 1
00089c0 0000000 1 0ab 0 1 00089bf 0 0ab 1
0000000 3500000 1 022 0 1 34fffff 1 022 1
000b718 0000000 1 07b 1 1 000b718 1 07b 1
0004cc2 0000000 1 119 1 0 0004cc1 1 119 1
0000000 2000000 1 0ae 1 1 2000000 1 0ae 1
0000000 2e40000 1 0e6 1 1 2e40000 1 0e6 1
0000000 2b80000 1 0af 1 0 2b7ffff 0 0af 1
000cb66 0000000 1 10f 0 1 000cb65 0 10f 1
0000000 3840000 1 0c7 1 1 3840000 1 0c7 1
000bd50 0000000 1 095 1 1 000bd50 1 095 1
0000000 2680000 1 0c1 1 1 2680000 1 0c1 1
0004519 0000000 1 0a7 1 0 0004518 1 0a7 1
000b18a 0000000 1 127 1 0 000b189 1 127 1
00094b0 0000000 1 094 1 1 00094b0 1 094 1
00079bc 0000000 1 04d 0 1 00079bb 0 04d 1
0000000 3b40000 1 026 1 0 3b3ffff 0 026 1
000d2cd 0000000 1 0e4 1 1 000d2cd 1 0e4 1
000bfc0 0000000 1 0b1 1 1 000bfc0 1 0b1 1
00064f0 0000000 1 0b8 1 0 00064ef 1 0b8 1
000957e 0000000 1 0a3 0 1 000957d 0 0a3 1
00060c8 0000000 1 102 1 0 00060c7 1 102 1
000920a 0000000 1 03a 0 1 0009209 0 03a 1
00069ae 0000000 1 05f 1 0 00069ad 1 05f 1
0000000 23c0000 1 025 0 0 23c0000 0 025 1
0008936 0000000 1 0f5 1 1 0008936 1 0f5 1
0000000 3600000 1 05b 1 1 3600000 1 05b 1
000b54d 0000000 1 10c 1 0 000b54c 1 10c 1
0000000 3a00000 1 0a3 1 0 39fffff 0 0a3 1
0000000 2700000 1 0dd 0 0 2700000 0 0dd 1
0005b00 0000186 0 04d 0 1 000597a 0 04d 0
0000000 3400000 1 069 0 0 3400000 0 069 1
0000000 26c0000 1 065 0 1 26bffff 1 065 1
00087ff 0000000 1 0fc 0 1 00087fe 0 0fc 1
0000000 2500000 1 083 1 0 24fffff 0 083 1
0000000 2f00000 1 0c9 1 0 2efffff 0 0c9 1
0000000 2d80000 1 0cd 0 1 2d7ffff 1 0cd 1
00059a8 0000000 1 0f6 1 1 00059a8 1 0f6 1
0008022 0000000 1 104 1 0 0008021 1 104 1
0008490 0000000 1 0b5 0 0 0008490 0 0b5 1
0000000 2080000 1 0d7 1 0 207ffff 0 0d7 1
0000000 3f80000 1 0e5 1 0 3f7ffff 0 0e5 1
0007c08 0000000 1 114 1 0 0007c07 1 114 1
000a5a8 0000000 1 0a8 1 0 000a5a7 1 0a8 1
0000000 2b40000 1 06e 0 1 2b3ffff 1 06e 1
0008f60 0000000 1 128 1 0 0008f5f 1 128 1
0006284 0000000 1 0a3 0 1 0006283 0 0a3 1
00089f4 0001ca0 0 04d 0 0 000a694 0 04d 0
000cd94 0000000 1 0dd 0 0 000cd94 0 0dd 1
000b948 0000000 1 0d7 1 1 000b948 1 0d7 1
0006150 0000000 1 123 1 0 000614f 1 123 1
0000000 34c0000 1 0b6 1 0 34bffff 0 0b6 1
0000000 23c0000 1 0c1 1 0 23bffff 0 0c1 1
0000000 3080000 1 0e6 1 1 3080000 1 0e6 1
000bcf7 0000000 1 0d9 1 1 000bcf7 1 0d9 1
000813e 0071800 0 043 0 1 00696c2 1 043 0
0000000 2000000 1 3ff 0 0 2000000 0 3ff 1
0000000 3940000 1 0e8 1 1 3940000 1 0e8 1
0000000 2440000 1 028 1 0 243ffff 0 028 1
0004eab 0076000 0 03e 0 1 0071155 1 03e 0
0000000 3340000 1 093 0 0 3340000 0 093 1
0000000 3580000 1 0f3 1 0 357ffff 0 0f3 1
0000000 3140000 1 08a 0 0 3140000 0 08a 1
000c573 0000000 1 13d 0 1 000c572 0 13d 1
0000000 3b80000 1 0b2 0 0 3b80000 0 0b2 1
0000000 2d40000 1 0c9 1 0 2d3ffff 0 0c9 1
00070f0 0000000 1 0d2 0 1 00070ef 0 0d2 1
0000000 3600000 1 0e3 0 1 35fffff 1 0e3 1
0000000 23c0000 1 0e4 0 1 23bffff 1 0e4 1
000a399 0000000 1 0f4 1 1 000a399 1 0f4 1
00087f4 0000000 1 0c2 1 1 00087f4 1 0c2 1
0007f80 0000000 1 0d2 0 1 0007f7f 0 0d2 1
0000000 2880000 0 0cd 0 0 2880000 0 0cd 0
00062ee 0000000 1 0d7 0 1 00062ed 0 0d7 1
0000000 3740000 1 0eb 0 0 3740000 0 0eb 1
0000000 3400000 1 026 0 0 3400000 0 026 1
0000000 3b80000 1 0ac 0 0 3b80000 0 0ac 1
0000000 2280000 1 0c1 1 0 227ffff 0 0c1 1
0000000 3300000 1 04f 0 0 3300000 0 04f 1
0000000 3840000 1 085 0 1 383ffff 1 085 1
0000000 2dc0000 1 0db 0 1 2dbffff 1 0db 1
0009ab0 0000000 1 0e5 0 0 0009ab0 0 0e5 1
0000000 3f40000 1 0d1 1 0 3f3ffff 0 0d1 1
0000000 3e40000 1 0ac 1 0 3e3ffff 0 0ac 1
0000000 3f00000 1 03f 0 1 3efffff 1 03f 1
00079e0 0000000 1 0e7 0 0 00079e0 0 0e7 1
00084ed 0000000 1 0f2 1 0 00084ec 1 0f2 1
0008076 0000000 1 0f7 1 1 0008076 1 0f7 1
000e88f 0000000 1 085 0 1 000e88e 0 085 1
0000000 3f40000 1 055 1 1 3f40000 1 055 1
0000000 3bc0000 1 054 0 1 3bbffff 1 054 1
0004e1b 0000000 1 0d4 1 1 0004e1b 1 0d4 1
0000000 2800000 1 069 0 1 27fffff 1 069 1
0000000 3a00000 1 0ee 0 1 39fffff 1 0ee 1
0006446 0000000 1 168 0 1 0006445 0 168 1
0000000 3ec0000 1 0eb 1 0 3ebffff 0 0eb 1
0000000 35c0000 1 05c 0 0 35c0000 0 05c 1
000a1cc 0000000 1 099 1 1 000a1cc 1 099 1
0000000 3e40000 1 077 1 1 3e40000 1 077 1
000c7e2 0000000 1 0a1 1 0 000c7e1 1 0a1 1
0000000 2bc0000 1 0d6 1 0 2bbffff 0 0d6 1
0000000 2200000 1 004 0 1 21fffff 1 004 1
0009664 0000000 1 0fe 1 1 0009664 1 0fe 1
00077a0 0000000 1 107 1 1 00077a0 1 107 1
0005ef7 0000000 0 003 1 0 0005ef7 1 003 0
000b61c 0000000 1 14e 0 0 000b61c 0 14e 1
0005478 0000000 1 0bc 1 0 0005477 1 0bc 1
0007d82 0000000 1 0ae 1 0 0007d81 1 0ae 1
0000000 2ec0000 1 0b5 1 1 2ec0000 1 0b5 1
000a8ff 0000f70 0 0d3 1 0 000998f 1 0d3 0
0000000 3940000 1 020 1 1 3940000 1 020 1
0009dfe 0000000 1 05d 0 1 0009dfd 0 05d 1
0006eb0 0000000 1 0ce 1 1 0006eb0 1 0ce 1
0008ac0 0000000 1 087 0 1 0008abf 0 087 1
0000000 2400000 1 0bd 0 0 2400000 0 0bd 1
0000000 3640000 1 0b4 0 1 363ffff 1 0b4 1
0005a3c 0000000 1 0a5 0 1 0005a3b 0 0a5 1
0006e72 0000000 1 03c 1 0 0006e71 1 03c 1
0000000 3c40000 1 05e 1 0 3c3ffff 0 05e 1
0000000 3680000 1 049 1 1 3680000 1 049 1
0005b71 0000000 1 0a5 1 1 0005b71 1 0a5 1
0000000 2d80000 1 0b9 0 1 2d7ffff 1 0b9 1
0006af2 0000000 1 077 1 0 0006af1 1 077 1
00085e5 0000000 1 0fd 1 1 00085e5 1 0fd 1
0000000 3000000 1 091 1 0 2ffffff 0 091 1
0000000 3880000 1 02b 0 1 387ffff 1 02b 1
000aa80 0000000 1 0c0 1 0 000aa7f 1 0c0 1
000837c 0000000 1 083 0 0 000837c 0 083 1
0000000 2400000 1 060 0 0 2400000 0 060 1
0000000 3fc0000 1 092 0 1 3fbffff 1 092 1
0000000 2240000 1 0b9 0 0 2240000 0 0b9 1
0000000 2b80000 1 077 1 1 2b80000 1 077 1
0000000 2280000 1 0f2 1 0 227ffff 0 0f2 1
0000000 3100000 1 07b 0 1 30fffff 1 07b 1
0005a3c 0000000 1 0d1 0 1 0005a3b 0 0d1 1
0006541 0000000 1 0d3 0 0 0006541 0 0d3 1
0006131 0000000 1 05c 1 0 0006130 1 05c 1
000a68c 0000000 1 0f6 0 0 000a68c 0 0f6 1
000b846 0fb0000 0 056 1 0 0fa47ba 0 056 0
0006dda 0000000 1 0b6 0 0 0006dda 0 0b6 1
0000000 3240000 1 0b7 0 0 3240000 0 0b7 1
000c76e 0000000 1 0df 1 1 000c76e 1 0df 1
000c976 0000000 1 064 1 0 000c975 1 064 1
0000000 2a00000 1 0c7 0 1 29fffff 1 0c7 1
0000000 2e80000 1 0d0 0 1 2e7ffff 1 0d0 1
000837f 0000000 1 0a7 0 0 000837f 0 0a7 1
0009a7e 0000000 1 0fc 1 1 0009a7e 1 0fc 1
00074ea 0000000 0 0ea 0 1 00074ea 0 0ea 0
0006840 0000000 1 09b 0 1 000683f 0 09b 1
0000000 2880000 1 0d7 0 0 2880000 0 0d7 1
000b390 0000000 1 0f1 1 1 000b390 1 0f1 1
0007ee7 0010000 0 052 0 0 0017ee7 0 052 0
0000000 31c0000 1 082 1 0 31bffff 0 082 1
0004a13 0000000 1 0dc 1 0 0004a12 1 0dc 1
0000000 27c0000 1 083 1 0 27bffff 0 083 1
0000000 2d80000 1 0b9 1 0 2d7ffff 0 0b9 1
0000000 28c0000 1 08b 0 0 28c0000 0 08b 1
000937e 0000000 1 0cf 0 0 000937e 0 0cf 1
0006a32 0000000 1 07c 0 1 0006a31 0 07c 1
000bc1e 0000000 1 117 1 1 000bc1e 1 117 1
0007038 0000000 1 0bf 1 0 0007037 1 0bf 1
0000000 3040000 1 06b 0 1 303ffff 1 06b 1
0005244 0000000 1 0e9 0 0 0005244 0 0e9 1
0007b30 0000000 1 0fd 0 1 0007b2f 0 0fd 1
0008d53 0000000 1 097 0 1 0008d52 0 097 1
0000000 2780000 1 3f7 1 0 277ffff 0 3f7 1
000a5b7 0000000 1 119 1 0 000a5b6 1 119 1
000b5ef 3240000 0 054 1 0 3234a11 0 054 0
000b883 0000000 1 090 0 0 000b883 0 090 1
000892f 0000000 1 06e 1 0 000892e 1 06e 1
0000000 3f00000 1 0f2 1 0 3efffff 0 0f2 1
00061bd 0000000 1 0a8 1 1 00061bd 1 0a8 1
0007150 0000000 1 08f 0 0 0007150 0 08f 1
0004c3f 0000000 1 13c 0 1 0004c3e 0 13c 1
0008ae8 0000000 1 049 1 0 0008ae7 1 049 1
0000000 2e80000 1 0eb 1 0 2e7ffff 0 0eb 1
0000000 24c0000 1 0a4 1 1 24c0000 1 0a4 1
0000000 2280000 1 071 1 0 227ffff 0 071 1
0000000 2280000 1 0d0 1 0 227ffff 0 0d0 1
00059a6 0000000 1 113 1 1 00059a6 1 113 1
0009fd4 000006a 1 0ab 1 1 000a03e 1 0ab 1
0008b34 0000000 1 062 1 0 0008b33 1 062 1
0000000 2740000 1 0b8 0 0 2740000 0 0b8 1
0000000 2b00000 1 09e 1 1 2b00000 1 09e 1
0000000 2cc0000 1 0d5 1 1 2cc0000 1 0d5 1
0000000 2500000 1 0cb 1 1 2500000 1 0cb 1
0000000 3440000 1 0cb 0 1 343ffff 1 0cb 1
0000000 3f80000 1 0e6 1 0 3f7ffff 0 0e6 1
0000000 2e80000 1 050 0 1 2e7ffff 1 050 1
000732c 0000000 1 11c 0 0 000732c 0 11c 1
0000000 21c0000 1 082 0 1 21bffff 1 082 1
0000000 36c0000 1 0d0 0 1 36bffff 1 0d0 1
0000000 3040000 1 035 1 1 3040000 1 035 1
0005490 0000000 0 020 0 0 0005490 0 020 0
0007cd8 0000000 1 0ae 1 0 0007cd7 1 0ae 1
0000000 2a40000 1 00b 0 0 2a40000 0 00b 1
0009cd0 0000000 1 130 0 0 0009cd0 0 130 1
00088ec 0000000 1 0f6 0 0 00088ec 0 0f6 1
00070bc 0000000 1 0ae 0 0 00070bc 0 0ae 1
0004614 0000000 1 04f 1 0 0004613 1 04f 1
000cf5e 0000000 1 062 0 0 000cf5e 0 062 1
0000000 3180000 1 0f0 1 1 3180000 1 0f0 1
0000000 3400000 1 0c2 0 1 33fffff 1 0c2 1
0007d74 0000000 1 0e5 1 1 0007d74 1 0e5 1
000bbfc 07a8000 0 008 1 1 07b3bfc 1 008 0
0000000 3c80000 1 083 0 0 3c80000 0 083 1
0007286 0000000 1 083 1 0 0007285 1 083 1
0000000 3800000 1 054 1 1 3800000 1 054 1
0000000 2240000 1 0a1 0 1 223ffff 1 0a1 1
000a320 0000000 1 06f 0 1 000a31f 0 06f 1
0000000 3f00000 1 02e 0 0 3f00000 0 02e 1
0000000 3500000 1 0b5 0 0 3500000 0 0b5 1
0008e78 0000000 1 105 1 0 0008e77 1 105 1
0000000 3400000 1 0a2 0 0 3400000 0 0a2 1
0000000 34c0000 0 0e5 1 1 34c0000 1 0e5 0
00089f9 0000000 1 0e4 0 0 00089f9 0 0e4 1
0000000 34c0000 1 0de 0 1 34bffff 1 0de 1
0000000 3f80000 1 034 0 0 3f80000 0 034 1
0000000 3c40000 1 0d1 1 0 3c3ffff 0 0d1 1
000818e 0000000 1 082 0 0 000818e 0 082 1
0000000 2500000 1 0b5 1 1 2500000 1 0b5 1
000686d 0000000 1 0cf 1 0 000686c 1 0cf 1
00070b3 0000000 1 13a 1 1 00070b3 1 13a 1
0009a21 0001060 0 0d7 0 0 000aa81 0 0d7 0
0000000 3ac0000 1 0ba 1 0 3abffff 0 0ba 1
000b2d8 0000000 1 072 0 0 000b2d8 0 072 1
0000000 2b80000 1 0d8 1 1 2b80000 1 0d8 1
0007b1b 0000000 1 109 1 1 0007b1b 1 109 1
0000000 3640000 1 0ac 1 0 363ffff 0 0ac 1
000b9c8 0000000 1 105 1 1 000b9c8 1 105 1
0000000 3c00000 1 0b8 1 0 3bfffff 0 0b8 1
0005b44 0000000 1 0dd 1 0 0005b43 1 0dd 1
0000000 2e40000 1 09c 1 1 2e40000 1 09c 1
00060b0 2840000 0 074 0 0 28460b0 0 074 0
0000000 2500000 1 0c9 1 1 2500000 1 0c9 1
000bc1e 0000000 1 0e1 1 0 000bc1d 1 0e1 1
0000000 3d80000 1 037 1 1 3d80000 1 037 1
0009e8e 0000000 1 0c4 1 0 0009e8d 1 0c4 1
0008dfd 0000000 1 09f 1 0 0008dfc 1 09f 1
00080ae 0000000 1 0c7 1 0 00080ad 1 0c7 1
000953b 0000000 1 122 1 0 000953a 1 122 1
0004e9c 0000000 1 0e3 1 1 0004e9c 1 0e3 1
0005b20 0000000 1 0e5 0 0 0005b20 0 0e5 1
000f618 0000000 1 07c 1 1 000f618 1 07c 1
000a5a8 0334000 0 0e4 1 0 0329a58 0 0e4 0
0000000 3480000 1 014 1 1 3480000 1 014 1
0005c8b 0000000 1 0c9 0 1 0005c8a 0 0c9 1
0000000 2e40000 1 0cd 0 1 2e3ffff 1 0cd 1
0000000 3500000 1 0a7 1 1 3500000 1 0a7 1
0009368 0000000 1 04d 0 1 0009367 0 04d 1
0006bc6 0000000 1 0d6 1 1 0006bc6 1 0d6 1
0000000 3380000 1 0d8 0 1 337ffff 1 0d8 1
000a65c 0000000 1 13b 1 1 000a65c 1 13b 1
0000000 2d80000 1 0f1 0 0 2d80000 0 0f1 1
000938e 0000000 1 022 1 0 000938d 1 022 1
000aa1c 0005780 0 03f 1 1 001019c 1 03f 0
0000000 2cc0000 1 099 0 0 2cc0000 0 099 1
0008338 0000000 1 129 1 1 0008338 1 129 1
000879f 0000000 1 0c4 1 0 000879e 1 0c4 1
0000000 38c0000 1 0cf 0 0 38c0000 0 0cf 1
000c17d 0000000 1 0f5 0 0 000c17d 0 0f5 1
000c1b1 0000000 1 06f 1 0 000c1b0 1 06f 1
0008d60 0000000 1 0b4 1 1 0008d60 1 0b4 1
0004f4c 0000000 1 113 1 0 0004f4b 1 113 1
0007238 0000000 1 12c 1 0 0007237 1 12c 1
0008653 0000000 1 0ff 0 1 0008652 0 0ff 1
0006a00 0000000 1 060 1 0 00069ff 1 060 1
0005af8 0000000 1 113 1 0 0005af7 1 113 1
0007148 0000000 1 14a 0 1 0007147 0 14a 1
00050da 0017400 0 050 0 1 0012326 1 050 0
0000000 3f40000 1 09b 1 1 3f40000 1 09b 1
0007528 0000000 1 058 0 0 0007528 0 058 1
00070a8 0098000 0 051 1 0 0090f58 0 051 0
0000000 3e40000 1 0b3 0 1 3e3ffff 1 0b3 1
0005eda 0000000 1 057 0 0 0005eda 0 057 1
00082c8 0000000 1 036 0 0 00082c8 0 036 1
0000000 2e80000 1 0e6 1 0 2e7ffff 0 0e6 1
0000000 2000000 1 0e7 1 1 2000000 1 0e7 1
0000000 2680000 1 09b 1 1 2680000 1 09b 1
0000000 2400000 1 022 1 1 2400000 1 022 1
0000000 3900000 1 0f1 0 1 38fffff 1 0f1 1
0000000 2100000 1 082 0 0 2100000 0 082 1
0000000 3200000 1 044 1 1 3200000 1 044 1
000a998 0000000 1 044 1 1 000a998 1 044 1
0005fe8 0000000 1 144 1 0 0005fe7 1 144 1
0000000 3880000 1 06f 1 0 387ffff 0 06f 1
0000000 2300000 1 04c 1 0 22fffff 0 04c 1
00059a6 0000000 1 0d1 1 1 00059a6 1 0d1 1
0000000 3600000 1 0d8 0 0 3600000 0 0d8 1
0006404 0000000 1 09d 1 0 0006403 1 09d 1
0000000 3b00000 1 091 1 0 3afffff 0 091 1
000a2a6 0000000 1 0a9 1 0 000a2a5 1 0a9 1
0007533 0000000 1 100 1 1 0007533 1 100 1
0000000 3f00000 1 02e 1 1 3f00000 1 02e 1
00080c4 0000000 1 0da 1 1 00080c4 1 0da 1
0000000 2100000 1 0c6 0 1 20fffff 1 0c6 1
0000000 2700000 1 048 0 1 26fffff 1 048 1
0000000 2ac0000 1 051 0 0 2ac0000 0 051 1
0000000 37c0000 1 034 1 1 37c0000 1 034 1
0008976 0000000 1 075 1 1 0008976 1 075 1
0000000 2dc0000 1 012 1 0 2dbffff 0 012 1
00096d5 0000000 1 102 0 1 00096d4 0 102 1
0000000 2980000 1 09d 1 0 297ffff 0 09d 1
0000000 3ec0000 1 014 1 0 3ebffff 0 014 1
000c2b2 0000000 1 097 0 0 000c2b2 0 097 1
0007c0e 002ec00 0 040 1 1 003680e 1 040 0
0000000 2380000 1 0cb 0 1 237ffff 1 0cb 1
0006614 000001a 1 068 0 1 00065f9 0 068 1
0000000 2c00000 1 088 0 0 2c00000 0 088 1
000aeb6 0000000 1 14d 0 0 000aeb6 0 14d 1
000542a 0000000 1 0ce 1 1 000542a 1 0ce 1
0009382 0000000 1 051 0 0 0009382 0 051 1
0009a7e 0000000 1 0ab 0 0 0009a7e 0 0ab 1
00074e0 04c0000 0 0d8 1 0 04b8b20 0 0d8 0
0000000 2e80000 1 0d5 1 0 2e7ffff 0 0d5 1
00072d0 04a8000 0 013 0 1 04a0d30 1 013 0
0004ae8 0000000 1 12e 1 1 0004ae8 1 12e 1
0008ebe 0000000 1 047 0 0 0008ebe 0 047 1
000780c 0000000 1 0ae 0 1 000780b 0 0ae 1
0000000 3480000 1 0f1 1 0 347ffff 0 0f1 1
000b814 000003e 1 0b0 1 0 000b7d5 1 0b0 1
0000000 2a80000 1 030 0 0 2a80000 0 030 1
0000000 2940000 1 0ca 0 0 2940000 0 0ca 1
0000000 3b00000 1 0d0 0 0 3b00000 0 0d0 1
0000000 2e00000 1 070 0 0 2e00000 0 070 1
0006bc4 0000000 1 0aa 0 1 0006bc3 0 0aa 1
00071e4 0000000 1 130 0 1 00071e3 0 130 1
0000000 3700000 1 0bd 0 0 3700000 0 0bd 1
0000000 25c0000 1 0ee 0 0 25c0000 0 0ee 1
0005db2 0000000 1 143 1 0 0005db1 1 143 1
00088b0 0000000 1 097 1 1 00088b0 1 097 1
0007f10 0000000 1 062 1 0 0007f0f 1 062 1
0000000 2100000 1 004 1 1 2100000 1 004 1
00072c4 0000710 0 05a 0 1 0006bb4 0 05a 0
0007c6a 0000000 1 0b5 1 1 0007c6a 1 0b5 1
0000000 34c0000 1 093 1 0 34bffff 0 093 1
0000000 3300000 1 01f 1 1 3300000 1 01f 1
0000000 30c0000 1 0e3 1 0 30bffff 0 0e3 1
0009c84 0000000 1 132 0 0 0009c84 0 132 1
0000000 3d40000 1 0b0 1 0 3d3ffff 0 0b0 1
0000000 2d40000 1 011 1 1 2d40000 1 011 1
000a920 0000000 1 0d0 1 0 000a91f 1 0d0 1
0000000 3c80000 1 0c5 1 0 3c7ffff 0 0c5 1
0006946 0000000 1 06d 0 0 0006946 0 06d 1
0004407 0000000 1 08e 0 0 0004407 0 08e 1
0009e8e 0000000 1 0f4 0 0 0009e8e 0 0f4 1
0009018 0000778 0 095 0 1 00088a0 0 095 0
0000000 3c40000 1 038 0 1 3c3ffff 1 038 1
0000000 3d80000 1 056 0 1 3d7ffff 1 056 1
000e754 0000046 1 06e 0 0 000e79a 0 06e 1
0000000 23c0000 1 0ae 0 1 23bffff 1 0ae 1
0000000 30c0000 1 0b7 1 0 30bffff 0 0b7 1
000b44b 0000000 1 153 0 1 000b44a 0 153 1
0007440 0000000 1 093 0 0 0007440 0 093 1
00082b4 0000000 1 0d5 0 0 00082b4 0 0d5 1
0009bfa 0000000 1 078 1 1 0009bfa 1 078 1
0000000 25c0000 1 0bf 0 0 25c0000 0 0bf 1
0007dc8 0000000 1 15d 1 1 0007dc8 1 15d 1
0000000 29c0000 1 0f2 1 0 29bffff 0 0f2 1
0000000 3800000 1 054 0 0 3800000 0 054 1
0000000 3940000 1 092 0 1 393ffff 1 092 1
0000000 3c80000 1 0e4 1 1 3c80000 1 0e4 1
0000000 3740000 1 0c3 0 0 3740000 0 0c3 1
0006414 0000000 1 139 0 0 0006414 0 139 1
0000000 3bc0000 1 02a 0 1 3bbffff 1 02a 1
0000000 3f00000 1 051 0 0 3f00000 0 051 1
0000000 2800000 1 0af 1 0 27fffff 0 0af 1
0008d46 0000000 1 14f 0 0 0008d46 0 14f 1
0000000 2240000 1 0ec 1 1 2240000 1 0ec 1
000a99f 0000000 1 0dc 1 0 000a99e 1 0dc 1
0006528 0000000 1 0fa 0 1 0006527 0 0fa 1
0000000 3680000 1 06d 1 0 367ffff 0 06d 1
0000000 3300000 1 026 0 0 3300000 0 026 1
000d618 0000000 1 12f 0 0 000d618 0 12f 1
0000000 3c00000 1 043 0 1 3bfffff 1 043 1
0000000 3300000 1 074 0 1 32fffff 1 074 1
000ae3c 0000000 1 0ea 1 0 000ae3b 1 0ea 1
0009894 0000000 1 103 0 0 0009894 0 103 1
0007180 0000000 1 0b0 1 0 000717f 1 0b0 1
000c3f0 0000000 1 0ac 0 0 000c3f0 0 0ac 1
000aecc 0000001 1 0ac 1 1 000aecd 1 0ac 1
00086f1 0000000 1 101 0 0 00086f1 0 101 1
0000000 2bc0000 1 043 0 0 2bc0000 0 043 1
0008805 1080000 0 086 1 1 1088805 1 086 0
00084ed 0000000 1 0e2 1 0 00084ec 1 0e2 1
0000000 35c0000 1 0e5 0 1 35bffff 1 0e5 1
0000000 3780000 1 0ef 1 0 377ffff 0 0ef 1
0006fb3 0000000 1 105 1 1 0006fb3 1 105 1
0007aa0 00003a4 0 0ab 0 1 00076fc 0 0ab 0
000a0cc 0000000 1 150 0 0 000a0cc 0 150 1
0007305 0000000 1 089 0 1 0007304 0 089 1
00067a4 0000000 1 121 0 0 00067a4 0 121 1
0000000 3d80000 1 049 0 0 3d80000 0 049 1
0000000 23c0000 1 0b5 0 1 23bffff 1 0b5 1
0000000 2e00000 1 095 0 0 2e00000 0 095 1
0000000 2840000 1 0d6 1 0 283ffff 0 0d6 1
0006d2a 0000000 1 11f 0 1 0006d29 0 11f 1
00093a8 0000000 1 02c 1 0 00093a7 1 02c 1
0000000 3f80000 1 3f8 0 1 3f7ffff 1 3f8 1
0000000 2cc0000 1 0d5 0 0 2cc0000 0 0d5 1
0000000 3140000 1 0d9 0 1 313ffff 1 0d9 1
0000000 3c40000 1 0ac 0 0 3c40000 0 0ac 1
0000000 3b80000 1 053 1 1 3b80000 1 053 1
0000000 3840000 1 037 0 0 3840000 0 037 1
0006028 0000000 1 081 0 0 0006028 0 081 1
0008bc2 0000000 1 02c 1 1 0008bc2 1 02c 1
0000000 2bc0000 1 0b4 0 0 2bc0000 0 0b4 1
0006d5f 0000000 1 0ad 0 1 0006d5e 0 0ad 1
0000000 3080000 1 0e4 1 0 307ffff 0 0e4 1
0005e56 0009f00 0 047 1 0 00040aa 0 047 0
000b7d8 0000000 1 10c 1 1 000b7d8 1 10c 1
0005244 0000000 1 117 0 1 0005243 0 117 1
0008c9d 0000000 1 07f 0 0 0008c9d 0 07f 1
0006d1f 0003100 0 046 0 1 0003c1f 0 046 0
0000000 2d40000 1 0b2 1 1 2d40000 1 0b2 1
00069ed 0000000 1 0be 0 1 00069ec 0 0be 1
000eb68 0000000 1 0d7 1 1 000eb68 1 0d7 1
000a68c 0000000 1 024 1 0 000a68b 1 024 1
000b528 0000000 1 10d 0 1 000b527 0 10d 1
0007de0 0000000 1 0b9 1 1 0007de0 1 0b9 1
0006028 0000000 1 0e9 1 1 0006028 1 0e9 1
0006b00 0000000 1 08f 1 1 0006b00 1 08f 1
0000000 2d80000 1 092 0 0 2d80000 0 092 1
0005ee0 0000000 1 071 0 1 0005edf 0 071 1
0000000 2940000 1 08b 1 0 293ffff 0 08b 1
00072fc 0000000 1 09b 1 1 00072fc 1 09b 1
0000000 3ec0000 1 0d6 0 1 3ebffff 1 0d6 1
000bfba 0000000 1 0c5 1 1 000bfba 1 0c5 1
0000000 3c00000 1 092 1 0 3bfffff 0 092 1
000846c 0000000 1 160 0 0 000846c 0 160 1
0007b93 0000003 1 0df 0 1 0007b8f 0 0df 1
000b36d 0000000 1 11e 1 1 000b36d 1 11e 1
00098cd 0000000 1 0c6 0 0 00098cd 0 0c6 1
0000000 2a00000 1 057 0 1 29fffff 1 057 1
0006ecd 3840000 0 0ad 1 0 3839133 0 0ad 0
00088b8 0000000 1 0bc 1 0 00088b7 1 0bc 1
000a94c 0000000 1 0b1 1 0 000a94b 1 0b1 1
000503c 0019800 0 032 0 1 00147c4 1 032 0
0000000 20c0000 1 07f 1 1 20c0000 1 07f 1
0000000 3940000 1 0cc 1 0 393ffff 0 0cc 1
000dc4a 0000000 1 09d 1 1 000dc4a 1 09d 1
0009dc8 0000116 0 047 0 1 0009cb2 0 047 0
000558f 0000000 1 0d9 1 1 000558f 1 0d9 1
0006b3a 0000000 1 12a 1 0 0006b39 1 12a 1
000d795 0000000 1 107 1 0 000d794 1 107 1
000bdb4 0000000 1 0ba 1 1 000bdb4 1 0ba 1
00095a2 0000000 1 0db 1 1 00095a2 1 0db 1
0004fbd 0000000 1 103 1 0 0004fbc 1 103 1
0009540 0000000 1 0be 1 1 0009540 1 0be 1
0006e82 0000000 1 0e0 0 1 0006e81 0 0e0 1
0000000 3a80000 1 06a 1 0 3a7ffff 0 06a 1
0000000 3440000 1 099 0 1 343ffff 1 099 1
000eb44 0000000 1 0f6 0 1 000eb43 0 0f6 1
0000000 2780000 1 089 0 0 2780000 0 089 1
0006500 0000000 1 09d 0 0 0006500 0 09d 1
0007656 0000000 1 0a3 1 1 0007656 1 0a3 1
0000000 3440000 1 016 0 1 343ffff 1 016 1
0007e40 0000000 1 120 0 0 0007e40 0 120 1
0000000 2b00000 1 0d1 1 1 2b00000 1 0d1 1
0000000 2ec0000 1 001 1 1 2ec0000 1 001 1
0000000 20c0000 1 0a0 0 0 20c0000 0 0a0 1
000882c 0000000 1 116 0 0 000882c 0 116 1
0000000 36c0000 1 0b7 1 0 36bffff 0 0b7 1
00092c8 000b100 0 070 0 0 00143c8 0 070 0
0000000 2b80000 1 050 1 1 2b80000 1 050 1
0000000 2640000 1 0cc 1 1 2640000 1 0cc 1
0000000 2b40000 1 0ce 1 0 2b3ffff 0 0ce 1
000e4c0 0000000 1 0b2 1 0 000e4bf 1 0b2 1
0000000 2cc0000 1 0f1 0 0 2cc0000 0 0f1 1
0000000 2b80000 1 03d 1 0 2b7ffff 0 03d 1
000a50b 0000000 1 060 0 0 000a50b 0 060 1
0000000 2fc0000 1 046 1 1 2fc0000 1 046 1
00065e0 0000000 1 0ba 0 1 00065df 0 0ba 1
0006c57 0000000 1 134 1 0 0006c56 1 134 1
000cfb4 0000008 1 0a2 1 1 000cfbc 1 0a2 1
0000000 36c0000 1 0e5 0 1 36bffff 1 0e5 1
00070e0 0000000 1 0ab 0 1 00070df 0 0ab 1
0008698 0001fc0 0 03a 0 1 00066d8 0 03a 0
000a0f0 0000000 1 09f 1 1 000a0f0 1 09f 1
000c17d 0000000 1 0de 1 0 000c17c 1 0de 1
00055fa 0000000 1 0bf 1 0 00055f9 1 0bf 1
000d031 0000000 1 0e1 1 1 000d031 1 0e1 1
0000000 3300000 1 019 0 1 32fffff 1 019 1
0005eac 0000000 1 0f7 1 1 0005eac 1 0f7 1
0009860 000000f 1 0f0 1 0 0009850 1 0f0 1
0000000 2ac0000 1 06f 1 0 2abffff 0 06f 1
0000000 3580000 1 083 0 0 3580000 0 083 1
0000000 32c0000 1 039 0 1 32bffff 1 039 1
0000000 3340000 1 099 1 1 3340000 1 099 1
0007e4c 0000000 1 143 0 1 0007e4b 0 143 1
0006f2e 0000000 1 0a3 0 1 0006f2d 0 0a3 1
000a5d8 0000000 1 0fa 0 1 000a5d7 0 0fa 1
0000000 2f00000 1 084 0 1 2efffff 1 084 1
0000000 3840000 1 087 1 1 3840000 1 087 1
0000000 3f80000 1 02e 0 0 3f80000 0 02e 1
0000000 3940000 1 0cd 1 1 3940000 1 0cd 1
0000000 23c0000 1 0b1 0 0 23c0000 0 0b1 1
0000000 34c0000 1 074 0 1 34bffff 1 074 1
0000000 3a00000 1 0d2 1 0 39fffff 0 0d2 1
0000000 3640000 1 0e8 0 0 3640000 0 0e8 1
0008a1e 000000a 1 0fb 1 0 0008a13 1 0fb 1
0000000 2880000 1 0c7 1 1 2880000 1 0c7 1
000472d 000016c 0 0fc 0 0 0004899 0 0fc 0
0008af0 0000000 1 07b 1 0 0008aef 1 07b 1
0000000 3c40000 1 052 0 0 3c40000 0 052 1
000cceb 0000000 1 152 0 1 000ccea 0 152 1
0000000 2280000 1 3fd 1 0 227ffff 0 3fd 1
0000000 3c40000 1 055 1 1 3c40000 1 055 1
0000000 3380000 1 005 0 0 3380000 0 005 1
0000000 3c80000 1 084 1 0 3c7ffff 0 084 1
0000000 26c0000 1 046 0 1 26bffff 1 046 1
0008e92 0000000 1 0af 0 1 0008e91 0 0af 1
000722e 0002600 0 0c7 1 0 0004c2e 1 0c7 0
0000000 3200000 1 041 1 1 3200000 1 041 1
000a245 0000000 1 141 1 0 000a244 1 141 1
0000000 24c0000 1 0a4 1 1 24c0000 1 0a4 1
0000000 3800000 1 3fc 1 0 37fffff 0 3fc 1
0000000 3d40000 1 0ea 1 1 3d40000 1 0ea 1
0000000 2180000 1 066 1 0 217ffff 0 066 1
000ad25 0028800 0 065 1 0 001dadb 0 065 0
0007864 0000000 1 09e 0 0 0007864 0 09e 1
0000000 3a80000 1 0d6 1 1 3a80000 1 0d6 1
0000000 2040000 1 0c3 1 1 2040000 1 0c3 1
0008705 0000000 1 0a2 0 1 0008704 0 0a2 1
0006b40 0091000 0 0d4 1 1 0097b40 1 0d4 0
0000000 35c0000 1 0be 1 1 35c0000 1 0be 1
0005706 0000000 1 116 1 0 0005705 1 116 1
0006db5 0000000 1 11b 1 0 0006db4 1 11b 1
000c247 0000000 1 0b6 0 0 000c247 0 0b6 1
000a52a 0000000 1 139 1 0 000a529 1 139 1
0000000 27c0000 1 08f 1 0 27bffff 0 08f 1
0000000 3ec0000 1 0cc 1 1 3ec0000 1 0cc 1
0000000 3a40000 1 0c6 1 1 3a40000 1 0c6 1
0000000 2340000 1 0ac 0 0 2340000 0 0ac 1
000785a 0000000 1 09e 1 0 0007859 1 09e 1
0000000 3f00000 1 080 1 0 3efffff 0 080 1
0000000 3b80000 1 0c3 0 0 3b80000 0 0c3 1
0000000 3b40000 1 06e 0 1 3b3ffff 1 06e 1
0000000 3880000 1 0f0 1 1 3880000 1 0f0 1
000b9dc 0000000 1 0b7 1 0 000b9db 1 0b7 1
0000000 2280000 1 0b5 0 0 2280000 0 0b5 1
0000000 3c00000 1 09a 0 0 3c00000 0 09a 1
0000000 3a00000 1 0db 0 1 39fffff 1 0db 1
000a26c 0000000 1 02b 1 1 000a26c 1 02b 1
0008e92 0000000 1 0ef 1 0 0008e91 1 0ef 1
0000000 2840000 1 04c 1 1 2840000 1 04c 1
0000000 3040000 1 019 1 0 303ffff 0 019 1
000986e 0000000 1 09a 1 1 000986e 1 09a 1
0008412 0000000 1 13a 1 0 0008411 1 13a 1
0009321 0000000 1 0c3 1 1 0009321 1 0c3 1
000944a 0000000 1 0d4 1 1 000944a 1 0d4 1
0000000 2fc0000 1 0ed 1 0 2fbffff 0 0ed 1
0000000 2100000 1 023 0 1 20fffff 1 023 1
0000000 3d80000 0 03d 1 1 3d80000 1 03d 0
0000000 2240000 0 0a2 1 0 2240000 0 0a2 0
0000000 3140000 1 0aa 0 1 313ffff 1 0aa 1
0005fe5 0000000 1 0e5 1 1 0005fe5 1 0e5 1
000928c 0000000 1 0d2 0 1 000928b 0 0d2 1
0000000 3b40000 1 0d9 1 1 3b40000 1 0d9 1
0000000 3640000 1 04b 1 1 3640000 1 04b 1
0000000 3b80000 1 03d 0 1 3b7ffff 1 03d 1
0000000 29c0000 1 06a 1 0 29bffff 0 06a 1
0000000 3200000 1 05b 0 0 3200000 0 05b 1
000c2e8 0000000 1 11c 0 0 000c2e8 0 11c 1
000a028 0000000 1 0ec 1 1 000a028 1 0ec 1
0000000 2940000 1 0d1 1 1 2940000 1 0d1 1
0000000 3000000 1 086 0 1 2ffffff 1 086 1
000c2bc 0000000 1 079 1 0 000c2bb 1 079 1
0009c54 0000000 1 0c0 0 0 0009c54 0 0c0 1
0000000 2640000 1 0f2 0 1 263ffff 1 0f2 1
000684e 0000000 1 0a3 1 0 000684d 1 0a3 1
0005172 0000000 1 0e8 0 0 0005172 0 0e8 1
0007298 0000000 1 101 0 0 0007298 0 101 1
0000000 20c0000 1 0d1 0 1 20bffff 1 0d1 1
000c2e8 0000000 1 0b2 1 0 000c2e7 1 0b2 1
0007ae2 0000000 1 16f 1 0 0007ae1 1 16f 1
0000000 3000000 1 0b9 0 1 2ffffff 1 0b9 1
0000000 3680000 1 0b3 1 0 367ffff 0 0b3 1
0000000 32c0000 1 0d6 1 0 32bffff 0 0d6 1
000adac 0000000 1 055 0 1 000adab 0 055 1
0009607 0000000 1 09e 1 1 0009607 1 09e 1
000c3e4 0000000 1 139 1 0 000c3e3 1 139 1
000c314 0000000 1 12f 0 1 000c313 0 12f 1
0007d20 0000000 1 0b6 1 0 0007d1f 1 0b6 1
00085ad 0000000 1 10d 0 0 00085ad 0 10d 1
000ccd5 0000000 1 057 1 1 000ccd5 1 057 1
0000000 3340000 1 0cc 0 1 333ffff 1 0cc 1
0000000 3700000 1 0ab 1 1 3700000 1 0ab 1
000a0a5 0019000 0 0f9 1 1 00230a5 1 0f9 0
00089f9 0000000 1 059 1 0 00089f8 1 059 1
0000000 2d00000 1 0e1 1 1 2d00000 1 0e1 1
0006cf0 0000000 1 101 0 0 0006cf0 0 101 1
0000000 2840000 1 078 0 0 2840000 0 078 1
000764c 0000000 1 164 1 0 000764b 1 164 1
0008164 0000000 1 084 0 0 0008164 0 084 1
0000000 33c0000 1 079 1 1 33c0000 1 079 1
000cbee 0000000 1 0ec 0 0 000cbee 0 0ec 1
0005a64 0000000 1 166 0 0 0005a64 0 166 1
0006bd6 0000000 1 0e9 1 0 0006bd5 1 0e9 1
0009e98 0000000 1 0eb 0 1 0009e97 0 0eb 1
0004fdd 0000000 1 070 0 1 0004fdc 0 070 1
0007244 0000000 1 0a5 1 0 0007243 1 0a5 1
0000000 2980000 1 0bb 0 1 297ffff 1 0bb 1
0009c8c 0000000 1 06a 0 0 0009c8c 0 06a 1
0000000 37c0000 1 081 1 1 37c0000 1 081 1
0000000 33c0000 1 0ed 1 0 33bffff 0 0ed 1
00085b6 0000000 1 0bb 1 1 00085b6 1 0bb 1
0000000 2700000 1 0d4 0 1 26fffff 1 0d4 1
0000000 3340000 1 0b6 0 0 3340000 0 0b6 1
0000000 3f80000 1 084 0 1 3f7ffff 1 084 1
000a54b 0000000 1 0c1 1 0 000a54a 1 0c1 1
0000000 3f00000 1 0ca 0 0 3f00000 0 0ca 1
000cd94 0000000 1 106 0 0 000cd94 0 106 1
0000000 31c0000 1 0aa 0 0 31c0000 0 0aa 1
000ccc9 0000000 1 126 1 0 000ccc8 1 126 1
0007900 0000000 1 10f 0 0 0007900 0 10f 1
0004400 0000000 1 048 1 1 0004400 1 048 1
0000000 2300000 1 07a 0 0 2300000 0 07a 1
0006bf4 0000003 1 0b5 1 1 0006bf7 1 0b5 1
0007f68 0074000 0 050 1 0 006c098 0 050 0
0000000 2e00000 1 0b8 1 1 2e00000 1 0b8 1
0000000 3b40000 1 0f0 0 1 3b3ffff 1 0f0 1
0000000 3700000 1 066 1 0 36fffff 0 066 1
0000000 2400000 1 01f 0 1 23fffff 1 01f 1
0008168 0000000 1 125 0 1 0008167 0 125 1
000b3a6 0000000 1 0fc 1 0 000b3a5 1 0fc 1
000aea3 0000000 1 0bd 0 1 000aea2 0 0bd 1
0000000 39c0000 1 0c5 1 1 39c0000 1 0c5 1
0000000 2940000 1 009 1 0 293ffff 0 009 1
0000000 39c0000 1 0b3 1 1 39c0000 1 0b3 1
0009dad 0000000 1 142 0 1 0009dac 0 142 1
0000000 2540000 1 0e9 1 1 2540000 1 0e9 1
0000000 2d80000 1 0a7 1 0 2d7ffff 0 0a7 1
0000000 2640000 1 0cf 1 1 2640000 1 0cf 1
0007239 0000008 1 05c 0 0 0007241 0 05c 1
0007142 0390000 0 0b9 0 0 0397142 0 0b9 0
0009cf9 0000000 1 07c 0 1 0009cf8 0 07c 1
0005d42 0000000 1 05d 1 1 0005d42 1 05d 1
0006ea9 0000000 1 08c 0 0 0006ea9 0 08c 1
000e3d0 0000000 1 105 1 0 000e3cf 1 105 1
000cf90 0000000 1 0d6 1 1 000cf90 1 0d6 1
0000000 3a40000 1 0f3 1 0 3a3ffff 0 0f3 1
000a500 07b8000 0 048 0 0 07c2500 0 048 0
0000000 2480000 1 0a4 1 0 247ffff 0 0a4 1
0009147 0000000 1 0e8 1 0 0009146 1 0e8 1
000b65e 0000000 1 0f4 0 0 000b65e 0 0f4 1
00087f0 0000000 1 0cc 1 0 00087ef 1 0cc 1
000f420 0000000 1 051 1 1 000f420 1 051 1
0000000 2340000 1 003 1 1 2340000 1 003 1
0000000 2040000 1 0a7 0 0 2040000 0 0a7 1
0009ab9 0000000 1 0a0 1 0 0009ab8 1 0a0 1
0000000 3ec0000 1 0aa 0 0 3ec0000 0 0aa 1
0006e7a 0000000 1 07e 0 1 0006e79 0 07e 1
0008fc0 0000000 1 0eb 0 0 0008fc0 0 0eb 1
0000000 2100000 1 074 0 1 20fffff 1 074 1
0000000 3c40000 1 057 0 0 3c40000 0 057 1
0000000 2880000 1 0ca 1 1 2880000 1 0ca 1
0007203 0041800 0 0ba 0 0 0048a03 0 0ba 0
0000000 2b40000 1 03a 1 1 2b40000 1 03a 1
0000000 3b80000 1 05b 0 1 3b7ffff 1 05b 1
0008944 0000000 1 0a3 0 1 0008943 0 0a3 1
0000000 28c0000 1 0f3 1 0 28bffff 0 0f3 1
0000000 3d40000 1 0b2 0 1 3d3ffff 1 0b2 1
0009bf8 0000000 1 08d 0 0 0009bf8 0 08d 1
000a26c 0000000 1 122 1 1 000a26c 1 122 1
0005db2 0000000 1 143 1 1 0005db2 1 143 1
0000000 3400000 1 05f 0 1 33fffff 1 05f 1
00048aa 0000000 1 0f7 1 0 00048a9 1 0f7 1
0000000 3140000 1 089 1 0 313ffff 0 089 1
0000000 3a40000 1 0df 0 1 3a3ffff 1 0df 1
000cf5e 0000000 1 0dc 1 0 000cf5d 1 0dc 1
0000000 2880000 1 02c 0 1 287ffff 1 02c 1
0000000 38c0000 1 05a 1 0 38bffff 0 05a 1
0000000 37c0000 1 0e9 1 0 37bffff 0 0e9 1
000b4cc 0000000 1 111 1 0 000b4cb 1 111 1
0006444 0000000 1 09e 1 0 0006443 1 09e 1
0000000 3c80000 1 072 1 0 3c7ffff 0 072 1
0009603 0000000 1 0df 0 1 0009602 0 0df 1
000b8b6 0000000 1 076 0 0 000b8b6 0 076 1
0000000 33c0000 1 0ed 0 0 33c0000 0 0ed 1
000b424 0000000 1 171 0 1 000b423 0 171 1
0007ed5 0000000 1 114 0 0 0007ed5 0 114 1
0000000 3f00000 1 00b 1 0 3efffff 0 00b 1
000b42f 0000000 1 0c9 1 0 000b42e 1 0c9 1
0006a38 0000000 1 0f1 0 0 0006a38 0 0f1 1
0000000 3d80000 1 012 1 1 3d80000 1 012 1
000a6a0 0000001 1 0af 1 0 000a69e 1 0af 1
0000000 3f00000 1 05a 0 1 3efffff 1 05a 1
0000000 2f80000 1 03a 1 1 2f80000 1 03a 1
0005a3c 0000000 1 08c 0 0 0005a3c 0 08c 1
000c15c 0000000 1 079 1 0 000c15b 1 079 1
0000000 3640000 1 0df 1 0 363ffff 0 0df 1
0009da0 0000000 0 060 0 1 0009da0 0 060 0
000a4bd 0000000 1 0e3 0 1 000a4bc 0 0e3 1
00095ec 0000000 1 0ec 0 0 00095ec 0 0ec 1
000c222 0000000 1 09c 0 0 000c222 0 09c 1
0008e49 0000000 1 07c 1 1 0008e49 1 07c 1
0000000 3f40000 1 0d6 0 0 3f40000 0 0d6 1
0000000 2680000 1 0b6 1 0 267ffff 0 0b6 1
0000000 3a80000 1 08f 1 1 3a80000 1 08f 1
000a183 0000000 1 02b 0 0 000a183 0 02b 1
000acda 0000000 1 0ce 0 0 000acda 0 0ce 1
0000000 2980000 1 0a5 0 0 2980000 0 0a5 1
0008cb8 0000000 1 0d3 0 0 0008cb8 0 0d3 1
0006e4d 0000000 1 072 0 1 0006e4c 0 072 1
000db05 0000000 1 0cd 0 0 000db05 0 0cd 1
0000000 3c40000 0 062 0 0 3c40000 0 062 0
0000000 2940000 1 01c 1 0 293ffff 0 01c 1
000be20 0016000 0 008 1 0 000a1e0 0 008 0
000926d 0000000 1 10a 0 1 000926c 0 10a 1
000d660 0000000 1 0c5 0 0 000d660 0 0c5 1
0000000 20c0000 1 099 1 1 20c0000 1 099 1
0000000 3dc0000 1 0ba 0 0 3dc0000 0 0ba 1
0007ee7 0000000 1 0ab 0 0 0007ee7 0 0ab 1
000dc2c 0000000 1 0c1 0 0 000dc2c 0 0c1 1
0000000 2140000 1 0a3 1 1 2140000 1 0a3 1
0000000 2840000 1 0bd 0 1 283ffff 1 0bd 1
000a980 0000000 1 0ea 0 1 000a97f 0 0ea 1
000c6db 0000000 1 0c7 0 1 000c6da 0 0c7 1
0006978 0000000 1 080 0 1 0006977 0 080 1
0000000 2b00000 1 007 0 0 2b00000 0 007 1
0007860 0000000 1 0ee 0 1 000785f 0 0ee 1
0000000 39c0000 1 053 0 0 39c0000 0 053 1
0000000 2440000 1 0b9 0 0 2440000 0 0b9 1
0000000 3140000 1 0b6 1 0 313ffff 0 0b6 1
0007018 0e20000 0 08b 0 1 0e18fe8 1 08b 0
0007ff9 0000000 1 0c5 1 0 0007ff8 1 0c5 1
0000000 2240000 1 09d 1 1 2240000 1 09d 1
0000000 31c0000 1 075 0 1 31bffff 1 075 1
0000000 3e40000 1 0ba 0 0 3e40000 0 0ba 1
0009f4b 0000000 1 096 1 0 0009f4a 1 096 1
0005fcb 0000000 1 127 1 1 0005fcb 1 127 1
000620a 0000000 1 0ef 0 0 000620a 0 0ef 1
000cde6 0194000 0 034 0 1 018721a 1 034 0
0004a33 0000000 1 10b 0 1 0004a32 0 10b 1
0000000 3380000 1 089 0 0 3380000 0 089 1
000a797 0000000 1 114 1 0 000a796 1 114 1
0008700 0000000 1 0e3 1 1 0008700 1 0e3 1
0000000 3cc0000 1 0a0 1 1 3cc0000 1 0a0 1
000785a 0000003 1 0cf 0 0 000785d 0 0cf 1
0007350 0000000 1 0b4 1 0 000734f 1 0b4 1
0000000 3700000 1 0c3 1 1 3700000 1 0c3 1
000c5cb 0000000 1 120 0 0 000c5cb 0 120 1
000b148 0000000 1 096 1 0 000b147 1 096 1
0006e05 0000000 1 06c 0 1 0006e04 0 06c 1
0000000 3400000 1 09b 1 0 33fffff 0 09b 1
00082a8 0000000 1 0bf 0 0 00082a8 0 0bf 1
000adf0 0000000 1 085 0 0 000adf0 0 085 1
0007d5c 0000000 1 066 1 1 0007d5c 1 066 1
0000000 2dc0000 1 0d1 1 0 2dbffff 0 0d1 1
0006388 0000000 1 12c 1 0 0006387 1 12c 1
0000000 2140000 1 0a7 1 0 213ffff 0 0a7 1
00089a5 0000000 1 0a1 0 1 00089a4 0 0a1 1
0000000 3d40000 1 062 0 0 3d40000 0 062 1
0009d02 0000000 1 07c 0 1 0009d01 0 07c 1
0000000 3680000 1 069 1 0 367ffff 0 069 1
0000000 3880000 1 063 1 0 387ffff 0 063 1
0000000 3700000 1 098 0 1 36fffff 1 098 1
000684c 0000000 1 0b1 1 1 000684c 1 0b1 1
0006cf1 0000000 1 15b 1 1 0006cf1 1 15b 1
0000000 3740000 1 0e3 1 1 3740000 1 0e3 1
0006a22 0000000 1 0e5 0 0 0006a22 0 0e5 1
0000000 0000000 1 3f5 0 1 0000000 0 3f5 1
0007c08 0000000 1 109 1 1 0007c08 1 109 1
00063af 0000000 1 07e 0 1 00063ae 0 07e 1
0006cfc 0000000 1 102 1 1 0006cfc 1 102 1
0000000 2640000 1 084 1 0 263ffff 0 084 1
0006108 0000000 1 0d2 1 0 0006107 1 0d2 1
00072d2 0000000 1 0f2 1 1 00072d2 1 0f2 1
0000000 3180000 1 02e 1 0 317ffff 0 02e 1
0007196 0000000 1 0b6 1 1 0007196 1 0b6 1
0000000 2ac0000 1 0a2 0 0 2ac0000 0 0a2 1
0006ce2 0000000 1 114 0 1 0006ce1 0 114 1
0008be6 0000000 1 0c6 1 1 0008be6 1 0c6 1
0000000 3680000 1 079 1 1 3680000 1 079 1
0006a86 00c7000 0 041 1 0 00c057a 0 041 0
000ad52 0000000 1 097 1 1 000ad52 1 097 1
0000000 2940000 1 030 0 1 293ffff 1 030 1
0000000 2c80000 1 0a1 0 1 2c7ffff 1 0a1 1
0000000 2a40000 1 06e 1 1 2a40000 1 06e 1
0000000 2300000 1 0d1 1 1 2300000 1 0d1 1
0000000 3a00000 1 3fd 1 1 3a00000 1 3fd 1
000c526 0000000 1 08f 1 1 000c526 1 08f 1
0000000 2640000 1 0ee 1 0 263ffff 0 0ee 1
0007544 0000000 1 06a 1 1 0007544 1 06a 1
000e2c8 0000000 1 0ac 1 0 000e2c7 1 0ac 1
0000000 2500000 1 0a3 0 0 2500000 0 0a3 1
000aee8 0000000 1 11a 0 0 000aee8 0 11a 1
000adf0 0000000 1 13f 0 0 000adf0 0 13f 1
00085cf 0000000 1 0d1 1 1 00085cf 1 0d1 1
000c07b 0000000 1 0ff 0 1 000c07a 0 0ff 1
0007f95 0000000 1 0a0 1 1 0007f95 1 0a0 1
0000000 36c0000 1 007 1 0 36bffff 0 007 1
0000000 3d40000 1 086 1 1 3d40000 1 086 1
0000000 37c0000 1 072 1 0 37bffff 0 072 1
0009337 0000000 1 0f6 0 1 0009336 0 0f6 1
0000000 3dc0000 1 039 0 1 3dbffff 1 039 1
0000000 31c0000 1 3f6 1 1 31c0000 1 3f6 1
000e2bd 0000000 1 098 0 0 000e2bd 0 098 1
000994e 0000000 1 147 1 0 000994d 1 147 1
0000000 2300000 1 0e3 0 0 2300000 0 0e3 1
0008cb8 0000000 1 0ec 1 0 0008cb7 1 0ec 1
0009da4 0000000 1 078 1 1 0009da4 1 078 1
0006d40 0000000 1 06a 1 0 0006d3f 1 06a 1
000bf3a 0000000 1 15d 1 1 000bf3a 1 15d 1
0000000 34c0000 1 019 0 0 34c0000 0 019 1
0007627 0000000 1 09c 0 1 0007626 0 09c 1
0000000 3b80000 1 0df 0 1 3b7ffff 1 0df 1
0000000 31c0000 1 0e2 1 1 31c0000 1 0e2 1
000597c 0000000 1 120 1 1 000597c 1 120 1
0008b17 0000000 1 086 0 1 0008b16 0 086 1
0000000 2f80000 1 0e6 1 0 2f7ffff 0 0e6 1
00073c8 0000000 1 0ca 0 0 00073c8 0 0ca 1
0000000 3d80000 1 069 0 0 3d80000 0 069 1
0006d82 0000000 1 102 0 1 0006d81 0 102 1
0000000 2800000 1 0f2 0 0 2800000 0 0f2 1
0006062 0000000 1 0d8 0 0 0006062 0 0d8 1
0000000 3040000 1 01c 0 0 3040000 0 01c 1
0000000 3fc0000 1 036 0 1 3fbffff 1 036 1
0008091 0000000 1 128 1 0 0008090 1 128 1
00060c0 0000000 1 0f4 1 1 00060c0 1 0f4 1
00093cb 0000000 1 0fa 0 1 00093ca 0 0fa 1
0000000 3180000 1 0f0 0 0 3180000 0 0f0 1
0000000 2280000 1 0b4 0 0 2280000 0 0b4 1
0000000 2180000 1 03f 0 1 217ffff 1 03f 1
00062a6 0000000 1 103 0 0 00062a6 0 103 1
0000000 3700000 1 0d3 0 0 3700000 0 0d3 1
0009580 000007a 0 0de 0 1 0009506 0 0de 0
0000000 3c80000 1 0ae 1 0 3c7ffff 0 0ae 1
0000000 2680000 1 08f 0 1 267ffff 1 08f 1
0000000 27c0000 1 0ba 1 0 27bffff 0 0ba 1
0000000 3400000 1 0e4 0 0 3400000 0 0e4 1
0000000 2340000 1 01d 0 1 233ffff 1 01d 1
0004c80 0000000 1 072 1 1 0004c80 1 072 1
0000000 26c0000 1 05f 1 0 26bffff 0 05f 1
0006384 0000000 1 13d 1 0 0006383 1 13d 1
0000000 2fc0000 1 0b7 1 0 2fbffff 0 0b7 1
0008714 0000000 1 154 1 0 0008713 1 154 1
000bfa0 0000000 1 0a7 0 1 000bf9f 0 0a7 1
00067cc 0000000 1 0de 0 0 00067cc 0 0de 1
0000000 3300000 1 031 1 1 3300000 1 031 1
0000000 2d00000 1 059 0 1 2cfffff 1 059 1
0000000 38c0000 1 069 1 0 38bffff 0 069 1
0000000 3200000 1 028 1 1 3200000 1 028 1
0000000 2640000 1 0c3 0 1 263ffff 1 0c3 1
00061b4 0000000 1 0fb 0 0 00061b4 0 0fb 1
0000000 3e40000 1 06f 1 1 3e40000 1 06f 1
0000000 3b80000 1 091 1 1 3b80000 1 091 1
0004c6c 0000000 1 10a 1 0 0004c6b 1 10a 1
000a488 0000000 1 038 1 1 000a488 1 038 1
00096b8 0000000 1 05d 1 0 00096b7 1 05d 1
0000000 2300000 1 027 0 0 2300000 0 027 1
0000000 2680000 1 3ff 0 1 267ffff 1 3ff 1
0000000 3000000 1 0e9 1 1 3000000 1 0e9 1
0000000 2a00000 1 0c3 0 1 29fffff 1 0c3 1
0000000 2ec0000 1 096 0 1 2ebffff 1 096 1
0006d3e 0000000 1 121 1 1 0006d3e 1 121 1
0000000 3e40000 1 0bc 0 1 3e3ffff 1 0bc 1
0000000 26c0000 1 0b7 0 1 26bffff 1 0b7 1
0000000 2140000 1 046 0 0 2140000 0 046 1
0000000 2cc0000 1 0e8 1 1 2cc0000 1 0e8 1
0000000 2080000 1 0f0 1 0 207ffff 0 0f0 1
0000000 2440000 1 06d 0 1 243ffff 1 06d 1
0000000 2180000 1 063 0 1 217ffff 1 063 1
0000000 3a00000 1 0cc 1 0 39fffff 0 0cc 1
0000000 2400000 1 060 1 1 2400000 1 060 1
0000000 2f40000 1 3f8 0 1 2f3ffff 1 3f8 1
0000000 2bc0000 1 0dd 0 1 2bbffff 1 0dd 1
000a6b4 0000000 1 0cc 0 1 000a6b3 0 0cc 1
0008df1 0000000 1 091 0 1 0008df0 0 091 1
0000000 25c0000 1 0be 1 0 25bffff 0 0be 1
0000000 2280000 1 0e6 0 0 2280000 0 0e6 1
0007540 0000000 1 062 0 0 0007540 0 062 1
000b7d8 003ac00 0 0cb 0 0 00463d8 0 0cb 0
0000000 2ac0000 1 0c6 1 0 2abffff 0 0c6 1
0000000 2740000 1 0ea 1 0 273ffff 0 0ea 1
0000000 36c0000 1 063 1 1 36c0000 1 063 1
0000000 2780000 1 0b6 0 0 2780000 0 0b6 1
0000000 2640000 1 079 1 1 2640000 1 079 1
0000000 2b00000 1 044 0 1 2afffff 1 044 1
0000000 3b40000 1 05c 0 1 3b3ffff 1 05c 1
0009540 0000000 1 113 1 0 000953f 1 113 1
0000000 2ac0000 1 0b1 0 1 2abffff 1 0b1 1
0000000 3f80000 1 0e3 0 1 3f7ffff 1 0e3 1
0000000 3640000 1 0a8 0 1 363ffff 1 0a8 1
0007d10 0000000 1 0c1 1 0 0007d0f 1 0c1 1
00071ac 0004080 0 080 0 1 000312c 0 080 0
0000000 2fc0000 1 097 0 0 2fc0000 0 097 1
00088fe 0b30000 0 014 1 0 0b27702 0 014 0
0000000 2780000 1 025 0 1 277ffff 1 025 1
000c5b1 0000000 1 0e9 1 0 000c5b0 1 0e9 1
0000000 2e80000 1 07b 1 1 2e80000 1 07b 1
0008298 0000000 1 137 1 1 0008298 1 137 1
0000000 2200000 1 016 1 0 21fffff 0 016 1
0006780 0000000 1 05e 1 0 000677f 1 05e 1
00095a2 0000000 1 0dd 0 0 00095a2 0 0dd 1
0000000 2f40000 1 0e2 1 0 2f3ffff 0 0e2 1
0000000 3c40000 1 0e9 1 1 3c40000 1 0e9 1
0000000 3dc0000 1 0b9 1 0 3dbffff 0 0b9 1
0000000 27c0000 1 078 1 1 27c0000 1 078 1
0000000 3a00000 1 095 1 0 39fffff 0 095 1
000622e 0000000 1 03d 0 0 000622e 0 03d 1
000a9c4 0000003 1 058 0 1 000a9c0 0 058 1
0000000 2980000 1 08a 1 0 297ffff 0 08a 1
0000000 31c0000 1 06e 1 0 31bffff 0 06e 1
0007eee 0000000 1 0b4 0 0 0007eee 0 0b4 1
0000000 21c0000 1 0a4 0 0 21c0000 0 0a4 1
0000000 3800000 1 08e 0 1 37fffff 1 08e 1
0000000 3080000 1 0a9 0 1 307ffff 1 0a9 1
000827d 0000000 1 125 0 1 000827c 0 125 1
0007992 0000000 1 060 0 1 0007991 0 060 1
0000000 3440000 1 05d 1 1 3440000 1 05d 1
0008723 0000000 1 03e 1 1 0008723 1 03e 1
000753f 0000000 1 097 1 1 000753f 1 097 1
0007e65 0068800 0 06c 0 0 0070665 0 06c 0
0000000 2500000 1 089 1 0 24fffff 0 089 1
0000000 2080000 1 082 0 0 2080000 0 082 1
0000000 3ec0000 1 046 1 1 3ec0000 1 046 1
0000000 3fc0000 1 3f6 0 1 3fbffff 1 3f6 1
0000000 3c40000 1 073 1 1 3c40000 1 073 1
000639c 0b50000 0 097 1 0 0b49c64 0 097 0
00080af 04d8000 0 03e 1 1 04e00af 1 03e 0
0006e12 0000000 1 101 1 0 0006e11 1 101 1
000ca9e 0000000 1 09e 1 0 000ca9d 1 09e 1
0000000 2980000 1 09f 0 1 297ffff 1 09f 1
0000000 2f40000 1 014 1 0 2f3ffff 0 014 1
0000000 2240000 1 0ef 0 1 223ffff 1 0ef 1
0000000 3240000 1 05d 1 0 323ffff 0 05d 1
0007094 0000000 1 0b3 1 1 0007094 1 0b3 1
0000000 2440000 1 07e 0 0 2440000 0 07e 1
0007942 0000002 1 084 0 1 000793f 0 084 1
000a1c4 0000000 1 042 1 0 000a1c3 1 042 1
0008694 00001bc 0 06e 0 1 00084d8 0 06e 0
000d503 0000000 1 112 0 1 000d502 0 112 1
0008840 0000000 0 06f 0 0 0008840 0 06f 0
0000000 2ec0000 1 0ec 0 0 2ec0000 0 0ec 1
000ac59 0000000 1 052 0 1 000ac58 0 052 1
0000000 3640000 1 08b 0 1 363ffff 1 08b 1
000832c 0000000 1 123 0 0 000832c 0 123 1
0007458 0000000 1 06a 1 0 0007457 1 06a 1
0006880 0000000 1 0db 0 1 000687f 0 0db 1
00047b8 0000000 1 0d6 1 1 00047b8 1 0d6 1
00052ac 0000000 1 081 1 0 00052ab 1 081 1
0000000 3bc0000 1 3fe 0 0 3bc0000 0 3fe 1
0000000 2980000 1 0bf 0 1 297ffff 1 0bf 1
000a870 0000000 1 0b0 1 1 000a870 1 0b0 1
0000000 2740000 1 09c 1 1 2740000 1 09c 1
0000000 2b80000 1 08e 0 1 2b7ffff 1 08e 1
0005931 0000000 1 0fe 1 0 0005930 1 0fe 1
000842f 0000000 1 09b 1 1 000842f 1 09b 1
000ba66 0000000 1 121 0 0 000ba66 0 121 1
000947c 0000000 1 03c 0 0 000947c 0 03c 1
0000000 2e00000 1 0e6 0 0 2e00000 0 0e6 1
0000000 2bc0000 1 093 0 0 2bc0000 0 093 1
000a16a 0000000 1 12e 1 0 000a169 1 12e 1
0000000 2640000 1 0d3 0 0 2640000 0 0d3 1
0000000 3100000 1 0ba 1 1 3100000 1 0ba 1
000a8ff 0000000 1 0df 1 0 000a8fe 1 0df 1
0000000 2d40000 1 0c8 0 1 2d3ffff 1 0c8 1
0004614 0000000 1 100 1 1 0004614 1 100 1
00085ad 0000000 1 0e4 0 0 00085ad 0 0e4 1
0000000 3280000 1 0e4 0 0 3280000 0 0e4 1
0000000 2ec0000 1 0be 1 0 2ebffff 0 0be 1
0005f2e 0000000 1 06e 0 1 0005f2d 0 06e 1
0000000 3f80000 1 028 1 0 3f7ffff 0 028 1
0000000 2d00000 1 037 1 0 2cfffff 0 037 1
000f610 0000000 1 0d6 1 0 000f60f 1 0d6 1
0006f95 0000000 1 129 0 0 0006f95 0 129 1
0000000 2d00000 1 0f1 0 0 2d00000 0 0f1 1
0000000 2cc0000 1 0f0 1 0 2cbffff 0 0f0 1
0008bdd 0000000 1 0cd 1 0 0008bdc 1 0cd 1
00083a2 0000000 1 06c 1 0 00083a1 1 06c 1
0004f3e 0000000 1 0cd 0 0 0004f3e 0 0cd 1
000d675 0000000 1 042 0 1 000d674 0 042 1
0000000 28c0000 1 0a7 1 0 28bffff 0 0a7 1
0000000 2a00000 1 0c6 0 0 2a00000 0 0c6 1
0000000 27c0000 1 0d9 1 0 27bffff 0 0d9 1
0000000 3680000 1 0db 0 1 367ffff 1 0db 1
0007ec0 0000000 1 0f2 0 1 0007ebf 0 0f2 1
0009973 0000000 1 12a 1 0 0009972 1 12a 1
0000000 2f80000 1 0c2 1 0 2f7ffff 0 0c2 1
000b6cb 0000000 1 0f7 0 0 000b6cb 0 0f7 1
0006bf4 0000000 1 066 1 0 0006bf3 1 066 1
0000000 2e00000 1 0e1 0 0 2e00000 0 0e1 1
0006b53 0000019 1 0b7 0 0 0006b6c 0 0b7 1
000c120 0000000 1 106 0 0 000c120 0 106 1
0000000 3640000 1 08c 1 0 363ffff 0 08c 1
0000000 3200000 1 0de 1 1 3200000 1 0de 1
0008e47 0000000 1 0f1 0 0 0008e47 0 0f1 1
0007ff2 0000000 1 121 1 0 0007ff1 1 121 1
000c93c 0000000 1 0cf 1 0 000c93b 1 0cf 1
000540c 0000000 1 0ec 1 0 000540b 1 0ec 1
0000000 3640000 1 0aa 0 1 363ffff 1 0aa 1
0000000 2d40000 1 054 0 1 2d3ffff 1 054 1
0000000 3200000 1 0b2 0 1 31fffff 1 0b2 1
000bde6 0000000 1 0ac 1 0 000bde5 1 0ac 1
0000000 2e80000 1 0e4 0 1 2e7ffff 1 0e4 1
0008560 0000000 1 0eb 1 1 0008560 1 0eb 1
000649a 0000000 1 08d 1 1 000649a 1 08d 1
0000000 35c0000 1 0ae 0 0 35c0000 0 0ae 1
000621c 0000000 1 0e6 1 1 000621c 1 0e6 1
0008458 0000000 1 109 1 0 0008457 1 109 1
0000000 2780000 1 0b5 1 1 2780000 1 0b5 1
000c89f 0000000 1 08c 0 0 000c89f 0 08c 1
0008d72 000031c 0 0bf 0 0 000908e 0 0bf 0
0008ea4 0000000 1 143 0 1 0008ea3 0 143 1
000438a 0000000 1 048 1 0 0004389 1 048 1
000ad8b 0000000 1 12c 1 0 000ad8a 1 12c 1
00074e8 0000314 0 05a 0 1 00071d4 0 05a 0
0000000 28c0000 1 05f 1 1 28c0000 1 05f 1
00079e0 0000000 1 140 0 0 00079e0 0 140 1
0009db8 0000000 1 0b5 1 0 0009db7 1 0b5 1
00096d2 0000000 1 0c4 1 1 00096d2 1 0c4 1
0000000 3500000 1 0cd 1 1 3500000 1 0cd 1
0006f01 0000000 1 0be 1 1 0006f01 1 0be 1
00083d6 0000000 1 0fb 1 0 00083d5 1 0fb 1
0000000 2080000 1 03f 1 1 2080000 1 03f 1
0000000 3200000 1 0e1 1 1 3200000 1 0e1 1
00076dd 0000000 1 0e0 1 0 00076dc 1 0e0 1
000bde8 0000000 1 07e 0 0 000bde8 0 07e 1
000a0bc 0000000 1 0ed 1 1 000a0bc 1 0ed 1
0000000 3dc0000 1 0cb 1 0 3dbffff 0 0cb 1
0000000 2340000 1 0a2 1 1 2340000 1 0a2 1
000e699 0000000 1 0df 0 1 000e698 0 0df 1
0000000 3f00000 1 045 1 0 3efffff 0 045 1
000707e 0000000 1 156 0 0 000707e 0 156 1
000684c 0000000 1 098 1 0 000684b 1 098 1
0000000 3d00000 1 0ec 1 0 3cfffff 0 0ec 1
0000000 3f40000 1 0c3 0 1 3f3ffff 1 0c3 1
000e77e 0000000 1 126 1 0 000e77d 1 126 1
0000000 2d40000 1 0a4 0 1 2d3ffff 1 0a4 1
0000000 37c0000 1 093 1 1 37c0000 1 093 1
0000000 3f80000 1 0f3 0 1 3f7ffff 1 0f3 1
000522e 0000000 1 133 1 1 000522e 1 133 1
0006ecd 0000000 1 0b8 0 0 0006ecd 0 0b8 1
0008208 0000000 1 0e5 1 0 0008207 1 0e5 1
00051fc 0000000 1 09f 0 0 00051fc 0 09f 1
0000000 2100000 1 0bc 1 0 20fffff 0 0bc 1
0000000 3d00000 1 0ea 1 1 3d00000 1 0ea 1
0008167 0000000 1 0a4 0 1 0008166 0 0a4 1
0000000 28c0000 1 00a 0 1 28bffff 1 00a 1
000655e 0000000 1 116 1 0 000655d 1 116 1
0000000 2f00000 1 0ef 1 0 2efffff 0 0ef 1
000a82c 0000000 1 086 1 1 000a82c 1 086 1
0000000 0000000 1 3f5 1 0 0000000 0 3f5 1
0009171 0000007 1 094 1 0 0009169 1 094 1
0008515 0000000 1 155 1 0 0008514 1 155 1
000cf08 0000000 1 0eb 1 0 000cf07 1 0eb 1
0007978 0000000 1 07a 0 0 0007978 0 07a 1
0004e34 0000000 1 088 0 0 0004e34 0 088 1
000d152 000002c 0 02e 1 1 000d17e 1 02e 0
0000000 2240000 1 0c4 1 0 223ffff 0 0c4 1
0008d8f 0000000 1 10c 1 0 0008d8e 1 10c 1
000973e 0000000 1 09a 1 1 000973e 1 09a 1
0008002 0000000 1 105 1 0 0008001 1 105 1
00077df 0000000 1 0ab 0 0 00077df 0 0ab 1
0007698 0000000 1 145 1 0 0007697 1 145 1
0008c7c 0000000 1 05c 0 0 0008c7c 0 05c 1
0008a48 000003b 1 0b4 1 0 0008a0c 1 0b4 1
0000000 2e80000 1 0c4 1 0 2e7ffff 0 0c4 1
0009504 0000000 1 043 0 1 0009503 0 043 1
0000000 3880000 1 0c8 1 0 387ffff 0 0c8 1
0000000 3ec0000 1 3fe 0 0 3ec0000 0 3fe 1
0005a64 0000001 1 03d 1 1 0005a65 1 03d 1
0000000 2100000 1 03b 1 0 20fffff 0 03b 1
0000000 3d80000 1 0b7 1 0 3d7ffff 0 0b7 1
0009a5c 0000000 1 0bf 1 1 0009a5c 1 0bf 1
0000000 2e00000 1 061 0 0 2e00000 0 061 1
000b44b 0000000 1 0d1 0 0 000b44b 0 0d1 1
000a89e 0000000 1 117 1 1 000a89e 1 117 1
0000000 3d80000 1 0ec 0 0 3d80000 0 0ec 1
0007238 0000000 1 0d7 1 1 0007238 1 0d7 1
00084ea 003e800 0 0c8 1 0 0036316 0 0c8 0
0000000 2d80000 1 05b 0 0 2d80000 0 05b 1
0000000 27c0000 1 0cb 0 1 27bffff 1 0cb 1
00077ee 0000000 1 09f 1 1 00077ee 1 09f 1
0000000 2880000 1 0e6 1 0 287ffff 0 0e6 1
0000000 2480000 1 0d4 0 1 247ffff 1 0d4 1
0000000 2140000 1 0c3 0 1 213ffff 1 0c3 1
0000000 2640000 1 0ee 0 0 2640000 0 0ee 1
000440f 0000000 1 0cf 1 1 000440f 1 0cf 1
0000000 3b80000 1 07e 1 1 3b80000 1 07e 1
0008d9c 0000000 1 074 1 1 0008d9c 1 074 1
0000000 2b00000 1 07c 1 0 2afffff 0 07c 1
0000000 3e00000 1 0c0 0 1 3dfffff 1 0c0 1
0000000 2840000 1 0ad 1 0 283ffff 0 0ad 1
000b4e4 0000000 1 114 0 0 000b4e4 0 114 1
0009544 000000b 0 086 1 1 000954f 1 086 0
0000000 32c0000 1 095 1 1 32c0000 1 095 1
0000000 3980000 1 0d2 1 0 397ffff 0 0d2 1
0000000 3ac0000 1 0dd 1 0 3abffff 0 0dd 1
0000000 24c0000 1 060 0 1 24bffff 1 060 1
0007b0c 0000000 1 0a1 1 1 0007b0c 1 0a1 1
00081f0 0000062 1 02f 0 0 0008252 0 02f 1
0000000 2a80000 1 0e8 1 1 2a80000 1 0e8 1
0006af4 0000000 1 0d2 0 1 0006af3 0 0d2 1
0006b4e 0000000 1 0ef 1 1 0006b4e 1 0ef 1
0000000 3300000 1 0c4 1 0 32fffff 0 0c4 1
0000000 3e80000 1 09d 1 1 3e80000 1 09d 1
0000000 3a00000 1 0a9 1 1 3a00000 1 0a9 1
000e238 0000000 1 0f6 0 0 000e238 0 0f6 1
000a7c8 0000000 1 0e2 0 1 000a7c7 0 0e2 1
0000000 2e80000 1 017 1 0 2e7ffff 0 017 1
000d5be 0000000 1 140 0 1 000d5bd 0 140 1
0006132 000039c 0 07e 0 0 00064ce 0 07e 0
0009f64 0000000 1 0a3 1 0 0009f63 1 0a3 1
0000000 2280000 1 084 0 0 2280000 0 084 1
000b574 0000003 1 0be 0 0 000b577 0 0be 1
000b304 0000000 1 13d 1 0 000b303 1 13d 1
0000000 3200000 1 0cd 1 0 31fffff 0 0cd 1
0000000 2680000 1 055 0 0 2680000 0 055 1
0000000 3680000 1 0f0 0 1 367ffff 1 0f0 1
0000000 2940000 1 0b7 0 1 293ffff 1 0b7 1
0000000 2e00000 1 01b 1 1 2e00000 1 01b 1
000748b 0000000 1 0b5 1 1 000748b 1 0b5 1
0000000 3480000 1 0d5 1 0 347ffff 0 0d5 1
0000000 3240000 1 0ad 1 1 3240000 1 0ad 1
0000000 2b80000 1 02d 0 0 2b80000 0 02d 1
0000000 39c0000 1 065 1 1 39c0000 1 065 1
0008949 024c000 0 0b3 1 1 0254949 1 0b3 0
000dc54 0000000 1 0bf 0 0 000dc54 0 0bf 1
0000000 2440000 1 053 0 1 243ffff 1 053 1
0000000 3ac0000 1 0e0 1 1 3ac0000 1 0e0 1
0005dc0 0000000 1 0a5 1 0 0005dbf 1 0a5 1
0000000 2900000 1 0e0 0 0 2900000 0 0e0 1
0000000 37c0000 1 0bf 0 0 37c0000 0 0bf 1
000bfa0 0000000 1 0ee 0 1 000bf9f 0 0ee 1
0000000 3d80000 1 0a8 1 0 3d7ffff 0 0a8 1
0000000 24c0000 1 0bf 0 1 24bffff 1 0bf 1
0009021 0000000 1 07b 0 0 0009021 0 07b 1
0009218 0000000 1 077 1 1 0009218 1 077 1
0000000 2100000 1 0e6 1 0 20fffff 0 0e6 1
0007c18 0000000 1 068 1 0 0007c17 1 068 1
000a934 0000000 1 0b0 1 0 000a933 1 0b0 1
0008c28 0000000 1 0e8 1 0 0008c27 1 0e8 1
00056e0 0000000 1 067 0 0 00056e0 0 067 1
0000000 3800000 1 0c9 1 0 37fffff 0 0c9 1
0005534 0000000 1 060 1 1 0005534 1 060 1
0000000 2b80000 1 0ea 0 1 2b7ffff 1 0ea 1
0007628 0000000 1 0c5 1 0 0007627 1 0c5 1
0000000 2a80000 1 0e5 1 1 2a80000 1 0e5 1
0000000 2f00000 1 0b4 0 0 2f00000 0 0b4 1
0000000 3600000 1 09b 1 1 3600000 1 09b 1
00074c8 0000000 1 092 0 0 00074c8 0 092 1
0000000 3180000 1 0c1 1 0 317ffff 0 0c1 1
0009832 0000000 1 13e 0 1 0009831 0 13e 1
0000000 2400000 1 05b 1 0 23fffff 0 05b 1
0000000 2680000 1 078 1 0 267ffff 0 078 1
0007d70 0000000 1 0e6 0 1 0007d6f 0 0e6 1
000a0e0 0000000 1 0b5 0 1 000a0df 0 0b5 1
0006324 0000000 1 0e2 0 1 0006323 0 0e2 1
0007b7a 0000000 1 16f 0 1 0007b79 0 16f 1
0000000 3300000 1 08d 0 1 32fffff 1 08d 1
00084e4 0000000 1 0a9 1 0 00084e3 1 0a9 1
00086a8 0000000 1 10e 1 0 00086a7 1 10e 1
0000000 2e80000 1 006 1 1 2e80000 1 006 1
0000000 3d40000 1 04e 1 1 3d40000 1 04e 1
0008ade 0000000 1 130 1 1 0008ade 1 130 1
0000000 2440000 1 0a1 0 0 2440000 0 0a1 1
0000000 2a80000 1 0a4 0 1 2a7ffff 1 0a4 1
000916e 0000000 1 06c 0 1 000916d 0 06c 1
0000000 2700000 1 08a 0 0 2700000 0 08a 1
00095ca 0350000 0 003 0 0 03595ca 0 003 0
0000000 22c0000 1 06c 0 0 22c0000 0 06c 1
00080af 0000000 1 0ad 1 0 00080ae 1 0ad 1
0000000 2200000 1 0e7 0 1 21fffff 1 0e7 1
0006384 0000000 1 0be 1 0 0006383 1 0be 1
0008898 0000000 1 0c5 1 0 0008897 1 0c5 1
0007fdc 0000000 1 0e0 1 0 0007fdb 1 0e0 1
0000000 25c0000 1 08c 1 0 25bffff 0 08c 1
000ab5e 0000000 1 0ae 1 0 000ab5d 1 0ae 1
0000000 2940000 1 03e 0 1 293ffff 1 03e 1
0000000 2700000 1 0de 1 0 26fffff 0 0de 1
000c12a 0000000 1 111 1 1 000c12a 1 111 1
00092c8 0000000 1 08c 1 1 00092c8 1 08c 1
0000000 2f40000 1 079 1 0 2f3ffff 0 079 1
0000000 2b40000 1 0b9 0 1 2b3ffff 1 0b9 1
0000000 3e40000 1 0bf 1 0 3e3ffff 0 0bf 1
000682a 0000658 0 0ee 1 0 00061d2 1 0ee 0
0000000 3200000 1 0be 0 0 3200000 0 0be 1
0006c5c 0000000 1 0f1 0 1 0006c5b 0 0f1 1
00090c8 0000000 1 147 1 1 00090c8 1 147 1
00069c9 0000000 1 06c 1 0 00069c8 1 06c 1
0000000 2f80000 1 04e 1 0 2f7ffff 0 04e 1
0009d92 0000000 1 08e 0 1 0009d91 0 08e 1
0000000 2300000 1 085 0 1 22fffff 1 085 1
000b7f0 0000000 1 074 0 1 000b7ef 0 074 1
00060c8 0000000 1 101 0 0 00060c8 0 101 1
0007b34 0000000 1 0ac 0 1 0007b33 0 0ac 1
000bc28 0000000 1 0e0 1 0 000bc27 1 0e0 1
000a730 0000000 1 08f 1 1 000a730 1 08f 1
0005afa 0000009 1 0be 0 0 0005b03 0 0be 1
0009425 0000000 1 0b5 0 0 0009425 0 0b5 1
0000000 3340000 1 024 0 1 333ffff 1 024 1
000a5f4 0000000 1 0fb 1 1 000a5f4 1 0fb 1
000c03f 0000000 1 0da 1 0 000c03e 1 0da 1
0000000 3ec0000 1 0cc 1 1 3ec0000 1 0cc 1
0000000 2980000 1 024 0 1 297ffff 1 024 1
0008d30 0000200 0 060 1 0 0008b30 1 060 0
0000000 2800000 1 0ca 0 1 27fffff 1 0ca 1
0000000 3300000 1 094 0 0 3300000 0 094 1
0000000 2e40000 1 08c 0 0 2e40000 0 08c 1
0000000 3c00000 0 0f0 1 0 3c00000 0 0f0 0
000c17d 0000000 1 088 0 0 000c17d 0 088 1
0000000 2280000 1 07e 0 1 227ffff 1 07e 1
0000000 27c0000 1 09d 0 1 27bffff 1 09d 1
0000000 2280000 1 071 0 1 227ffff 1 071 1
0000000 3ec0000 1 0a0 1 0 3ebffff 0 0a0 1
0000000 30c0000 1 052 0 0 30c0000 0 052 1
000c63e 0000000 1 09a 1 0 000c63d 1 09a 1
0008054 0000000 1 15f 1 0 0008053 1 15f 1
0000000 2e00000 1 0c4 1 0 2dfffff 0 0c4 1
0000000 31c0000 1 0e3 0 0 31c0000 0 0e3 1
0000000 21c0000 1 0e4 1 0 21bffff 0 0e4 1
0000000 2740000 1 0cd 1 1 2740000 1 0cd 1
0000000 2780000 0 01b 0 0 2780000 0 01b 0
0000000 2e40000 1 050 0 0 2e40000 0 050 1
000ace9 0000000 1 08f 1 1 000ace9 1 08f 1
0007aa4 0000000 1 0bd 1 0 0007aa3 1 0bd 1
0000000 3b80000 1 093 0 0 3b80000 0 093 1
0000000 32c0000 1 012 1 1 32c0000 1 012 1
000a17c 0000000 1 086 0 1 000a17b 0 086 1
00085ad 0000000 1 032 1 0 00085ac 1 032 1
0006582 0000000 1 0f2 1 1 0006582 1 0f2 1
000a934 0162000 0 0b0 0 0 016c934 0 0b0 0
0006ee8 0000000 1 06e 1 1 0006ee8 1 06e 1
0000000 24c0000 0 0a6 1 0 24c0000 0 0a6 0
0008da4 0b10000 0 066 1 0 0b0725c 0 066 0
000db60 0000000 1 092 1 0 000db5f 1 092 1
0000000 2cc0000 1 04a 0 1 2cbffff 1 04a 1
0007eac 0000000 1 0ff 0 0 0007eac 0 0ff 1
000bea4 0000000 1 0b2 1 1 000bea4 1 0b2 1
0000000 2f00000 1 09b 1 0 2efffff 0 09b 1
0000000 3a80000 1 0a8 0 1 3a7ffff 1 0a8 1
000b162 0000000 1 0b0 1 1 000b162 1 0b0 1
000dd13 0000000 1 128 1 1 000dd13 1 128 1
0008b85 0000000 1 0ff 0 1 0008b84 0 0ff 1
0009ba6 0000000 1 15d 0 1 0009ba5 0 15d 1
000a4f0 0000000 1 124 1 1 000a4f0 1 124 1
0008a3f 0000000 1 08f 0 1 0008a3e 0 08f 1
00081d1 0000000 1 078 1 1 00081d1 1 078 1
0000000 2fc0000 1 0b5 0 1 2fbffff 1 0b5 1
0000000 3540000 1 0cc 0 1 353ffff 1 0cc 1
0007b12 0000000 1 0be 0 1 0007b11 0 0be 1
000976b 02c0000 0 0cb 0 1 02b6895 1 0cb 0
0000000 3440000 1 0e8 1 0 343ffff 0 0e8 1
0006f80 0000000 1 175 0 1 0006f7f 0 175 1
0000000 2680000 1 080 0 0 2680000 0 080 1
000883b 0000000 1 0e9 1 0 000883a 1 0e9 1
0000000 3640000 1 0ca 1 1 3640000 1 0ca 1
0008755 0000000 1 08c 0 0 0008755 0 08c 1
0000000 3f00000 1 085 1 1 3f00000 1 085 1
0000000 3080000 1 048 0 0 3080000 0 048 1
0000000 2640000 1 0d5 1 0 263ffff 0 0d5 1
000b940 0000000 1 091 0 0 000b940 0 091 1
0009d37 0000000 1 0af 1 1 0009d37 1 0af 1
0007238 0000000 1 0e6 0 1 0007237 0 0e6 1
0000000 3880000 1 0f1 0 0 3880000 0 0f1 1
000b8b5 0000000 1 0d2 0 0 000b8b5 0 0d2 1
0000000 2300000 1 0a1 0 1 22fffff 1 0a1 1
0000000 2700000 1 0ac 1 1 2700000 1 0ac 1
0000000 2e00000 1 0a8 0 0 2e00000 0 0a8 1
0000000 23c0000 1 002 1 0 23bffff 0 002 1
0007ce0 0000000 1 094 1 1 0007ce0 1 094 1
0000000 2540000 1 0bf 0 0 2540000 0 0bf 1
000ce8d 0000000 1 0ab 0 0 000ce8d 0 0ab 1
00089f1 0000000 1 121 0 0 00089f1 0 121 1
000ac44 000b100 0 087 1 1 0015d44 1 087 0
000be2a 0000000 0 0b3 1 1 000be2a 1 0b3 0
0000000 26c0000 1 05e 0 0 26c0000 0 05e 1
0008f08 0196000 0 07f 0 1 018d0f8 1 07f 0
0000000 2680000 1 0c0 0 1 267ffff 1 0c0 1
0000000 2440000 1 032 0 1 243ffff 1 032 1
0000000 2000000 1 0cc 0 1 1ffffff 1 0cc 1
0000000 3e40000 1 02f 0 1 3e3ffff 1 02f 1
0009e90 0000000 1 0f8 1 0 0009e8f 1 0f8 1
0000000 2440000 1 0ce 0 0 2440000 0 0ce 1
0000000 3c00000 1 0ca 1 1 3c00000 1 0ca 1
0000000 3d40000 1 0e9 1 1 3d40000 1 0e9 1
0000000 22c0000 1 07a 1 1 22c0000 1 07a 1
0005c6c 0000000 1 08a 0 1 0005c6b 0 08a 1
0000000 2500000 1 0df 0 1 24fffff 1 0df 1
0008668 0000000 1 0cc 0 0 0008668 0 0cc 1
0000000 3c40000 1 08c 1 0 3c3ffff 0 08c 1
0000000 2380000 1 0b5 0 0 2380000 0 0b5 1
000d632 2340000 0 071 0 0 234d632 0 071 0
0000000 2f40000 1 065 0 0 2f40000 0 065 1
000cfb4 000be00 0 025 1 1 0018db4 1 025 0
0009cc0 0000000 1 085 1 0 0009cbf 1 085 1
0005800 0000000 1 12c 1 0 00057ff 1 12c 1
000bd0f 0000000 1 141 1 0 000bd0e 1 141 1
000bebd 0000000 1 08e 0 0 000bebd 0 08e 1
00093d8 014a000 0 032 0 0 01533d8 0 032 0
000abf6 0000000 1 0aa 1 0 000abf5 1 0aa 1
0000000 3cc0000 1 09c 0 1 3cbffff 1 09c 1
0000000 3900000 1 0a8 0 1 38fffff 1 0a8 1
0000000 2740000 1 0c2 1 0 273ffff 0 0c2 1
0000000 36c0000 1 0f1 0 1 36bffff 1 0f1 1
0000000 2c00000 1 024 0 1 2bfffff 1 024 1
0000000 2880000 1 027 1 1 2880000 1 027 1
0000000 2a00000 0 09d 1 0 2a00000 0 09d 0
0000000 3f40000 1 0af 0 1 3f3ffff 1 0af 1
0000000 2080000 1 0cf 1 0 207ffff 0 0cf 1
0000000 34c0000 1 0f2 1 0 34bffff 0 0f2 1
0000000 3cc0000 1 0ad 1 1 3cc0000 1 0ad 1
000acc2 0000000 1 087 0 1 000acc1 0 087 1
0008e04 0000000 1 0d9 0 0 0008e04 0 0d9 1
0000000 2440000 1 0a4 1 1 2440000 1 0a4 1
00089ac 0000000 1 0b5 0 0 00089ac 0 0b5 1
000db65 0000000 1 05b 1 0 000db64 1 05b 1
0009d80 0000000 1 0fc 1 0 0009d7f 1 0fc 1
00074d9 0000000 1 107 1 1 00074d9 1 107 1
0000000 2440000 1 0cd 1 1 2440000 1 0cd 1
0000000 38c0000 1 0f1 0 0 38c0000 0 0f1 1
0000000 2800000 1 0d9 1 0 27fffff 0 0d9 1
0000000 2880000 1 090 0 0 2880000 0 090 1
0000000 2200000 1 0a7 0 1 21fffff 1 0a7 1
0000000 31c0000 1 0be 1 0 31bffff 0 0be 1
0000000 3d00000 1 0b1 1 0 3cfffff 0 0b1 1
000e548 0000000 1 10b 1 0 000e547 1 10b 1
0000000 2400000 1 0bc 0 0 2400000 0 0bc 1
0009182 0000000 1 043 0 0 0009182 0 043 1
000644c 0000000 1 08c 0 0 000644c 0 08c 1
00049b0 0000000 1 097 1 0 00049af 1 097 1
0000000 3400000 1 0da 1 1 3400000 1 0da 1
000c59d 0000000 1 108 1 1 000c59d 1 108 1
000a57c 0000000 1 138 1 1 000a57c 1 138 1
0000000 3e40000 1 0cf 1 0 3e3ffff 0 0cf 1
0000000 2580000 1 0f2 1 0 257ffff 0 0f2 1
000d675 0000000 1 0db 0 1 000d674 0 0db 1
0000000 2500000 1 0dc 1 0 24fffff 0 0dc 1
0008241 0000000 1 0af 0 0 0008241 0 0af 1
0000000 3040000 1 0ad 0 0 3040000 0 0ad 1
0000000 2ac0000 1 083 1 0 2abffff 0 083 1
000dff2 0000000 1 0d4 1 1 000dff2 1 0d4 1
000adea 004b800 0 0de 1 1 00565ea 1 0de 0
0000000 3680000 1 0c1 1 0 367ffff 0 0c1 1
0005970 0000000 1 0a4 1 0 000596f 1 0a4 1
0009c68 0000000 1 0da 1 1 0009c68 1 0da 1
0000000 2f80000 1 037 1 1 2f80000 1 037 1
0005f00 0000000 1 150 1 1 0005f00 1 150 1
0000000 2a40000 1 07b 0 0 2a40000 0 07b 1
0000000 3500000 1 0b1 0 0 3500000 0 0b1 1
0000000 3500000 1 0c1 1 0 34fffff 0 0c1 1
000d5e4 0000000 1 118 0 1 000d5e3 0 118 1
0000000 2ec0000 1 0c3 1 0 2ebffff 0 0c3 1
000ba36 0000000 1 06b 1 0 000ba35 1 06b 1
0000000 2200000 1 0e0 1 1 2200000 1 0e0 1
000771e 0000000 1 0cc 0 0 000771e 0 0cc 1
000d2ba 0000000 1 097 1 1 000d2ba 1 097 1
0009108 0000000 1 083 0 1 0009107 0 083 1
0000000 3300000 1 0b9 1 1 3300000 1 0b9 1
0000000 27c0000 1 068 1 1 27c0000 1 068 1
000cde0 0000000 1 131 1 1 000cde0 1 131 1
0004e0c 0000000 1 0e6 0 0 0004e0c 0 0e6 1
0009270 0000000 1 0b2 0 0 0009270 0 0b2 1
00090c8 0000000 1 112 1 0 00090c7 1 112 1
0009c36 0000000 1 110 1 0 0009c35 1 110 1
000db46 0000000 1 119 0 0 000db46 0 119 1
0000000 20c0000 1 095 1 1 20c0000 1 095 1
0000000 2800000 1 0ea 0 0 2800000 0 0ea 1
0007800 0000000 1 10a 0 1 00077ff 0 10a 1
0000000 3980000 1 0c7 0 0 3980000 0 0c7 1
0000000 38c0000 1 04e 0 0 38c0000 0 04e 1
0006def 0000000 1 0c8 0 1 0006dee 0 0c8 1
0000000 36c0000 1 0cf 1 1 36c0000 1 0cf 1
0007adf 0000000 1 0d5 1 1 0007adf 1 0d5 1
0006f45 0000000 1 08d 0 1 0006f44 0 08d 1
0000000 2780000 1 08c 0 1 277ffff 1 08c 1
0000000 3580000 1 0e2 1 0 357ffff 0 0e2 1
0000000 3440000 1 008 0 1 343ffff 1 008 1
0000000 3b40000 1 032 1 0 3b3ffff 0 032 1
0000000 3080000 1 0d4 0 0 3080000 0 0d4 1
0000000 2040000 1 05a 0 1 203ffff 1 05a 1
0000000 2040000 1 04b 0 0 2040000 0 04b 1
000c733 0000000 1 123 1 1 000c733 1 123 1
0000000 2440000 1 0ee 1 1 2440000 1 0ee 1
0007788 0000000 1 12e 1 1 0007788 1 12e 1
000d6c2 0000000 1 080 0 0 000d6c2 0 080 1
000d788 0000000 1 09f 0 1 000d787 0 09f 1
000926d 0000000 1 07a 1 0 000926c 1 07a 1
000911d 0000000 1 09e 0 0 000911d 0 09e 1
000eb50 0000000 1 0d7 1 1 000eb50 1 0d7 1
0000000 3b00000 1 02d 1 1 3b00000 1 02d 1
0000000 2740000 1 0ec 0 0 2740000 0 0ec 1
0006867 0000000 1 030 0 1 0006866 0 030 1
00065d4 00006c0 0 099 0 1 0005f14 0 099 0
000461b 0000000 1 0de 1 0 000461a 1 0de 1
0000000 3e80000 1 0d6 1 0 3e7ffff 0 0d6 1
0000000 3000000 1 0b2 0 0 3000000 0 0b2 1
0005be0 0000000 1 0db 0 1 0005bdf 0 0db 1
0005d99 0000126 0 0a7 1 0 0005c73 1 0a7 0
0007a34 0000000 1 0a8 0 1 0007a33 0 0a8 1
0005d30 0000000 1 026 1 0 0005d2f 1 026 1
0000000 28c0000 1 095 1 0 28bffff 0 095 1
000a3e0 0000000 1 079 0 0 000a3e0 0 079 1
0007c70 0000000 1 014 1 1 0007c70 1 014 1
000c2f6 0000000 1 08a 1 0 000c2f5 1 08a 1
0007d82 0000000 1 091 1 0 0007d81 1 091 1
0000000 2500000 1 098 0 0 2500000 0 098 1
0000000 2fc0000 0 042 1 1 2fc0000 1 042 0
00053d6 0000000 1 085 0 1 00053d5 0 085 1
0000000 3d40000 1 026 0 0 3d40000 0 026 1
0000000 2080000 1 08b 0 1 207ffff 1 08b 1
0000000 3980000 1 076 1 0 397ffff 0 076 1
0009312 0000000 1 114 1 0 0009311 1 114 1
0004bf8 0000000 1 095 1 0 0004bf7 1 095 1
000582f 0000000 1 133 1 1 000582f 1 133 1
0000000 2200000 1 0a9 0 1 21fffff 1 0a9 1
0000000 3540000 1 0f3 0 1 353ffff 1 0f3 1
000b424 0000000 1 120 0 0 000b424 0 120 1
0000000 2a80000 1 0ba 1 1 2a80000 1 0ba 1
000574e 0000000 1 14f 1 0 000574d 1 14f 1
00047b6 0000000 1 0d6 0 0 00047b6 0 0d6 1
0000000 3580000 1 095 1 1 3580000 1 095 1
0000000 3740000 1 03d 0 1 373ffff 1 03d 1
0000000 3f40000 1 0a2 1 0 3f3ffff 0 0a2 1
0000000 37c0000 1 06a 1 1 37c0000 1 06a 1
0000000 3000000 1 0a4 0 0 3000000 0 0a4 1
0000000 3ec0000 1 0d9 0 0 3ec0000 0 0d9 1
000b60f 0000000 1 017 0 1 000b60e 0 017 1
0000000 2f00000 1 08e 0 0 2f00000 0 08e 1
0005dcc 0000000 1 063 0 1 0005dcb 0 063 1
0008e49 0000000 1 0b4 1 1 0008e49 1 0b4 1
000506a 0000000 1 11d 1 1 000506a 1 11d 1
0000000 3f00000 1 0c5 0 0 3f00000 0 0c5 1
0000000 3180000 1 0bc 0 0 3180000 0 0bc 1
0000000 35c0000 1 0bb 1 1 35c0000 1 0bb 1
0000000 31c0000 1 0d0 1 0 31bffff 0 0d0 1
0008f70 0000000 1 09c 1 0 0008f6f 1 09c 1
0000000 2500000 1 07b 0 0 2500000 0 07b 1
0000000 2ac0000 1 0c6 1 0 2abffff 0 0c6 1
0000000 2880000 1 0dd 0 1 287ffff 1 0dd 1
00090b5 0000000 1 127 1 1 00090b5 1 127 1
0000000 2100000 1 0c4 1 1 2100000 1 0c4 1
0000000 2d80000 1 0b6 0 0 2d80000 0 0b6 1
0000000 2500000 1 05f 1 0 24fffff 0 05f 1
0000000 3900000 1 069 0 1 38fffff 1 069 1
0000000 2900000 1 0bd 0 1 28fffff 1 0bd 1
0007278 0000000 1 03e 0 0 0007278 0 03e 1
0008f8e 00000a9 0 0bd 0 1 0008ee5 0 0bd 0
0000000 3e80000 1 0b4 1 0 3e7ffff 0 0b4 1
0000000 3dc0000 1 0d2 0 0 3dc0000 0 0d2 1
0006d9f 0000033 1 0c6 1 1 0006dd2 1 0c6 1
0000000 3400000 1 0c4 0 1 33fffff 1 0c4 1
000e772 0000000 1 0aa 1 0 000e771 1 0aa 1
000721c 0000000 1 0a1 0 1 000721b 0 0a1 1
00072de 0000000 1 0ad 0 0 00072de 0 0ad 1
0004f1d 0000000 1 04f 1 1 0004f1d 1 04f 1
0006798 000006e 0 0ec 1 1 0006806 1 0ec 0
000bec5 0000000 1 0d5 1 1 000bec5 1 0d5 1
0000000 2700000 1 0b5 1 1 2700000 1 0b5 1
0005ef6 0000000 1 0ef 1 1 0005ef6 1 0ef 1
0004eb4 0000000 1 0a0 0 1 0004eb3 0 0a0 1
000506e 0000000 1 0db 0 1 000506d 0 0db 1
0000000 3600000 1 0ba 0 0 3600000 0 0ba 1
0000000 22c0000 1 09f 1 0 22bffff 0 09f 1
0000000 3700000 1 0ac 0 0 3700000 0 0ac 1
0000000 3680000 1 0aa 1 0 367ffff 0 0aa 1
0004e34 0000000 1 032 1 1 0004e34 1 032 1
0000000 3740000 1 0a2 1 0 373ffff 0 0a2 1
0009666 000020c 0 07c 1 0 000945a 1 07c 0
0000000 3000000 1 038 1 1 3000000 1 038 1
0004c02 0000001 1 0ea 1 0 0004c00 1 0ea 1
0000000 2200000 1 0e1 1 0 21fffff 0 0e1 1
0000000 3d80000 1 0ac 1 0 3d7ffff 0 0ac 1
000e11e 0000002 1 039 0 0 000e120 0 039 1
0000000 2600000 1 0b0 0 1 25fffff 1 0b0 1
00055f8 0008b00 0 0a5 1 0 0003508 0 0a5 0
0008aa2 0000000 1 08d 0 1 0008aa1 0 08d 1
0008ab8 0000000 1 15c 0 1 0008ab7 0 15c 1
0008997 0000000 1 0fe 1 0 0008996 1 0fe 1
00090c8 0000000 1 075 1 1 00090c8 1 075 1
0000000 3a00000 1 0d7 1 0 39fffff 0 0d7 1
0000000 2cc0000 1 0f2 0 0 2cc0000 0 0f2 1
0000000 3780000 1 0cd 0 0 3780000 0 0cd 1
0000000 2ac0000 1 0c7 1 1 2ac0000 1 0c7 1
0000000 2800000 1 0c7 1 0 27fffff 0 0c7 1
000696d 0000000 1 07c 1 0 000696c 1 07c 1
000809e 0000004 1 0ff 0 1 0008099 0 0ff 1
0007b30 0000000 1 0e3 0 1 0007b2f 0 0e3 1
0006819 0000000 1 0b6 1 1 0006819 1 0b6 1
0000000 2380000 1 07b 0 1 237ffff 1 07b 1
0007120 0000000 1 0a9 0 1 000711f 0 0a9 1
0000000 3fc0000 1 0e7 0 0 3fc0000 0 0e7 1
0009af4 0000000 1 05a 0 1 0009af3 0 05a 1
0005b58 0000000 1 112 0 1 0005b57 0 112 1
000af28 0000000 0 057 1 1 000af28 1 057 0
000a302 0000000 1 142 1 0 000a301 1 142 1
0008b74 0000000 1 0ab 0 1 0008b73 0 0ab 1
000d368 0000000 1 11c 0 0 000d368 0 11c 1
0009aea 0000000 1 0f1 0 0 0009aea 0 0f1 1
00068e2 0000000 1 0ff 0 1 00068e1 0 0ff 1
0000000 3e80000 1 0d9 0 1 3e7ffff 1 0d9 1
0000000 23c0000 1 0d2 1 1 23c0000 1 0d2 1
0000000 3b40000 1 083 0 0 3b40000 0 083 1
0000000 3a00000 1 0bd 1 1 3a00000 1 0bd 1
0000000 3940000 1 0ac 1 1 3940000 1 0ac 1
0000000 2900000 1 0d2 1 1 2900000 1 0d2 1
0000000 2c00000 1 080 0 1 2bfffff 1 080 1
0000000 2a00000 1 08a 0 1 29fffff 1 08a 1
000bf94 0000000 1 0b0 0 1 000bf93 0 0b0 1
0008c04 00009d0 0 097 1 0 0008234 1 097 0
0005c6c 0000000 1 0f3 1 1 0005c6c 1 0f3 1
000b24d 0000000 1 14d 1 0 000b24c 1 14d 1
0000000 2180000 1 08a 0 1 217ffff 1 08a 1
00071b2 0000000 1 090 1 1 00071b2 1 090 1
0009e8b 0000000 1 09c 1 0 0009e8a 1 09c 1
000b51e 0000000 1 0b2 1 0 000b51d 1 0b2 1
000bd3b 0000000 1 0e1 1 1 000bd3b 1 0e1 1
0000000 30c0000 1 07d 1 1 30c0000 1 07d 1
0000000 3640000 1 02e 1 0 363ffff 0 02e 1
0000000 3440000 1 066 1 0 343ffff 0 066 1
0000000 2980000 1 03a 0 1 297ffff 1 03a 1
0006b40 0000000 1 0d4 1 0 0006b3f 1 0d4 1
000c38a 0000000 1 110 1 1 000c38a 1 110 1
000c15c 000013e 0 0b2 1 0 000c01e 1 0b2 0
0000000 2500000 1 0e2 1 0 24fffff 0 0e2 1
000a348 0000000 1 040 1 0 000a347 1 040 1
0000000 3180000 1 023 0 1 317ffff 1 023 1
0000000 2a00000 1 0db 0 0 2a00000 0 0db 1
0000000 2d40000 1 04b 1 0 2d3ffff 0 04b 1
0006158 0000000 1 145 1 0 0006157 1 145 1
0000000 3580000 1 3f6 1 0 357ffff 0 3f6 1
0000000 35c0000 1 012 0 0 35c0000 0 012 1
0000000 3cc0000 1 0c2 0 1 3cbffff 1 0c2 1
0009ea0 0000000 1 0d2 1 0 0009e9f 1 0d2 1
0007590 0000000 1 0cc 0 0 0007590 0 0cc 1
0000000 2d80000 1 04a 1 0 2d7ffff 0 04a 1
000bd0c 0000000 1 0bd 0 0 000bd0c 0 0bd 1
0000000 2840000 1 060 0 0 2840000 0 060 1
0007242 0000000 1 0fd 0 0 0007242 0 0fd 1
000bed4 0000000 1 12f 1 1 000bed4 1 12f 1
0000000 3b40000 1 0e0 1 1 3b40000 1 0e0 1
0000000 2940000 1 0df 1 0 293ffff 0 0df 1
00080eb 0000000 1 0c8 1 0 00080ea 1 0c8 1
000aa22 005f800 0 0c4 1 0 0054dde 0 0c4 0
0009150 0000000 1 063 1 1 0009150 1 063 1
0000000 2700000 1 0b5 0 1 26fffff 1 0b5 1
0000000 2600000 1 0a0 1 0 25fffff 0 0a0 1
0000000 3640000 1 0aa 0 0 3640000 0 0aa 1
0006f4f 0000000 1 0d7 1 0 0006f4e 1 0d7 1
0000000 3880000 1 067 1 0 387ffff 0 067 1
0000000 3d80000 1 04e 0 1 3d7ffff 1 04e 1
0007eee 0000000 1 145 1 1 0007eee 1 145 1
0009699 0000000 1 06c 0 1 0009698 0 06c 1
000e790 0000000 1 169 0 0 000e790 0 169 1
0000000 2e00000 1 004 0 1 2dfffff 1 004 1
00090be 0000000 1 124 1 0 00090bd 1 124 1
0000000 27c0000 1 060 0 0 27c0000 0 060 1
0007b30 0000000 1 0c5 0 0 0007b30 0 0c5 1
0000000 2940000 1 09d 1 0 293ffff 0 09d 1
000cbc4 0000000 1 0c6 0 0 000cbc4 0 0c6 1
0007d07 0000000 1 114 0 0 0007d07 0 114 1
0004204 0000000 1 076 0 1 0004203 0 076 1
00054de 0000000 1 08a 0 1 00054dd 0 08a 1
0000000 2980000 1 038 0 0 2980000 0 038 1
0000000 3c00000 1 0bf 0 0 3c00000 0 0bf 1
0000000 2e40000 1 0d0 0 0 2e40000 0 0d0 1
00072c0 0000000 1 060 1 1 00072c0 1 060 1
0000000 2b00000 1 0bb 1 1 2b00000 1 0bb 1
0000000 2f80000 1 0a5 0 1 2f7ffff 1 0a5 1
000cf88 0000000 1 0d0 1 1 000cf88 1 0d0 1
00075d0 0000000 1 103 1 1 00075d0 1 103 1
0006af2 0000000 1 067 1 0 0006af1 1 067 1
0000000 39c0000 1 0ca 1 0 39bffff 0 0ca 1
000c5a8 0000000 1 0af 0 1 000c5a7 0 0af 1
0000000 20c0000 1 0d8 1 0 20bffff 0 0d8 1
0000000 3540000 1 0e3 1 1 3540000 1 0e3 1
0000000 2fc0000 1 0e2 1 1 2fc0000 1 0e2 1
00090e0 0000000 1 0ae 1 1 00090e0 1 0ae 1
0000000 37c0000 1 0c4 0 0 37c0000 0 0c4 1
000f00f 0000000 1 06c 1 1 000f00f 1 06c 1
0008e50 0000000 1 0f7 0 0 0008e50 0 0f7 1
0000000 39c0000 1 0a4 1 0 39bffff 0 0a4 1
000ae60 0000000 1 177 0 0 000ae60 0 177 1
0007404 0000000 1 06e 1 0 0007403 1 06e 1
0000000 3cc0000 1 08f 1 0 3cbffff 0 08f 1
0000000 2700000 1 090 1 0 26fffff 0 090 1
00067e8 0000000 1 074 0 1 00067e7 0 074 1
0005d20 0b50000 0 0e3 1 1 0b55d20 1 0e3 0
0005d3c 0000000 0 0d4 0 1 0005d3c 0 0d4 0
0006f90 0000000 1 0a3 0 0 0006f90 0 0a3 1
00063b0 0000000 1 15f 0 1 00063af 0 15f 1
0000000 3240000 1 039 1 1 3240000 1 039 1
0006eb0 0000000 1 162 0 1 0006eaf 0 162 1
00095af 0000000 1 0d2 1 1 00095af 1 0d2 1
0000000 3f40000 1 0a8 0 0 3f40000 0 0a8 1
0000000 3040000 1 0e8 0 0 3040000 0 0e8 1
0000000 31c0000 1 0cf 0 0 31c0000 0 0cf 1
0005edf 0000000 1 0f0 0 0 0005edf 0 0f0 1
0000000 3940000 1 0ac 0 0 3940000 0 0ac 1
000d698 0000000 1 0b1 1 1 000d698 1 0b1 1
000e2d8 0000000 1 0fa 0 1 000e2d7 0 0fa 1
0000000 38c0000 1 08b 1 0 38bffff 0 08b 1
0000000 2bc0000 1 0e2 0 1 2bbffff 1 0e2 1
000537c 0000000 1 0ac 0 1 000537b 0 0ac 1
0000000 37c0000 1 04c 1 0 37bffff 0 04c 1
0000000 3d40000 1 099 1 1 3d40000 1 099 1
0005af8 0000000 1 139 1 1 0005af8 1 139 1
000984c 0000000 1 110 0 0 000984c 0 110 1
000d9e0 0000000 1 062 1 0 000d9df 1 062 1
00093c0 0000000 1 0d9 1 1 00093c0 1 0d9 1
0000000 2dc0000 1 00f 0 0 2dc0000 0 00f 1
0009b34 005c000 0 081 1 0 00524cc 0 081 0
00097c2 0000000 1 113 0 0 00097c2 0 113 1
000682f 0000000 1 07e 0 0 000682f 0 07e 1
0007a1e 0000000 1 0eb 0 0 0007a1e 0 0eb 1
0005148 0000000 1 0bd 0 1 0005147 0 0bd 1
0000000 2040000 1 04e 0 1 203ffff 1 04e 1
0000000 3780000 1 0ca 1 0 377ffff 0 0ca 1
0008e8a 0000000 1 06e 0 1 0008e89 0 06e 1
0009c99 00f8000 0 0f2 0 1 00ee367 1 0f2 0
0000000 3380000 1 0a3 1 0 337ffff 0 0a3 1
0000000 2400000 1 0c6 0 0 2400000 0 0c6 1
0000000 3b40000 1 023 0 0 3b40000 0 023 1
0008a5e 0000000 1 098 0 0 0008a5e 0 098 1
000cc93 0000000 1 0f0 0 1 000cc92 0 0f0 1
0009e3c 0000000 1 043 0 0 0009e3c 0 043 1
0006174 0000000 1 12b 0 1 0006173 0 12b 1
0000000 3140000 1 021 1 1 3140000 1 021 1
000a87a 0000000 1 081 0 1 000a879 0 081 1
0000000 2100000 1 09c 0 0 2100000 0 09c 1
000cf06 0000000 1 0f2 0 0 000cf06 0 0f2 1
0000000 3440000 1 0c8 1 1 3440000 1 0c8 1
0009c50 0000000 1 122 1 1 0009c50 1 122 1
00098e4 0000000 1 0cd 1 0 00098e3 1 0cd 1
000840f 0000000 1 15c 0 0 000840f 0 15c 1
0004492 0000000 1 0e2 1 1 0004492 1 0e2 1
0000000 2a80000 1 0d6 1 0 2a7ffff 0 0d6 1
000b0c2 0000000 1 0f3 1 1 000b0c2 1 0f3 1
0000000 2600000 1 0a7 0 1 25fffff 1 0a7 1
0000000 2f80000 1 0b1 1 1 2f80000 1 0b1 1
00070bc 0000000 1 082 1 1 00070bc 1 082 1
000c8d0 1a80000 0 091 0 1 1a73730 1 091 0
0000000 3bc0000 1 0e9 0 0 3bc0000 0 0e9 1
0000000 2b00000 1 0f1 1 1 2b00000 1 0f1 1
0009ab9 0000000 1 126 1 1 0009ab9 1 126 1
0008db6 0000000 1 0d1 0 1 0008db5 0 0d1 1
0005a80 0000000 1 098 1 1 0005a80 1 098 1
000a00a 0000000 1 094 1 0 000a009 1 094 1
0008e68 0000000 1 08d 1 0 0008e67 1 08d 1
0000000 2ac0000 1 0f3 0 0 2ac0000 0 0f3 1
0000000 3880000 1 029 1 0 387ffff 0 029 1
000e5b6 0000000 1 114 0 1 000e5b5 0 114 1
000c3fc 00001d2 0 090 0 1 000c22a 0 090 0
0008c0e 0000000 1 0d2 1 0 0008c0d 1 0d2 1
0000000 2080000 1 0b7 0 1 207ffff 1 0b7 1
0008214 0000000 1 0f7 0 1 0008213 0 0f7 1
0000000 3e00000 1 094 0 1 3dfffff 1 094 1
0000000 2340000 1 0e8 1 0 233ffff 0 0e8 1
0009009 0000000 1 09f 1 0 0009008 1 09f 1
0000000 2540000 1 0b9 1 1 2540000 1 0b9 1
0007b1e 0000000 1 0cb 0 0 0007b1e 0 0cb 1
0000000 2700000 1 0d2 0 0 2700000 0 0d2 1
00062bd 0000000 1 126 1 0 00062bc 1 126 1
0000000 3180000 1 0d3 1 0 317ffff 0 0d3 1
0006600 0000000 1 0c0 0 1 00065ff 0 0c0 1
0000000 3700000 1 040 0 1 36fffff 1 040 1
000bf9d 0000000 1 096 0 0 000bf9d 0 096 1
0006a32 0000000 1 0df 1 0 0006a31 1 0df 1
0007242 0000000 1 065 1 1 0007242 1 065 1
0000000 3380000 1 0c3 1 1 3380000 1 0c3 1
000cbf2 0000000 1 063 1 1 000cbf2 1 063 1
000ad38 0000000 1 0b9 1 0 000ad37 1 0b9 1
000639c 0000000 1 0ed 0 1 000639b 0 0ed 1
0000000 3b80000 1 098 0 1 3b7ffff 1 098 1
000b65b 0000000 1 08c 1 1 000b65b 1 08c 1
0007cce 0000000 1 120 0 1 0007ccd 0 120 1
0000000 3d80000 1 0d2 1 1 3d80000 1 0d2 1
0009480 0000000 1 0f1 0 0 0009480 0 0f1 1
0000000 3ac0000 1 0f1 0 0 3ac0000 0 0f1 1
00090ba 0000000 1 127 0 1 00090b9 0 127 1
000aa61 0000000 1 13a 1 0 000aa60 1 13a 1
0000000 3cc0000 1 0a9 0 1 3cbffff 1 0a9 1
0000000 2840000 1 049 1 1 2840000 1 049 1
000abf6 0000000 1 05f 1 0 000abf5 1 05f 1
0000000 2700000 1 094 0 0 2700000 0 094 1
0000000 3a00000 1 0da 0 1 39fffff 1 0da 1
000a572 05b8000 0 044 1 0 05ada8e 0 044 0
0000000 2700000 1 06f 0 1 26fffff 1 06f 1
000542a 0000000 1 105 1 1 000542a 1 105 1
0000000 39c0000 1 05b 1 1 39c0000 1 05b 1
0000000 20c0000 1 08d 1 1 20c0000 1 08d 1
00088aa 0000000 1 0c2 1 1 00088aa 1 0c2 1
0000000 3780000 1 057 0 1 377ffff 1 057 1
0000000 2100000 1 0e2 1 1 2100000 1 0e2 1
0000000 3f40000 1 0d1 1 1 3f40000 1 0d1 1
0000000 2140000 1 093 0 1 213ffff 1 093 1
0000000 3e00000 1 06c 1 0 3dfffff 0 06c 1
0000000 39c0000 1 0f3 1 1 39c0000 1 0f3 1
0006716 0284000 0 081 1 1 028a716 1 081 0
0008b90 0000000 1 076 1 1 0008b90 1 076 1
0000000 3380000 0 3fe 1 0 3380000 0 3fe 0
00048c6 0000000 1 075 0 1 00048c5 0 075 1
0000000 3480000 0 0b5 0 1 3480000 1 0b5 0
0000000 2140000 1 0d6 1 1 2140000 1 0d6 1
0007a7c 0000000 1 130 0 0 0007a7c 0 130 1
000c678 0002f40 0 035 1 0 0009738 1 035 0
000631f 009d000 0 03e 0 1 0096ce1 1 03e 0
0000000 3e80000 1 0ea 0 1 3e7ffff 1 0ea 1
0005be0 0000000 1 0f2 0 0 0005be0 0 0f2 1
000e970 0000000 1 176 0 0 000e970 0 176 1
0000000 38c0000 0 0db 1 1 38c0000 1 0db 0
000e3c6 0007280 0 011 1 1 0015646 1 011 0
0000000 2000000 1 074 1 1 2000000 1 074 1
00065b8 0000000 1 0df 1 0 00065b7 1 0df 1
0004696 0000000 1 126 1 1 0004696 1 126 1
0000000 3a40000 1 0c7 0 1 3a3ffff 1 0c7 1
0009600 0000000 1 122 1 0 00095ff 1 122 1
0000000 30c0000 1 0db 0 1 30bffff 1 0db 1
0000000 3080000 1 052 1 1 3080000 1 052 1
0000000 2940000 1 009 0 0 2940000 0 009 1
0000000 3080000 1 0c1 1 0 307ffff 0 0c1 1
0000000 3700000 1 04d 0 1 36fffff 1 04d 1
000be44 0000000 1 088 1 1 000be44 1 088 1
000a988 0000000 1 059 0 1 000a987 0 059 1
0009974 0000000 1 0e7 0 0 0009974 0 0e7 1
000d9c6 0000000 1 0e1 1 1 000d9c6 1 0e1 1
0000000 2d40000 1 0d8 1 0 2d3ffff 0 0d8 1
0000000 3c80000 1 078 1 0 3c7ffff 0 078 1
00082f8 0000000 1 08f 1 1 00082f8 1 08f 1
0000000 3980000 1 0f3 0 0 3980000 0 0f3 1
000e5a2 0000000 1 141 0 1 000e5a1 0 141 1
0000000 31c0000 1 086 0 0 31c0000 0 086 1
0000000 3540000 1 06c 1 1 3540000 1 06c 1
000900a 0000000 1 0b3 0 0 000900a 0 0b3 1
0000000 36c0000 1 069 1 0 36bffff 0 069 1
0000000 2900000 1 0f1 1 0 28fffff 0 0f1 1
0000000 3e40000 1 06f 0 0 3e40000 0 06f 1
0000000 3d40000 1 07f 1 0 3d3ffff 0 07f 1
000b520 0000000 1 0de 1 1 000b520 1 0de 1
0000000 3ac0000 1 0da 0 1 3abffff 1 0da 1
000cd32 0001c00 0 003 0 0 000e932 0 003 0
0000000 2980000 1 007 1 1 2980000 1 007 1
0007530 0000000 1 0bd 0 1 000752f 0 0bd 1
0000000 2380000 1 0d6 0 1 237ffff 1 0d6 1
000a800 0000000 1 10c 0 0 000a800 0 10c 1
0000000 3180000 1 0c2 0 1 317ffff 1 0c2 1
000c1b1 001ca00 0 068 1 1 0028bb1 1 068 0
0000000 2b00000 1 0cf 1 1 2b00000 1 0cf 1
0000000 35c0000 1 0a8 0 0 35c0000 0 0a8 1
000882c 0000000 1 079 0 0 000882c 0 079 1
000c784 0000000 1 0fc 1 0 000c783 1 0fc 1
0007d48 0000000 1 0f8 1 1 0007d48 1 0f8 1
0000000 3f40000 1 0e4 0 1 3f3ffff 1 0e4 1
0008868 0000000 1 131 1 1 0008868 1 131 1
0000000 2f80000 1 0b8 0 0 2f80000 0 0b8 1
0000000 2e40000 1 038 1 0 2e3ffff 0 038 1
0006600 0000000 1 03e 0 1 00065ff 0 03e 1
0000000 3140000 1 03a 1 1 3140000 1 03a 1
0000000 2140000 1 0c8 1 1 2140000 1 0c8 1
00079a5 0000000 1 08a 1 0 00079a4 1 08a 1
00087de 0000000 1 0f3 1 0 00087dd 1 0f3 1
0000000 3b00000 1 019 1 1 3b00000 1 019 1
0008bba 0000000 1 04d 0 1 0008bb9 0 04d 1
0005cd0 0000000 1 08c 0 0 0005cd0 0 08c 1
00083d4 0000000 1 088 0 1 00083d3 0 088 1
0000000 28c0000 1 017 0 0 28c0000 0 017 1
0000000 38c0000 1 0ea 0 0 38c0000 0 0ea 1
0009b0e 0000000 1 111 0 1 0009b0d 0 111 1
000a6fe 0000000 1 05b 0 0 000a6fe 0 05b 1
0000000 3ac0000 1 0ee 1 0 3abffff 0 0ee 1
0000000 2dc0000 1 0cc 1 0 2dbffff 0 0cc 1
0000000 2fc0000 1 0ca 0 1 2fbffff 1 0ca 1
0005459 0000066 0 024 0 0 00054bf 0 024 0
0000000 3280000 1 07b 1 0 327ffff 0 07b 1
0000000 2dc0000 1 06d 1 1 2dc0000 1 06d 1
000a3a7 00007b8 0 07b 0 0 000ab5f 0 07b 0
0000000 3b80000 1 0e3 0 1 3b7ffff 1 0e3 1
0008c71 0000000 1 05c 0 1 0008c70 0 05c 1
0000000 3e80000 1 0cb 0 0 3e80000 0 0cb 1
0000000 27c0000 1 0ae 0 1 27bffff 1 0ae 1
000b600 0000000 1 0cb 0 0 000b600 0 0cb 1
0000000 3200000 1 0cc 0 0 3200000 0 0cc 1
0007ec4 15c0000 0 0dd 0 1 15b813c 1 0dd 0
0000000 2d40000 1 038 0 1 2d3ffff 1 038 1
000eb68 0000000 1 0b6 1 1 000eb68 1 0b6 1
000c96a 000a800 0 072 1 0 000216a 1 072 0
0000000 2dc0000 0 051 0 0 2dc0000 0 051 0
0009e40 0000000 1 064 1 1 0009e40 1 064 1
0000000 2c00000 1 012 0 0 2c00000 0 012 1
0008d5c 0000001 1 059 0 1 0008d5a 0 059 1
000abe4 0000000 1 04e 1 0 000abe3 1 04e 1
0006a19 0000000 1 0ef 0 1 0006a18 0 0ef 1
0008b79 0000000 1 0f4 1 1 0008b79 1 0f4 1
0009a87 0000000 1 10f 0 0 0009a87 0 10f 1
0000000 2ec0000 1 09e 0 0 2ec0000 0 09e 1
0000000 2380000 1 0f1 0 1 237ffff 1 0f1 1
0000000 2d00000 1 3ff 0 0 2d00000 0 3ff 1
0000000 32c0000 1 0e7 0 0 32c0000 0 0e7 1
0000000 3e80000 1 055 1 1 3e80000 1 055 1
0000000 38c0000 1 094 1 1 38c0000 1 094 1
000d37e 0000000 1 051 0 0 000d37e 0 051 1
0000000 2dc0000 1 004 1 0 2dbffff 0 004 1
0000000 2780000 1 0a6 1 0 277ffff 0 0a6 1
0000000 2280000 1 09c 0 1 227ffff 1 09c 1
0007944 0000000 1 0f7 0 1 0007943 0 0f7 1
000d328 0000000 1 144 1 1 000d328 1 144 1
0000000 2d40000 1 025 1 0 2d3ffff 0 025 1
0005fac 0000000 1 0ae 0 1 0005fab 0 0ae 1
0000000 3580000 1 0f2 0 1 357ffff 1 0f2 1
000e01f 0000000 1 110 0 0 000e01f 0 110 1
0000000 2a40000 1 0d8 1 1 2a40000 1 0d8 1
0000000 2500000 1 08e 1 0 24fffff 0 08e 1
0000000 33c0000 1 0c7 1 1 33c0000 1 0c7 1
0000000 2c40000 1 0c7 1 1 2c40000 1 0c7 1
0000000 2840000 1 05c 0 0 2840000 0 05c 1
0004c98 0000000 1 09b 1 0 0004c97 1 09b 1
0000000 3680000 1 0bb 1 1 3680000 1 0bb 1
0000000 2600000 1 064 1 1 2600000 1 064 1
000ca2f 0000000 1 0a8 0 0 000ca2f 0 0a8 1
0000000 22c0000 1 04c 1 1 22c0000 1 04c 1
0000000 2600000 1 0ce 0 1 25fffff 1 0ce 1
000dd04 0000000 1 0dd 0 0 000dd04 0 0dd 1
0008404 0000000 1 0ac 0 0 0008404 0 0ac 1
000de30 0000000 1 08e 0 0 000de30 0 08e 1
0009597 0000000 1 069 1 0 0009596 1 069 1
000ad25 0000000 1 167 0 0 000ad25 0 167 1
0007298 0000000 1 07f 0 0 0007298 0 07f 1
00060a3 0000000 1 093 1 1 00060a3 1 093 1
0004518 0000000 1 0c4 1 0 0004517 1 0c4 1
0000000 20c0000 1 0d9 1 1 20c0000 1 0d9 1
0000000 3940000 1 06b 0 1 393ffff 1 06b 1
0000000 29c0000 1 08e 0 1 29bffff 1 08e 1
0000000 3b00000 1 068 0 0 3b00000 0 068 1
0006c81 0000000 1 134 0 1 0006c80 0 134 1
000724c 00003e8 0 08d 1 1 0007634 1 08d 0
0005cd0 0000000 1 0cc 1 1 0005cd0 1 0cc 1
0007470 0000000 1 0df 0 0 0007470 0 0df 1
0000000 2a80000 1 0b8 1 0 2a7ffff 0 0b8 1
000acfe 0000000 1 045 1 0 000acfd 1 045 1
0000000 21c0000 1 0c7 1 1 21c0000 1 0c7 1
0000000 2000000 1 033 1 1 2000000 1 033 1
0000000 33c0000 1 0f1 0 0 33c0000 0 0f1 1
0004ec0 0000000 1 0c7 0 0 0004ec0 0 0c7 1
0000000 3e80000 1 0b5 0 1 3e7ffff 1 0b5 1
0000000 2a40000 1 0c3 0 1 2a3ffff 1 0c3 1
00049b0 0000000 1 12a 0 1 00049af 0 12a 1
0000000 3240000 1 048 1 0 323ffff 0 048 1
0000000 22c0000 1 058 0 0 22c0000 0 058 1
0000000 2080000 1 3fd 0 0 2080000 0 3fd 1
00091d4 0000000 1 109 1 1 00091d4 1 109 1
0004f52 0000000 1 0e5 1 1 0004f52 1 0e5 1
0000000 39c0000 1 087 1 0 39bffff 0 087 1
0000000 3fc0000 1 073 0 1 3fbffff 1 073 1
0006174 0000000 1 0c0 1 1 0006174 1 0c0 1
0000000 37c0000 1 0c0 0 1 37bffff 1 0c0 1
000833c 0000000 1 0d0 1 1 000833c 1 0d0 1
0008899 0000000 1 0bc 1 0 0008898 1 0bc 1
00068a4 0000000 1 0cf 1 0 00068a3 1 0cf 1
0007ba4 0000470 0 072 1 1 0008014 1 072 0
0006f0b 0138000 0 061 0 1 01310f5 1 061 0
0000000 3100000 1 0a1 0 0 3100000 0 0a1 1
00050da 0000000 1 095 1 0 00050d9 1 095 1
0000000 2b80000 1 0a1 0 0 2b80000 0 0a1 1
0007ba2 0000000 1 08a 0 1 0007ba1 0 08a 1
0000000 29c0000 1 0c5 1 0 29bffff 0 0c5 1
000831a 0000000 1 0c2 1 1 000831a 1 0c2 1
0000000 2f00000 1 047 1 0 2efffff 0 047 1
0006e1c 0000000 1 0a5 0 1 0006e1b 0 0a5 1
0005a54 0000000 1 108 0 0 0005a54 0 108 1
0007d35 0000000 1 062 1 1 0007d35 1 062 1
0000000 3c40000 1 05d 0 1 3c3ffff 1 05d 1
0007523 0000000 1 03d 0 1 0007522 0 03d 1
00083a0 0000000 1 0d6 1 0 000839f 1 0d6 1
0000000 2900000 1 08f 1 0 28fffff 0 08f 1
0008c1e 0002940 0 0e1 1 1 000b55e 1 0e1 0
0000000 2a80000 1 089 0 0 2a80000 0 089 1
000de21 0000000 1 0b6 1 1 000de21 1 0b6 1
0000000 2880000 1 065 0 0 2880000 0 065 1
000beb9 0000000 1 0c1 1 1 000beb9 1 0c1 1
0006b46 0000000 1 161 0 1 0006b45 0 161 1
0000000 2dc0000 1 08f 1 0 2dbffff 0 08f 1
0000000 22c0000 1 0dd 1 1 22c0000 1 0dd 1
0000000 2380000 1 0e3 0 1 237ffff 1 0e3 1
0000000 2a80000 1 097 1 0 2a7ffff 0 097 1
0000000 2a80000 1 04b 1 1 2a80000 1 04b 1
0000000 2900000 1 0d1 0 0 2900000 0 0d1 1
0009174 0000000 1 0e0 0 1 0009173 0 0e0 1
0000000 2c80000 1 0ec 0 0 2c80000 0 0ec 1
00092d0 0000000 1 0f4 1 1 00092d0 1 0f4 1
0000000 3540000 1 0b2 0 0 3540000 0 0b2 1
0000000 21c0000 1 0c1 0 1 21bffff 1 0c1 1
000a752 0000000 1 04d 0 0 000a752 0 04d 1
0000000 2cc0000 1 0c4 1 0 2cbffff 0 0c4 1
0000000 2e40000 1 0ce 0 0 2e40000 0 0ce 1
0007652 0000000 1 021 1 1 0007652 1 021 1
0005aae 0000000 1 113 0 0 0005aae 0 113 1
0000000 3a00000 1 084 0 1 39fffff 1 084 1
0007850 0000000 1 04a 1 1 0007850 1 04a 1
0008fc0 0000000 1 099 1 0 0008fbf 1 099 1
000d002 0000000 1 156 1 1 000d002 1 156 1
0008e78 0000000 1 0b0 0 0 0008e78 0 0b0 1
0000000 2400000 1 091 1 1 2400000 1 091 1
0000000 2740000 1 0e2 1 1 2740000 1 0e2 1
0000000 3480000 1 0b8 1 0 347ffff 0 0b8 1
0000000 3600000 1 004 1 0 35fffff 0 004 1
0000000 2380000 1 0d7 0 1 237ffff 1 0d7 1
0007d94 0000000 1 110 0 1 0007d93 0 110 1
000ba6c 0000000 1 064 0 1 000ba6b 0 064 1
0000000 3a40000 1 07b 1 1 3a40000 1 07b 1
0000000 3200000 1 0d8 0 0 3200000 0 0d8 1
000e3c6 0000000 1 0d8 0 1 000e3c5 0 0d8 1
0008589 0000000 1 0ec 1 1 0008589 1 0ec 1
0000000 2c00000 1 0d9 0 1 2bfffff 1 0d9 1
0000000 3980000 1 0aa 0 1 397ffff 1 0aa 1
000acee 0000000 1 13e 0 0 000acee 0 13e 1
00052b0 0000000 1 114 0 1 00052af 0 114 1
0000000 25c0000 1 0e3 0 1 25bffff 1 0e3 1
0000000 2d00000 1 02e 1 0 2cfffff 0 02e 1
000a0a5 013e000 0 059 1 0 0133f5b 0 059 0
0000000 3040000 1 06f 0 0 3040000 0 06f 1
0000000 32c0000 1 0e3 1 0 32bffff 0 0e3 1
0005d2a 0000000 1 078 0 0 0005d2a 0 078 1
0009b08 0000000 1 0e4 0 0 0009b08 0 0e4 1
0009834 0000000 1 11c 1 1 0009834 1 11c 1
0008610 0000000 1 0b2 1 1 0008610 1 0b2 1
0005334 0000000 1 123 1 1 0005334 1 123 1
000c61e 0000000 1 0a3 0 0 000c61e 0 0a3 1
0008712 0000000 1 0e1 0 1 0008711 0 0e1 1
000cc75 0000000 1 090 1 0 000cc74 1 090 1
0000000 23c0000 1 0bd 1 1 23c0000 1 0bd 1
000e31c 0000000 1 0c5 0 0 000e31c 0 0c5 1
0000000 3600000 1 07b 1 0 35fffff 0 07b 1
0000000 3280000 1 03c 0 1 327ffff 1 03c 1
0008324 0000000 1 11e 0 0 0008324 0 11e 1
0007a5d 0000000 1 10b 1 1 0007a5d 1 10b 1
0000000 3280000 1 0dd 1 0 327ffff 0 0dd 1
0000000 3500000 1 0f1 1 1 3500000 1 0f1 1
0000000 3280000 1 0b9 0 1 327ffff 1 0b9 1
000a8fc 0000000 1 079 0 1 000a8fb 0 079 1
0005459 0000000 1 06f 1 0 0005458 1 06f 1
0000000 3d40000 1 070 1 1 3d40000 1 070 1
000b78e 0000000 1 060 0 1 000b78d 0 060 1
0000000 23c0000 1 0b8 1 0 23bffff 0 0b8 1
000837f 0000000 1 088 0 0 000837f 0 088 1
000c96a 00001c6 0 071 1 1 000cb30 1 071 0
0005fb1 0000000 1 12a 1 1 0005fb1 1 12a 1
000837c 0000000 1 0fb 0 1 000837b 0 0fb 1
000b9cc 0000000 1 0d6 0 1 000b9cb 0 0d6 1
0000000 3940000 1 0aa 1 0 393ffff 0 0aa 1
000b106 0000000 1 085 1 0 000b105 1 085 1
0007c86 0000000 1 0e4 1 0 0007c85 1 0e4 1
000d238 0000000 1 142 0 1 000d237 0 142 1
00081ea 0000000 1 057 0 0 00081ea 0 057 1
0000000 2e40000 1 049 0 0 2e40000 0 049 1
0000000 2840000 1 0ca 0 0 2840000 0 0ca 1
0000000 3e80000 1 0c4 1 1 3e80000 1 0c4 1
000552c 0000000 1 048 0 1 000552b 0 048 1
00084b0 0000000 1 061 1 1 00084b0 1 061 1
0007cd8 0000000 1 12e 0 0 0007cd8 0 12e 1
0000000 2940000 1 03a 0 0 2940000 0 03a 1
000789c 0000000 1 0d1 1 1 000789c 1 0d1 1
0000000 2a40000 1 087 1 0 2a3ffff 0 087 1
000a05f 0000000 1 0ce 1 0 000a05e 1 0ce 1
0007cb0 0000000 1 08b 0 0 0007cb0 0 08b 1
000a05f 0000000 1 069 0 0 000a05f 0 069 1
000d3d1 0000000 1 0b1 0 1 000d3d0 0 0b1 1
0007b86 0000000 1 101 1 1 0007b86 1 101 1
0000000 3880000 1 0e7 1 0 387ffff 0 0e7 1
0000000 3180000 1 05c 0 1 317ffff 1 05c 1
0005552 0003300 0 044 0 1 0002252 0 044 0
0000000 2500000 1 0c9 1 0 24fffff 0 0c9 1
000ad70 0018400 0 010 0 1 000d690 1 010 0
000aaa8 0000000 1 0ff 1 0 000aaa7 1 0ff 1
0000000 25c0000 1 087 1 0 25bffff 0 087 1
0007f71 0000000 1 0d0 0 0 0007f71 0 0d0 1
0000000 2bc0000 1 0f2 1 1 2bc0000 1 0f2 1
000726a 0000000 1 115 0 1 0007269 0 115 1
0007d27 0000000 1 12c 1 0 0007d26 1 12c 1
0000000 2640000 1 0e3 1 1 2640000 1 0e3 1
0000000 2d40000 1 06c 1 0 2d3ffff 0 06c 1
000c108 0000000 1 0c8 0 0 000c108 0 0c8 1
0008c3a 0000000 1 0ca 1 0 0008c39 1 0ca 1
00061c1 0000000 1 0bf 1 0 00061c0 1 0bf 1
0000000 2480000 1 0a4 1 0 247ffff 0 0a4 1
0008363 0000000 1 16a 0 1 0008362 0 16a 1
000a3ce 0000000 1 0fa 1 1 000a3ce 1 0fa 1
0009ff6 0000000 1 0ec 0 1 0009ff5 0 0ec 1
0000000 2dc0000 1 073 1 0 2dbffff 0 073 1
0000000 2dc0000 1 004 0 0 2dc0000 0 004 1
0008dc2 0000000 1 0c6 0 1 0008dc1 0 0c6 1
000c7ca 0000000 1 0bf 1 0 000c7c9 1 0bf 1
0007de7 0000000 1 148 1 1 0007de7 1 148 1
0000000 2b80000 1 015 0 0 2b80000 0 015 1
00071a0 0000000 1 106 1 1 00071a0 1 106 1
0000000 37c0000 1 0bd 1 0 37bffff 0 0bd 1
0000000 3340000 1 019 1 1 3340000 1 019 1
0000000 2bc0000 1 0ae 0 0 2bc0000 0 0ae 1
0007db9 0000000 1 0be 0 1 0007db8 0 0be 1
0000000 2840000 1 0be 0 0 2840000 0 0be 1
0000000 2480000 1 0c8 0 0 2480000 0 0c8 1
000695a 0000000 1 0ab 0 0 000695a 0 0ab 1
0004e73 0000000 1 021 1 0 0004e72 1 021 1
0000000 2d40000 1 0ae 1 0 2d3ffff 0 0ae 1
000dc9b 0000000 1 0b6 1 1 000dc9b 1 0b6 1
0000000 2880000 1 0aa 0 0 2880000 0 0aa 1
0006590 0000000 1 0ac 0 0 0006590 0 0ac 1
00054c4 01aa000 0 032 0 1 01a4b3c 1 032 0
0000000 36c0000 1 0f1 1 0 36bffff 0 0f1 1
0000000 3200000 1 0c8 0 1 31fffff 1 0c8 1
0006716 0000000 1 10f 1 1 0006716 1 10f 1
0000000 26c0000 1 093 0 1 26bffff 1 093 1
0008c1e 0000000 1 124 0 1 0008c1d 0 124 1
0008540 0000000 1 0aa 0 1 000853f 0 0aa 1
000c5cb 0000000 1 172 0 1 000c5ca 0 172 1
0000000 3100000 1 038 1 0 30fffff 0 038 1
0000000 2180000 1 099 1 1 2180000 1 099 1
0000000 2d00000 1 057 0 0 2d00000 0 057 1
0000000 3a40000 1 0a3 1 0 3a3ffff 0 0a3 1
000ca80 0000000 1 0ab 1 1 000ca80 1 0ab 1
0000000 2700000 1 09b 0 0 2700000 0 09b 1
00084b2 0000000 1 07a 0 0 00084b2 0 07a 1
000ba86 000003c 0 086 0 1 000ba4a 0 086 0
0000000 2d00000 1 0af 1 0 2cfffff 0 0af 1
0008f16 0000000 1 0b9 0 0 0008f16 0 0b9 1
000da48 0000006 1 092 1 1 000da4e 1 092 1
000c753 000005e 1 07e 1 1 000c7b1 1 07e 1
0008058 0000000 1 062 1 1 0008058 1 062 1
000e1f0 0000000 1 0bb 0 1 000e1ef 0 0bb 1
0006c7c 0000000 1 061 0 1 0006c7b 0 061 1
0006030 0016800 0 086 0 0 001c830 0 086 0
0000000 2fc0000 1 0ad 1 0 2fbffff 0 0ad 1
0004dee 0000000 1 0d3 0 0 0004dee 0 0d3 1
0000000 3d00000 1 02f 1 0 3cfffff 0 02f 1
0007460 0000000 1 126 0 0 0007460 0 126 1
0000000 3fc0000 1 062 1 0 3fbffff 0 062 1
00071e8 0000000 1 0e0 1 0 00071e7 1 0e0 1
0008c1c 0000000 1 0b8 1 0 0008c1b 1 0b8 1
0000000 33c0000 1 062 1 0 33bffff 0 062 1
000ca68 0000000 1 069 0 1 000ca67 0 069 1
0005140 0000000 1 0d8 0 0 0005140 0 0d8 1
0008e80 0000000 1 0a2 0 0 0008e80 0 0a2 1
0006480 0000000 1 0c8 1 0 000647f 1 0c8 1
000c278 0000000 1 040 0 1 000c277 0 040 1
00061b4 0000000 1 043 0 1 00061b3 0 043 1
0000000 2a00000 1 087 1 1 2a00000 1 087 1
000c99c 0000000 1 0fb 1 1 000c99c 1 0fb 1
0000000 2480000 1 099 0 0 2480000 0 099 1
0007c38 000004e 1 083 0 0 0007c86 0 083 1
0000000 3d00000 1 00e 1 1 3d00000 1 00e 1
0000000 3300000 1 09e 1 0 32fffff 0 09e 1
0000000 3780000 1 065 0 1 377ffff 1 065 1
0000000 2980000 1 0ec 0 0 2980000 0 0ec 1
000a660 0000000 1 12a 0 1 000a65f 0 12a 1
000e38a 0000758 0 084 1 0 000dc32 1 084 0
0000000 3a00000 1 076 0 1 39fffff 1 076 1
0000000 3140000 1 0c7 0 0 3140000 0 0c7 1
0000000 3c00000 1 0dc 0 1 3bfffff 1 0dc 1
000e434 0000000 1 088 1 1 000e434 1 088 1
0000000 37c0000 1 0a0 0 1 37bffff 1 0a0 1
0009be0 0000000 1 0ca 0 0 0009be0 0 0ca 1
0000000 2e40000 1 0c6 1 0 2e3ffff 0 0c6 1
0008a84 0000000 1 141 0 0 0008a84 0 141 1
0000000 3b40000 1 06e 1 0 3b3ffff 0 06e 1
0000000 3780000 1 047 0 1 377ffff 1 047 1
0009cc8 0005b00 0 033 0 1 00041c8 0 033 0
000c088 0000000 1 113 1 0 000c087 1 113 1
000e434 0010000 0 084 0 1 0001bcc 1 084 0
0000000 32c0000 1 06c 1 0 32bffff 0 06c 1
0000000 2980000 1 056 1 0 297ffff 0 056 1
0000000 25c0000 1 0e2 1 1 25c0000 1 0e2 1
000c573 0000000 1 0cd 0 0 000c573 0 0cd 1
0008d50 0026c00 0 0e9 0 0 002f950 0 0e9 0
000e268 0000000 1 066 0 0 000e268 0 066 1
0009258 0000000 1 058 1 0 0009257 1 058 1
000f40b 0000000 1 0b9 0 1 000f40a 0 0b9 1
0006ee8 0000000 1 08b 0 0 0006ee8 0 08b 1
0004614 0000000 1 101 1 1 0004614 1 101 1
000c940 0000000 1 043 1 0 000c93f 1 043 1
0000000 2cc0000 1 0e9 1 0 2cbffff 0 0e9 1
0000000 3cc0000 1 0d8 1 1 3cc0000 1 0d8 1
0000000 2640000 1 0c3 0 1 263ffff 1 0c3 1
000d47b 0000000 1 0d8 1 0 000d47a 1 0d8 1
0000000 2f00000 1 0a7 0 0 2f00000 0 0a7 1
0000000 2100000 1 073 1 0 20fffff 0 073 1
000b6fa 0000000 1 0b6 1 1 000b6fa 1 0b6 1
0000000 3180000 1 0c3 1 1 3180000 1 0c3 1
0000000 2740000 1 043 1 1 2740000 1 043 1
000518e 0000000 1 071 0 1 000518d 0 071 1
0006705 0000004 1 065 1 1 0006709 1 065 1
0008020 0000000 1 112 0 1 000801f 0 112 1
0000000 3dc0000 1 064 0 1 3dbffff 1 064 1
0000000 3a80000 1 094 1 0 3a7ffff 0 094 1
00091fa 0000000 1 0b6 0 1 00091f9 0 0b6 1
0000000 2440000 1 0b6 0 0 2440000 0 0b6 1
0000000 2700000 1 0bc 1 1 2700000 1 0bc 1
000a10e 0000000 1 07c 0 0 000a10e 0 07c 1
0008b28 0000000 1 0a9 0 1 0008b27 0 0a9 1
0000000 2ac0000 1 029 1 1 2ac0000 1 029 1
0000000 2400000 1 02b 1 1 2400000 1 02b 1
0000000 3880000 1 0ee 0 1 387ffff 1 0ee 1
0000000 39c0000 1 037 0 1 39bffff 1 037 1
0000000 27c0000 1 0b5 0 1 27bffff 1 0b5 1
000cd50 0000000 1 131 0 0 000cd50 0 131 1
000bda4 0000000 1 0c3 0 0 000bda4 0 0c3 1
000d7a0 000bb00 0 059 0 0 00192a0 0 059 0
000fe01 0000000 1 076 1 0 000fe00 1 076 1
0000000 3ac0000 1 0eb 0 1 3abffff 1 0eb 1
0006552 0000000 1 0fb 1 1 0006552 1 0fb 1
0000000 2480000 1 0bb 1 0 247ffff 0 0bb 1
0000000 3d80000 1 003 1 1 3d80000 1 003 1
000953b 0000000 1 06d 1 1 000953b 1 06d 1
0004305 0000000 1 10e 1 1 0004305 1 10e 1
0006b06 01ea000 0 03e 0 1 01e34fa 1 03e 0
000cb22 00008f0 0 07b 0 0 000d412 0 07b 0
0006b88 0000000 1 085 1 0 0006b87 1 085 1
0006720 0000000 1 03b 1 0 000671f 1 03b 1
000dea8 0000000 1 0bb 0 0 000dea8 0 0bb 1
0009c9a 0000000 1 117 0 0 0009c9a 0 117 1
000620e 0000000 1 083 1 0 000620d 1 083 1
0000000 3e00000 1 0e8 1 1 3e00000 1 0e8 1
00078f0 0000000 1 081 1 0 00078ef 1 081 1
0005ac0 0000000 1 12b 0 0 0005ac0 0 12b 1
0000000 2140000 1 097 1 0 213ffff 0 097 1
0000000 21c0000 1 0a6 1 0 21bffff 0 0a6 1
000cbb8 0000000 1 0e9 0 1 000cbb7 0 0e9 1
0000000 2200000 1 0b0 0 0 2200000 0 0b0 1
0005f28 0000000 1 0bf 1 1 0005f28 1 0bf 1
0000000 3680000 1 0e0 1 1 3680000 1 0e0 1
0000000 3000000 1 0de 0 1 2ffffff 1 0de 1
0005faa 0000000 1 0b8 1 0 0005fa9 1 0b8 1
00086c0 0000000 1 0dc 0 0 00086c0 0 0dc 1
0000000 3b80000 1 0a8 0 0 3b80000 0 0a8 1
0000000 2780000 1 093 1 1 2780000 1 093 1
0000000 3900000 1 050 1 0 38fffff 0 050 1
0000000 3140000 1 0f1 0 0 3140000 0 0f1 1
0000000 2740000 1 0ce 0 0 2740000 0 0ce 1
0008805 0000000 1 104 1 1 0008805 1 104 1
0000000 3a80000 1 094 1 1 3a80000 1 094 1
000672a 0000000 1 151 0 0 000672a 0 151 1
0000000 21c0000 1 045 0 1 21bffff 1 045 1
0000000 3600000 1 040 0 1 35fffff 1 040 1
0000000 2140000 1 05a 1 0 213ffff 0 05a 1
0000000 27c0000 1 09e 1 1 27c0000 1 09e 1
00078b4 0000000 1 0db 1 1 00078b4 1 0db 1
0007953 0000000 1 09f 0 1 0007952 0 09f 1
000beb6 0000000 1 09f 1 1 000beb6 1 09f 1
0000000 3ac0000 1 0c8 0 0 3ac0000 0 0c8 1
0000000 2900000 1 031 0 1 28fffff 1 031 1
00077bd 09d0000 0 07e 0 0 09d77bd 0 07e 0
0000000 2340000 1 0e8 1 1 2340000 1 0e8 1
000a4f4 0000000 1 0a0 1 1 000a4f4 1 0a0 1
00074e0 0000000 1 105 1 1 00074e0 1 105 1
0000000 27c0000 1 098 1 0 27bffff 0 098 1
0000000 3c40000 1 0ef 1 0 3c3ffff 0 0ef 1
00070eb 0000000 1 09b 1 0 00070ea 1 09b 1
0000000 28c0000 1 09b 0 0 28c0000 0 09b 1
0000000 29c0000 1 0e7 0 1 29bffff 1 0e7 1
000a8cf 0000000 1 0d8 1 0 000a8ce 1 0d8 1
000b6fa 0000000 1 0fc 0 1 000b6f9 0 0fc 1
000ea15 0000000 1 16d 1 1 000ea15 1 16d 1
0000000 2c80000 1 0e9 0 0 2c80000 0 0e9 1
0006414 0000000 1 0d0 1 0 0006413 1 0d0 1
000a8f2 0000000 1 047 1 1 000a8f2 1 047 1
0000000 32c0000 1 033 0 0 32c0000 0 033 1
00078f8 2640000 0 3f8 0 0 26478f8 0 3f8 0
0005f10 0000000 1 111 0 0 0005f10 0 111 1
0000000 2700000 1 062 0 0 2700000 0 062 1
0000000 3ac0000 1 055 0 1 3abffff 1 055 1
0000000 2b80000 1 0bf 0 1 2b7ffff 1 0bf 1
0000000 23c0000 1 0d7 0 1 23bffff 1 0d7 1
0004e22 0000000 1 09b 1 1 0004e22 1 09b 1
0000000 3c80000 1 071 0 0 3c80000 0 071 1
0000000 2380000 1 0d6 1 1 2380000 1 0d6 1
0000000 3180000 1 06e 1 0 317ffff 0 06e 1
0000000 29c0000 1 0bf 1 0 29bffff 0 0bf 1
0007f7c 0000000 1 083 0 0 0007f7c 0 083 1
0000000 2680000 1 07b 0 0 2680000 0 07b 1
0008755 0000000 1 058 1 0 0008754 1 058 1
0008204 0000000 1 135 1 1 0008204 1 135 1
0000000 3340000 1 0c9 1 1 3340000 1 0c9 1
0000000 3740000 1 0bd 1 1 3740000 1 0bd 1
000920a 0000000 1 102 1 0 0009209 1 102 1
0000000 2900000 1 0b0 0 0 2900000 0 0b0 1
0007c48 0000000 1 0e7 0 1 0007c47 0 0e7 1
0000000 3f00000 1 024 1 0 3efffff 0 024 1
0000000 2f40000 1 082 1 0 2f3ffff 0 082 1
0000000 39c0000 1 0e3 1 1 39c0000 1 0e3 1
000b1fa 0000000 1 0c4 0 1 000b1f9 0 0c4 1
0000000 3380000 1 0d0 0 1 337ffff 1 0d0 1
000980d 0000000 1 0d7 1 0 000980c 1 0d7 1
00089df 0000000 1 049 1 1 00089df 1 049 1
0000000 2080000 1 08c 1 1 2080000 1 08c 1
000ca18 0000000 1 134 0 1 000ca17 0 134 1
00076d2 0000000 1 0d3 1 1 00076d2 1 0d3 1
000c074 0000000 1 0ca 1 1 000c074 1 0ca 1
0000000 3b40000 0 0b3 1 0 3b40000 0 0b3 0
0000000 3d00000 1 0ee 1 1 3d00000 1 0ee 1
0000000 2500000 1 01d 1 0 24fffff 0 01d 1
000a800 000001c 1 0a4 1 1 000a81c 1 0a4 1
0000000 3540000 1 053 1 0 353ffff 0 053 1
0000000 3540000 1 0a3 1 0 353ffff 0 0a3 1
0000000 3d40000 1 04b 1 1 3d40000 1 04b 1
00099c6 0000000 1 066 0 0 00099c6 0 066 1
0000000 2dc0000 1 018 0 0 2dc0000 0 018 1
000686a 0000000 1 136 0 1 0006869 0 136 1
000964f 0000000 1 07c 0 0 000964f 0 07c 1
000946b 0000000 1 0ca 1 1 000946b 1 0ca 1
0000000 37c0000 1 0d0 0 0 37c0000 0 0d0 1
0000000 3080000 1 0ce 0 1 307ffff 1 0ce 1
00080e2 13e0000 0 01f 0 1 13d7f1e 1 01f 0
0000000 2200000 1 0e1 1 0 21fffff 0 0e1 1
0000000 3440000 1 0d9 0 1 343ffff 1 0d9 1
0006fb8 0000000 1 083 0 1 0006fb7 0 083 1
0000000 3980000 1 049 0 0 3980000 0 049 1
000a356 0039c00 0 05c 0 1 002f8aa 1 05c 0
0000000 20c0000 1 095 0 1 20bffff 1 095 1
0000000 3940000 1 0e8 0 0 3940000 0 0e8 1
0000000 2c40000 1 098 0 1 2c3ffff 1 098 1
0000000 3880000 1 04b 1 0 387ffff 0 04b 1
000acc8 0000000 1 095 1 1 000acc8 1 095 1
0007d10 0000000 1 133 0 0 0007d10 0 133 1
00069b8 00006a8 0 02e 0 1 0006310 0 02e 0
00067b0 0000000 1 0e5 1 0 00067af 1 0e5 1
0008b17 0000000 1 107 0 0 0008b17 0 107 1
0009b42 0000000 1 0b0 1 0 0009b41 1 0b0 1
000cdbc 0000000 1 119 0 0 000cdbc 0 119 1
0000000 2640000 1 3fd 0 1 263ffff 1 3fd 1
0000000 3400000 1 0bd 0 1 33fffff 1 0bd 1
0000000 3fc0000 1 0ad 1 1 3fc0000 1 0ad 1
0000000 2880000 1 035 1 0 287ffff 0 035 1
000a6b0 0000000 1 132 1 0 000a6af 1 132 1
0009818 0000000 1 0c0 0 0 0009818 0 0c0 1
000973e 0000000 1 12d 0 0 000973e 0 12d 1
0000000 2100000 1 0d0 1 1 2100000 1 0d0 1
0009894 0000000 1 051 0 0 0009894 0 051 1
00078d4 0000000 1 0c5 0 1 00078d3 0 0c5 1
00089ea 0000000 1 0c0 0 1 00089e9 0 0c0 1
000960f 0000000 1 042 1 0 000960e 1 042 1
0000000 3940000 1 0e8 1 1 3940000 1 0e8 1
00078f0 0000000 1 0b7 1 1 00078f0 1 0b7 1
000ab78 0000000 1 081 1 0 000ab77 1 081 1
0000000 3d80000 1 05c 1 1 3d80000 1 05c 1
000479a 0000000 1 0fe 1 1 000479a 1 0fe 1
000a206 06b8000 0 031 1 0 06addfa 0 031 0
000904a 0000000 1 0da 1 0 0009049 1 0da 1
0000000 2f00000 1 0f1 0 0 2f00000 0 0f1 1
0000000 2e00000 1 0e5 1 1 2e00000 1 0e5 1
000772e 0000000 1 14a 1 1 000772e 1 14a 1
0000000 29c0000 1 087 0 1 29bffff 1 087 1
0000000 29c0000 1 04d 1 0 29bffff 0 04d 1
0000000 2080000 1 0bf 1 1 2080000 1 0bf 1
000bc96 0007880 0 01a 1 1 0013516 1 01a 0
0009179 0000000 1 083 0 1 0009178 0 083 1
0000000 3a40000 1 0ae 1 0 3a3ffff 0 0ae 1
0000000 3440000 1 05f 0 1 343ffff 1 05f 1
0000000 2100000 1 0d9 0 0 2100000 0 0d9 1
000ceb8 0000000 1 0cb 0 1 000ceb7 0 0cb 1
0000000 25c0000 1 025 0 1 25bffff 1 025 1
000717a 0000000 1 0c3 1 0 0007179 1 0c3 1
0000000 2000000 1 0a1 1 1 2000000 1 0a1 1
000e978 0000000 1 082 1 1 000e978 1 082 1
0007c38 0000000 1 072 1 0 0007c37 1 072 1
0009b64 0000000 1 132 0 0 0009b64 0 132 1
000962d 0000000 1 141 1 1 000962d 1 141 1
0000000 3880000 1 0f1 0 0 3880000 0 0f1 1
0006ff0 0000000 1 0cb 1 1 0006ff0 1 0cb 1
0000000 2b40000 1 09a 0 1 2b3ffff 1 09a 1
0000000 3880000 1 045 1 1 3880000 1 045 1
000c513 0000000 1 078 1 1 000c513 1 078 1
0005c40 0000000 1 0bd 1 1 0005c40 1 0bd 1
0000000 2780000 1 052 0 0 2780000 0 052 1
0009803 0000000 1 078 1 0 0009802 1 078 1
000f41b 0000000 1 057 1 0 000f41a 1 057 1
0000000 3b00000 1 057 1 1 3b00000 1 057 1
0000000 2880000 1 0c8 0 0 2880000 0 0c8 1
0007551 0000000 1 13c 0 0 0007551 0 13c 1
00062ee 0000000 1 092 0 0 00062ee 0 092 1
0000000 2580000 1 04c 1 1 2580000 1 04c 1
0000000 2700000 1 0a2 1 0 26fffff 0 0a2 1
000cdc3 0000000 1 0ea 1 1 000cdc3 1 0ea 1
0007e8f 0000000 1 10c 1 1 0007e8f 1 10c 1
0000000 3080000 1 03f 1 1 3080000 1 03f 1
0000000 2f40000 1 0b3 0 0 2f40000 0 0b3 1
0000000 3a80000 1 07a 1 0 3a7ffff 0 07a 1
0000000 32c0000 0 0a4 1 1 32c0000 1 0a4 0
000679a 0000000 1 027 0 0 000679a 0 027 1
0000000 3800000 1 086 1 0 37fffff 0 086 1
00055b9 0000000 1 0c9 1 1 00055b9 1 0c9 1
0006ff0 0000000 1 10a 1 1 0006ff0 1 10a 1
0005fa0 0000000 1 0a2 0 0 0005fa0 0 0a2 1
0000000 3200000 1 02b 0 1 31fffff 1 02b 1
0005380 0000000 1 0ff 1 0 000537f 1 0ff 1
00075d0 0000000 1 117 0 0 00075d0 0 117 1
0000000 2240000 1 09b 1 1 2240000 1 09b 1
0000000 3540000 1 0c0 0 1 353ffff 1 0c0 1
0000000 2200000 1 0c9 0 1 21fffff 1 0c9 1
000c062 0122000 0 0ef 0 1 0115f9e 1 0ef 0
000eb62 0000000 1 05c 1 0 000eb61 1 05c 1
0000000 35c0000 1 0b2 1 1 35c0000 1 0b2 1
0000000 3380000 1 090 0 0 3380000 0 090 1
0005654 0000000 1 0ad 0 0 0005654 0 0ad 1
00057b3 0000000 1 16a 0 1 00057b2 0 16a 1
000660b 0000000 1 09b 1 0 000660a 1 09b 1
000c2bc 0000000 1 0b3 1 1 000c2bc 1 0b3 1
0000000 2040000 1 0c7 1 1 2040000 1 0c7 1
00088b0 0000000 1 049 1 1 00088b0 1 049 1
0000000 3280000 1 0eb 0 0 3280000 0 0eb 1
0000000 3ac0000 1 0c3 0 0 3ac0000 0 0c3 1
00081f0 0000000 1 110 1 0 00081ef 1 110 1
0000000 3a40000 1 070 1 0 3a3ffff 0 070 1
0000000 2b00000 1 0b2 1 1 2b00000 1 0b2 1
0000000 29c0000 1 09a 1 0 29bffff 0 09a 1
00047b2 0198000 0 090 0 0 019c7b2 0 090 0
0000000 3700000 1 0b8 0 0 3700000 0 0b8 1
0007850 0001dc0 0 098 0 0 0009610 0 098 0
0000000 3080000 1 0e6 1 0 307ffff 0 0e6 1
0004c8f 0000001 1 086 0 1 0004c8d 0 086 1
0000000 3b00000 1 004 1 0 3afffff 0 004 1
0000000 2400000 1 056 1 0 23fffff 0 056 1
000ceb8 0000000 1 0a7 1 1 000ceb8 1 0a7 1
0000000 2f00000 1 08b 1 0 2efffff 0 08b 1
0000000 2040000 1 0d6 1 0 203ffff 0 0d6 1
0009e34 0000000 1 10b 0 1 0009e33 0 10b 1
0000000 2c00000 1 099 0 0 2c00000 0 099 1
0000000 3180000 1 0bd 0 0 3180000 0 0bd 1
0000000 3880000 1 0c9 1 0 387ffff 0 0c9 1
000a05f 0000000 1 122 1 1 000a05f 1 122 1
0000000 2c40000 1 0e4 1 1 2c40000 1 0e4 1
00056b0 0000000 1 0a8 0 0 00056b0 0 0a8 1
0004911 0000000 1 0ea 0 1 0004910 0 0ea 1
0005898 0000000 1 0c1 1 1 0005898 1 0c1 1
0000000 3380000 1 0dd 0 1 337ffff 1 0dd 1
0000000 34c0000 1 066 0 0 34c0000 0 066 1
0000000 3680000 1 056 1 1 3680000 1 056 1
000c162 0000000 1 0d8 0 1 000c161 0 0d8 1
0000000 21c0000 1 0a8 1 1 21c0000 1 0a8 1
0007e00 0000000 1 087 0 1 0007dff 0 087 1
0000000 2800000 1 08d 1 0 27fffff 0 08d 1
0000000 3300000 1 0c8 0 0 3300000 0 0c8 1
0000000 3f80000 1 0a3 1 0 3f7ffff 0 0a3 1
0000000 32c0000 1 0e2 1 1 32c0000 1 0e2 1
0000000 2140000 1 05a 1 1 2140000 1 05a 1
00096fe 0000000 1 0ba 0 0 00096fe 0 0ba 1
0000000 3680000 1 0b5 0 1 367ffff 1 0b5 1
0000000 36c0000 1 0ea 1 0 36bffff 0 0ea 1
0009680 0000000 1 097 0 0 0009680 0 097 1
000b360 0000000 1 0af 0 1 000b35f 0 0af 1
00059c7 0000000 1 0be 1 1 00059c7 1 0be 1
0008cf0 0000000 1 110 1 0 0008cef 1 110 1
0000000 2c40000 1 09b 0 0 2c40000 0 09b 1
0000000 2c00000 1 08a 0 0 2c00000 0 08a 1
000bf4c 0000000 1 0f7 1 1 000bf4c 1 0f7 1
000ab5e 0000000 1 08c 1 1 000ab5e 1 08c 1
0000000 3c40000 1 0a4 0 0 3c40000 0 0a4 1
0008880 0000000 1 0dd 0 1 000887f 0 0dd 1
0000000 3fc0000 1 0c3 1 0 3fbffff 0 0c3 1
000607c 0000000 1 090 1 1 000607c 1 090 1
0000000 3540000 1 0db 1 0 353ffff 0 0db 1
000c790 0000000 1 0cc 1 0 000c78f 1 0cc 1
0000000 3640000 1 0cf 0 0 3640000 0 0cf 1
00062d2 0000000 1 063 0 0 00062d2 0 063 1
0000000 3180000 1 0b8 0 0 3180000 0 0b8 1
0000000 2000000 1 060 1 0 1ffffff 0 060 1
0000000 2380000 1 0c9 0 0 2380000 0 0c9 1
0000000 3480000 1 0ec 0 1 347ffff 1 0ec 1
0000000 2f00000 1 073 1 0 2efffff 0 073 1
0000000 2540000 1 09f 0 0 2540000 0 09f 1
0000000 3ac0000 0 04e 0 1 3ac0000 1 04e 0
000e3a8 0154000 0 08a 1 1 01623a8 1 08a 0
0006edc 0000000 1 06b 0 1 0006edb 0 06b 1
0000000 2640000 1 03e 1 0 263ffff 0 03e 1
000f01c 0000000 1 08a 1 1 000f01c 1 08a 1
0000000 3a00000 1 063 0 0 3a00000 0 063 1
0004730 0000000 1 109 0 0 0004730 0 109 1
0000000 3a80000 1 0df 1 1 3a80000 1 0df 1
0005b60 0000000 1 11e 0 1 0005b5f 0 11e 1
0000000 3d80000 1 080 0 1 3d7ffff 1 080 1
0000000 3900000 1 0c7 1 1 3900000 1 0c7 1
0000000 2880000 1 05e 0 0 2880000 0 05e 1
000bc16 0000000 1 067 0 0 000bc16 0 067 1
0000000 2040000 1 0ae 1 0 203ffff 0 0ae 1
000d4fa 0001ee0 0 0ce 0 0 000f3da 0 0ce 0
00089fa 0000000 1 11f 0 1 00089f9 0 11f 1
0000000 2c80000 1 093 1 1 2c80000 1 093 1
0000000 2340000 1 024 0 0 2340000 0 024 1
0000000 3200000 1 0f3 0 0 3200000 0 0f3 1
0000000 31c0000 1 03b 0 1 31bffff 1 03b 1
000864f 0000000 1 0b5 1 0 000864e 1 0b5 1
0007caa 0000000 1 0e1 1 1 0007caa 1 0e1 1
00091a0 0000000 1 05a 1 0 000919f 1 05a 1
00069f6 0000000 1 0fe 0 1 00069f5 0 0fe 1
0009708 0000005 1 03a 1 1 000970d 1 03a 1
0000000 3b00000 1 054 1 1 3b00000 1 054 1
0000000 2440000 1 096 1 1 2440000 1 096 1
0000000 3840000 1 0c0 0 1 383ffff 1 0c0 1
0000000 2d00000 1 057 0 1 2cfffff 1 057 1
0007ba6 0000000 1 0a2 0 1 0007ba5 0 0a2 1
0000000 3ec0000 1 008 1 1 3ec0000 1 008 1
0008a96 0000000 1 08b 1 0 0008a95 1 08b 1
0000000 2dc0000 1 095 1 0 2dbffff 0 095 1
0000000 2ac0000 1 0a5 0 1 2abffff 1 0a5 1
0000000 3300000 1 0c9 1 1 3300000 1 0c9 1
0000000 22c0000 1 0e9 1 0 22bffff 0 0e9 1
000b520 0000000 1 0a5 0 1 000b51f 0 0a5 1
0009d80 0000000 1 103 1 1 0009d80 1 103 1
0000000 2a80000 1 0b2 0 1 2a7ffff 1 0b2 1
0000000 3400000 1 030 1 1 3400000 1 030 1
0000000 3a00000 1 0c9 0 0 3a00000 0 0c9 1
0000000 30c0000 1 08d 0 0 30c0000 0 08d 1
000952f 0000000 1 0e5 1 1 000952f 1 0e5 1
000b478 0000000 1 06a 0 0 000b478 0 06a 1
000c4d4 0000000 1 100 1 0 000c4d3 1 100 1
0000000 3b40000 1 0bd 1 0 3b3ffff 0 0bd 1
0000000 39c0000 1 039 0 0 39c0000 0 039 1
0000000 2840000 1 0e0 0 0 2840000 0 0e0 1
0008d5c 0000000 1 0f2 1 1 0008d5c 1 0f2 1
00077e6 00f6000 0 09e 1 0 00ee81a 0 09e 0
00077df 0000000 1 02e 0 1 00077de 0 02e 1
0007a08 0000000 1 165 1 0 0007a07 1 165 1
000fb06 0000000 1 0c1 0 0 000fb06 0 0c1 1
000e685 0000000 1 040 0 1 000e684 0 040 1
000bf88 0000000 1 0e0 1 0 000bf87 1 0e0 1
0000000 2c80000 1 0e4 1 1 2c80000 1 0e4 1
0009485 0000000 1 08c 0 0 0009485 0 08c 1
00074fd 0000000 1 0f7 0 0 00074fd 0 0f7 1
0008edd 0000458 0 0e2 0 0 0009335 0 0e2 0
0000000 3580000 1 083 0 0 3580000 0 083 1
000a8cf 0000001 1 097 0 1 000a8cd 0 097 1
0008515 0000000 1 076 1 0 0008514 1 076 1
000d14c 0000000 1 0e3 1 0 000d14b 1 0e3 1
000868c 0000000 1 0cb 1 1 000868c 1 0cb 1
0000000 2640000 1 037 0 0 2640000 0 037 1
000c030 0001200 0 01c 0 0 000d230 0 01c 0
0000000 2980000 1 065 0 1 297ffff 1 065 1
000e86c 0000000 1 0e7 1 1 000e86c 1 0e7 1
0000000 3580000 1 05b 1 1 3580000 1 05b 1
0000000 3e80000 1 08f 0 1 3e7ffff 1 08f 1
000cc60 0000000 1 0ca 1 1 000cc60 1 0ca 1
0000000 3a00000 1 06b 1 1 3a00000 1 06b 1
000855a 0000000 1 15c 0 1 0008559 0 15c 1
0000000 2700000 1 0b7 1 0 26fffff 0 0b7 1
000a384 0000000 1 115 0 0 000a384 0 115 1
0009e60 0000000 1 07e 1 1 0009e60 1 07e 1
000cb10 0000000 1 05c 1 1 000cb10 1 05c 1
000ca50 0000000 1 166 1 0 000ca4f 1 166 1
0000000 27c0000 1 033 1 1 27c0000 1 033 1
0000000 3980000 1 0b8 1 0 397ffff 0 0b8 1
0000000 28c0000 1 0d9 1 0 28bffff 0 0d9 1
000e72e 0000000 1 0ee 1 1 000e72e 1 0ee 1
00087bc 0000000 1 096 0 0 00087bc 0 096 1
0000000 3640000 1 0e4 1 0 363ffff 0 0e4 1
0000000 28c0000 1 0d0 0 0 28c0000 0 0d0 1
0004a00 0000000 1 0a5 0 1 00049ff 0 0a5 1
0000000 3f40000 1 0e1 1 1 3f40000 1 0e1 1
0006bd4 0000000 1 0ec 1 0 0006bd3 1 0ec 1
0000000 3c00000 1 0ca 0 0 3c00000 0 0ca 1
0005f90 0000000 1 098 0 1 0005f8f 0 098 1
0008e97 001d200 0 0d8 0 0 0026097 0 0d8 0
0000000 3040000 1 0cb 1 0 303ffff 0 0cb 1
000724c 0000000 1 09a 0 0 000724c 0 09a 1
0000000 3ec0000 1 0d0 1 1 3ec0000 1 0d0 1
000e03c 0000000 1 0bf 0 0 000e03c 0 0bf 1
0000000 2c40000 1 0c3 1 0 2c3ffff 0 0c3 1
00079c7 0000a90 0 07c 1 0 0006f37 1 07c 0
00082d0 0000000 1 100 1 1 00082d0 1 100 1
000bf22 0000000 1 0d6 0 1 000bf21 0 0d6 1
0000000 2300000 1 0ef 1 0 22fffff 0 0ef 1
0000000 2c00000 1 0e0 0 1 2bfffff 1 0e0 1
000b628 0000000 1 0bb 1 0 000b627 1 0bb 1
0000000 2880000 1 075 1 1 2880000 1 075 1
000b914 0000000 1 110 0 1 000b913 0 110 1
000b748 0000000 1 076 1 1 000b748 1 076 1
00096b1 0000000 1 13a 0 0 00096b1 0 13a 1
000a02c 0000000 1 0ec 0 0 000a02c 0 0ec 1
0000000 2cc0000 1 0f0 1 1 2cc0000 1 0f0 1
00082e3 0000000 1 0cd 1 0 00082e2 1 0cd 1
000ca2a 0348000 0 0ac 1 0 033b5d6 0 0ac 0
0000000 3200000 1 06d 1 0 31fffff 0 06d 1
0000000 38c0000 1 0ee 0 1 38bffff 1 0ee 1
0005052 0000000 1 0b3 0 0 0005052 0 0b3 1
0007440 0000000 1 0fd 1 1 0007440 1 0fd 1
0000000 3ac0000 1 0d9 0 1 3abffff 1 0d9 1
0008d0e 0000001 1 09c 1 1 0008d0f 1 09c 1
0007d40 0000015 1 0f9 1 1 0007d55 1 0f9 1
0009603 0000000 1 060 0 0 0009603 0 060 1
0000000 3080000 1 0d4 1 0 307ffff 0 0d4 1
000960a 0000000 1 0a6 1 0 0009609 1 0a6 1
000733f 000000f 1 070 0 1 000732f 0 070 1
0009a9b 0000000 1 0c9 0 1 0009a9a 0 0c9 1
0000000 3bc0000 1 0c0 1 0 3bbffff 0 0c0 1
0009db8 0000000 1 0da 0 0 0009db8 0 0da 1
0000000 3900000 1 01a 0 1 38fffff 1 01a 1
0007f58 0000000 1 076 0 1 0007f57 0 076 1
0008972 0000000 1 106 1 0 0008971 1 106 1
0000000 3240000 1 0a6 0 1 323ffff 1 0a6 1
0000000 3040000 1 3f6 0 0 3040000 0 3f6 1
0007f42 0000000 1 0ad 1 0 0007f41 1 0ad 1
0000000 31c0000 1 09c 0 1 31bffff 1 09c 1
0005db5 0000000 1 0b4 1 1 0005db5 1 0b4 1
000a410 0000000 1 14a 0 1 000a40f 0 14a 1
00073e6 0000000 1 06d 1 0 00073e5 1 06d 1
0000000 3400000 1 070 1 1 3400000 1 070 1
0006582 0000000 1 0fc 1 0 0006581 1 0fc 1
000a0d6 000006e 0 08d 0 1 000a068 0 08d 0
000e00a 0000000 1 086 0 1 000e009 0 086 1
0000000 25c0000 1 0d3 0 0 25c0000 0 0d3 1
0009a21 0000000 1 0ac 1 1 0009a21 1 0ac 1
0005f82 0000000 1 04d 0 0 0005f82 0 04d 1
0009563 0000000 1 086 0 1 0009562 0 086 1
0009a9b 0000000 1 0fc 0 0 0009a9b 0 0fc 1
0000000 2200000 1 09b 0 0 2200000 0 09b 1
0009048 0000a00 0 054 1 0 0008648 1 054 0
0008f2c 0000004 1 082 1 0 0008f27 1 082 1
0000000 3440000 1 0a8 0 0 3440000 0 0a8 1
0000000 28c0000 1 0ef 1 0 28bffff 0 0ef 1
000aadb 0000000 1 0fb 1 0 000aada 1 0fb 1
0000000 3380000 1 0a3 0 1 337ffff 1 0a3 1
0006dd8 0000000 1 132 0 0 0006dd8 0 132 1
000ea69 0000000 1 0cb 1 0 000ea68 1 0cb 1
000a5d8 0000000 1 0d8 0 0 000a5d8 0 0d8 1
0000000 2700000 1 0c2 1 1 2700000 1 0c2 1
0006ac8 000002c 1 052 1 0 0006a9b 1 052 1
0000000 23c0000 1 0a3 0 0 23c0000 0 0a3 1
00086c0 0810000 0 0c1 0 0 08186c0 0 0c1 0
0000000 32c0000 1 03c 1 1 32c0000 1 03c 1
0000000 2fc0000 1 096 1 0 2fbffff 0 096 1
0000000 33c0000 1 076 0 0 33c0000 0 076 1
0007a4f 0000001 1 0a6 0 0 0007a50 0 0a6 1
000bbf2 000b500 0 035 1 1 00170f2 1 035 0
0000000 20c0000 1 0e9 0 0 20c0000 0 0e9 1
000ba0c 0000000 1 099 0 0 000ba0c 0 099 1
000acce 0000000 1 051 0 0 000acce 0 051 1
0000000 3d80000 1 0c2 0 1 3d7ffff 1 0c2 1
0000000 2100000 1 0b8 1 0 20fffff 0 0b8 1
0004c8c 0000000 1 093 0 1 0004c8b 0 093 1
0000000 3fc0000 1 0e0 1 0 3fbffff 0 0e0 1
0000000 3480000 1 003 0 1 347ffff 1 003 1
0000000 3e40000 1 0ba 0 1 3e3ffff 1 0ba 1
00053d6 0000000 1 137 1 1 00053d6 1 137 1
0000000 2f40000 1 05c 0 0 2f40000 0 05c 1
00089fd 0000000 1 10d 0 1 00089fc 0 10d 1
000cc8c 0000000 1 05e 0 1 000cc8b 0 05e 1
0008354 0000000 1 0fa 1 1 0008354 1 0fa 1
0000000 2dc0000 1 0ce 0 0 2dc0000 0 0ce 1
000a720 0000000 1 102 0 0 000a720 0 102 1
0000000 2c80000 1 072 1 1 2c80000 1 072 1
000db29 0000000 1 084 1 1 000db29 1 084 1
0000000 2900000 1 0e9 0 0 2900000 0 0e9 1
000c948 0000000 1 114 0 0 000c948 0 114 1
0000000 3b00000 1 0cf 0 1 3afffff 1 0cf 1
0006bd0 0000000 1 0c0 1 1 0006bd0 1 0c0 1
0000000 2540000 1 058 1 0 253ffff 0 058 1
0000000 27c0000 1 0b3 1 0 27bffff 0 0b3 1
0007aa3 11c0000 0 0db 0 1 11b855d 1 0db 0
000b376 0000000 1 0d0 1 1 000b376 1 0d0 1
0000000 2180000 1 066 0 1 217ffff 1 066 1
000610b 0000000 1 09e 0 1 000610a 0 09e 1
0000000 26c0000 1 0ce 1 0 26bffff 0 0ce 1
0000000 3040000 1 0ef 1 1 3040000 1 0ef 1
0000000 2480000 1 03c 0 1 247ffff 1 03c 1
0007d3a 0000000 1 049 0 0 0007d3a 0 049 1
000fa08 0000000 1 04d 1 1 000fa08 1 04d 1
000bb58 0000000 1 0bc 0 0 000bb58 0 0bc 1
0007248 0000000 1 0da 1 0 0007247 1 0da 1
0000000 2f40000 1 05c 1 1 2f40000 1 05c 1
000a976 0000000 1 092 0 0 000a976 0 092 1
000ab70 0000000 1 106 0 1 000ab6f 0 106 1
0008164 0000000 1 08a 0 1 0008163 0 08a 1
0000000 22c0000 1 0b3 1 0 22bffff 0 0b3 1
0000000 33c0000 1 0e0 0 1 33bffff 1 0e0 1
0000000 2280000 1 0cd 0 1 227ffff 1 0cd 1
0008a2b 0000000 1 0e7 0 0 0008a2b 0 0e7 1
000d0d4 0000000 1 092 0 1 000d0d3 0 092 1
0000000 3380000 0 0f1 0 0 3380000 0 0f1 0
00084da 0000000 1 0dd 1 1 00084da 1 0dd 1
0007e0a 0000000 1 10f 0 1 0007e09 0 10f 1
0000000 2f40000 1 0b2 1 0 2f3ffff 0 0b2 1
000789f 0000002 1 040 0 0 00078a1 0 040 1
0000000 2480000 1 098 1 1 2480000 1 098 1
0000000 2840000 1 0b1 0 0 2840000 0 0b1 1
0000000 3080000 1 0da 1 1 3080000 1 0da 1
0000000 2040000 1 0bc 1 0 203ffff 0 0bc 1
0008094 0000000 1 078 1 1 0008094 1 078 1
0000000 3c00000 1 078 0 1 3bfffff 1 078 1
0000000 3a00000 1 07a 0 0 3a00000 0 07a 1
0009789 0000000 1 0b7 1 0 0009788 1 0b7 1
0008b85 0000000 1 0e5 1 0 0008b84 1 0e5 1
0000000 2d40000 1 0ee 0 1 2d3ffff 1 0ee 1
000af8c 0000000 1 0e3 0 1 000af8b 0 0e3 1
0000000 32c0000 1 0c3 1 0 32bffff 0 0c3 1
000a2b2 0000000 1 0d7 0 0 000a2b2 0 0d7 1
000648c 0000000 1 0c5 1 1 000648c 1 0c5 1
0000000 3cc0000 1 0c5 0 1 3cbffff 1 0c5 1
000c4a0 0000000 1 16b 1 0 000c49f 1 16b 1
00057a8 0000000 1 0c0 0 1 00057a7 0 0c0 1
000ad68 0000000 1 101 1 0 000ad67 1 101 1
0000000 2b80000 1 0ea 1 0 2b7ffff 0 0ea 1
0000000 36c0000 1 084 0 1 36bffff 1 084 1
0000000 2840000 1 0b4 0 0 2840000 0 0b4 1
000a5a0 0000001 1 088 1 1 000a5a1 1 088 1
000d272 0000000 1 03f 1 0 000d271 1 03f 1
0000000 2ec0000 0 0f2 0 1 2ec0000 1 0f2 0
0009900 0000000 1 0ab 1 0 00098ff 1 0ab 1
0007e34 0000000 1 0c0 1 1 0007e34 1 0c0 1
0000000 2540000 1 04e 0 0 2540000 0 04e 1
0008012 0000000 1 0b0 0 0 0008012 0 0b0 1
0006318 00f6000 0 0a7 0 0 00fc318 0 0a7 0
00056a9 0000000 1 11f 0 1 00056a8 0 11f 1
0000000 2d40000 1 0e1 0 1 2d3ffff 1 0e1 1
0006ee4 0000000 1 06b 0 0 0006ee4 0 06b 1
0000000 2200000 1 086 0 0 2200000 0 086 1
0007bc0 0000000 1 0d2 0 1 0007bbf 0 0d2 1
0009720 0000000 1 0a5 1 1 0009720 1 0a5 1
0009224 0000000 1 06c 0 0 0009224 0 06c 1
0000000 25c0000 1 01f 1 1 25c0000 1 01f 1
0000000 34c0000 1 0bd 1 1 34c0000 1 0bd 1
0009c8d 0000000 1 089 0 1 0009c8c 0 089 1
0000000 2c00000 1 05e 0 0 2c00000 0 05e 1
0000000 2e00000 1 063 0 0 2e00000 0 063 1
0000000 2900000 1 0ed 0 1 28fffff 1 0ed 1
0000000 3700000 1 09d 0 1 36fffff 1 09d 1
0006590 0000063 1 046 0 0 00065f3 0 046 1
0006c44 0000000 1 088 1 1 0006c44 1 088 1
0008340 0000000 1 07f 1 1 0008340 1 07f 1
0000000 2040000 1 0ba 1 1 2040000 1 0ba 1
0000000 3d40000 0 06d 1 0 3d40000 0 06d 0
00075ea 0000000 1 0a2 1 1 00075ea 1 0a2 1
000cc88 0000000 1 074 0 1 000cc87 0 074 1
0000000 2440000 1 0dc 0 0 2440000 0 0dc 1
0000000 3780000 1 056 0 0 3780000 0 056 1
000d886 0000000 1 15b 1 1 000d886 1 15b 1
0000000 3540000 1 0db 0 0 3540000 0 0db 1
0000000 2a40000 1 0be 1 0 2a3ffff 0 0be 1
000b928 0000000 1 0cf 0 1 000b927 0 0cf 1
0007f71 0000000 1 0cc 0 0 0007f71 0 0cc 1
000a121 0000005 1 07d 0 1 000a11b 0 07d 1
0000000 2140000 1 0f3 1 0 213ffff 0 0f3 1
0000000 2b00000 1 08f 1 1 2b00000 1 08f 1
0005c37 0000000 1 15e 1 1 0005c37 1 15e 1
0008412 0000000 1 100 0 0 0008412 0 100 1
000a550 0000000 1 0c8 1 0 000a54f 1 0c8 1
0000000 3ec0000 1 0e2 1 1 3ec0000 1 0e2 1
000b726 0029800 0 09c 0 0 0034f26 0 09c 0
000bfdb 0000000 1 0c8 1 1 000bfdb 1 0c8 1
0009bdc 0000000 1 10d 0 1 0009bdb 0 10d 1
0006445 0000000 1 120 0 1 0006444 0 120 1
0000000 35c0000 1 0aa 1 0 35bffff 0 0aa 1
0000000 27c0000 1 004 0 0 27c0000 0 004 1
0008241 0000000 1 124 0 0 0008241 0 124 1
0000000 3200000 1 06d 0 1 31fffff 1 06d 1
000bb80 0000000 1 08a 0 1 000bb7f 0 08a 1
0000000 30c0000 1 077 0 0 30c0000 0 077 1
000785a 0000000 1 0dd 1 1 000785a 1 0dd 1
0008f57 1560000 0 0e2 1 1 1568f57 1 0e2 0
0000000 2cc0000 1 00e 0 0 2cc0000 0 00e 1
0000000 2700000 1 092 0 0 2700000 0 092 1
0000000 2240000 1 081 1 0 223ffff 0 081 1
000724c 0000000 1 018 1 1 000724c 1 018 1
0000000 2f80000 1 03c 1 1 2f80000 1 03c 1
0000000 2ac0000 1 085 0 0 2ac0000 0 085 1
0000000 3fc0000 1 01a 0 1 3fbffff 1 01a 1
0008241 0000000 1 031 1 1 0008241 1 031 1
0008e3e 0000000 1 0d6 0 0 0008e3e 0 0d6 1
0000000 2680000 1 0ae 0 0 2680000 0 0ae 1
000f615 0000000 1 074 0 1 000f614 0 074 1
0000000 2940000 1 075 0 0 2940000 0 075 1
0000000 3d80000 1 0d0 1 0 3d7ffff 0 0d0 1
0000000 2540000 1 0bd 0 0 2540000 0 0bd 1
000c2e6 0000000 1 0f5 0 1 000c2e5 0 0f5 1
0000000 3380000 1 06e 0 1 337ffff 1 06e 1
0000000 33c0000 1 089 0 0 33c0000 0 089 1
0000000 2500000 1 046 0 1 24fffff 1 046 1
0000000 2f80000 1 073 1 1 2f80000 1 073 1
000a348 0000000 1 0d4 0 0 000a348 0 0d4 1
0000000 2e00000 1 0d4 1 0 2dfffff 0 0d4 1
0009a5c 3b40000 0 0f2 1 0 3b365a4 0 0f2 0
0000000 2bc0000 1 061 0 1 2bbffff 1 061 1
0008868 0000000 1 0e6 1 1 0008868 1 0e6 1
0005780 0000000 1 05a 1 1 0005780 1 05a 1
0000000 28c0000 1 0e6 0 0 28c0000 0 0e6 1
000bcb2 0000042 0 0b0 0 0 000bcf4 0 0b0 0
0009b5c 0000000 1 0ba 1 1 0009b5c 1 0ba 1
0000000 2fc0000 1 0a3 1 1 2fc0000 1 0a3 1
0000000 3400000 1 0cd 1 1 3400000 1 0cd 1
0000000 38c0000 1 03a 1 1 38c0000 1 03a 1
000b646 0000000 1 0ed 0 1 000b645 0 0ed 1
0008490 0000000 1 05f 1 1 0008490 1 05f 1
0007cfb 0022800 0 09f 1 1 002a4fb 1 09f 0
00064a0 0000000 1 0bb 0 1 000649f 0 0bb 1
00055d2 0000000 1 0de 1 0 00055d1 1 0de 1
000812d 0000000 1 0ab 1 1 000812d 1 0ab 1
0009105 0000000 1 08c 1 1 0009105 1 08c 1
0000000 3b80000 1 0a4 0 0 3b80000 0 0a4 1
0000000 3ac0000 1 0e0 0 0 3ac0000 0 0e0 1
0007860 003c000 0 058 1 1 0043860 1 058 0
0004d58 0000000 1 061 1 1 0004d58 1 061 1
000a582 0000000 1 047 1 1 000a582 1 047 1
000cd3a 0000000 1 0ee 0 0 000cd3a 0 0ee 1
0005c6c 0000000 1 041 0 1 0005c6b 0 041 1
0000000 2100000 1 078 0 1 20fffff 1 078 1
00091f8 0005b80 0 0bb 0 0 000ed78 0 0bb 0
0008af6 0000000 1 0f1 1 1 0008af6 1 0f1 1
000c3dc 0000000 1 0ca 0 0 000c3dc 0 0ca 1
000c5cb 0000000 1 068 1 0 000c5ca 1 068 1
0000000 3ac0000 1 0eb 0 0 3ac0000 0 0eb 1
0008043 2a40000 0 0e6 1 1 2a48043 1 0e6 0
0007604 0000074 0 027 0 1 0007590 0 027 0
0008ff4 1d60000 0 0b7 1 0 1d5700c 0 0b7 0
00094ac 0000000 1 084 0 0 00094ac 0 084 1
0009f63 0000000 1 07c 0 0 0009f63 0 07c 1
0000000 2680000 1 052 1 0 267ffff 0 052 1
000db24 0001960 0 0ce 0 0 000f484 0 0ce 0
000c9cc 0000000 1 114 0 1 000c9cb 0 114 1
000b115 0000000 1 0d3 0 0 000b115 0 0d3 1
0000000 2400000 1 0d6 1 0 23fffff 0 0d6 1
0000000 22c0000 1 0b2 0 0 22c0000 0 0b2 1
0000000 2ec0000 1 0a4 0 1 2ebffff 1 0a4 1
000d152 0000000 1 0ef 1 0 000d151 1 0ef 1
000bc16 0000000 1 076 1 0 000bc15 1 076 1
000968c 0000000 1 084 1 1 000968c 1 084 1
0006f2e 0000000 1 07f 1 0 0006f2d 1 07f 1
0000000 27c0000 1 0e3 0 1 27bffff 1 0e3 1
0000000 3680000 1 0ba 0 1 367ffff 1 0ba 1
0000000 2b80000 1 074 1 1 2b80000 1 074 1
0000000 36c0000 1 0a8 0 0 36c0000 0 0a8 1
0000000 3940000 1 064 0 1 393ffff 1 064 1
000916c 0000000 1 12c 0 0 000916c 0 12c 1
00061da 1960000 0 04d 0 1 1959e26 1 04d 0
0000000 2b80000 1 0e8 1 0 2b7ffff 0 0e8 1
0007a85 0000000 1 0af 1 1 0007a85 1 0af 1
0008d1e 0000000 1 063 1 1 0008d1e 1 063 1
0006ba3 0000000 1 0bd 1 1 0006ba3 1 0bd 1
000bc34 0000378 0 103 1 1 000bfac 1 103 0
0000000 2740000 1 0d6 0 0 2740000 0 0d6 1
000a45a 0000000 1 110 0 1 000a459 0 110 1
00087c8 0000000 1 0dd 0 0 00087c8 0 0dd 1
0007e0a 0000000 1 0fc 0 0 0007e0a 0 0fc 1
000458a 0000000 1 0b0 1 1 000458a 1 0b0 1
0007500 0000000 1 103 1 0 00074ff 1 103 1
0000000 37c0000 1 066 0 1 37bffff 1 066 1
0000000 3100000 1 0ae 0 0 3100000 0 0ae 1
000840f 0000000 1 047 1 1 000840f 1 047 1
0000000 38c0000 1 0d7 1 0 38bffff 0 0d7 1
0000000 3140000 1 0c0 1 0 313ffff 0 0c0 1
0007600 0000000 1 0d1 1 1 0007600 1 0d1 1
0000000 2c00000 1 0e6 1 1 2c00000 1 0e6 1
000a8a4 0000000 1 060 0 0 000a8a4 0 060 1
0006f29 0000000 1 0a9 1 0 0006f28 1 0a9 1
00090bd 0000000 1 0ba 1 0 00090bc 1 0ba 1
0000000 2b40000 1 035 0 0 2b40000 0 035 1
0006500 0000000 1 071 0 0 0006500 0 071 1
00084b7 0000000 1 080 0 1 00084b6 0 080 1
0000000 3580000 1 0d0 0 0 3580000 0 0d0 1
0009389 0000000 1 0c7 1 1 0009389 1 0c7 1
0000000 33c0000 1 03e 0 0 33c0000 0 03e 1
0000000 3300000 1 069 0 0 3300000 0 069 1
00058b0 0000000 1 12b 0 0 00058b0 0 12b 1
0000000 2140000 1 063 1 1 2140000 1 063 1
0000000 3180000 1 06a 1 1 3180000 1 06a 1
000b94f 0000000 1 03c 1 0 000b94e 1 03c 1
0000000 33c0000 1 0f1 0 1 33bffff 1 0f1 1
0000000 2800000 1 0a8 1 1 2800000 1 0a8 1
0005e68 009f000 0 0b3 0 0 00a4e68 0 0b3 0
000f030 0000000 1 0e1 1 0 000f02f 1 0e1 1
0000000 2f00000 1 0c5 0 0 2f00000 0 0c5 1
0008880 0000000 1 0d2 1 1 0008880 1 0d2 1
00057a8 0208000 0 08e 0 1 0202858 1 08e 0
0000000 3540000 1 065 0 1 353ffff 1 065 1
0000000 23c0000 1 0de 0 0 23c0000 0 0de 1
0008526 0000000 1 0fd 1 0 0008525 1 0fd 1
00062a8 3dc0000 0 09f 0 1 3db9d58 1 09f 0
0000000 3640000 1 0ce 1 0 363ffff 0 0ce 1
0000000 3a40000 1 06f 1 1 3a40000 1 06f 1
000c8b9 0000000 0 033 0 0 000c8b9 0 033 0
000ec24 0000000 1 11b 1 0 000ec23 1 11b 1
0009fbe 0000000 1 11d 0 0 0009fbe 0 11d 1
0000000 2c80000 1 0d1 1 1 2c80000 1 0d1 1
0000000 3440000 1 057 1 0 343ffff 0 057 1
0000000 2d40000 1 00a 0 0 2d40000 0 00a 1
0009024 0000000 1 0ba 0 0 0009024 0 0ba 1
0007c8e 0000000 1 06d 0 1 0007c8d 0 06d 1
0000000 2b80000 1 0f3 0 0 2b80000 0 0f3 1
0000000 2340000 1 0bf 0 1 233ffff 1 0bf 1
0007dba 0000000 1 080 0 1 0007db9 0 080 1
0006b9c 0000000 1 0d9 0 0 0006b9c 0 0d9 1
0000000 3540000 1 0c7 1 1 3540000 1 0c7 1
0006387 01e4000 0 090 1 1 01ea387 1 090 0
0000000 2a80000 1 063 1 0 2a7ffff 0 063 1
0000000 3a40000 1 0b8 0 1 3a3ffff 1 0b8 1
0000000 3800000 1 0b1 1 1 3800000 1 0b1 1
0000000 2d40000 1 0a1 1 0 2d3ffff 0 0a1 1
0000000 3680000 1 0b7 1 0 367ffff 0 0b7 1
0000000 3bc0000 1 0e7 0 1 3bbffff 1 0e7 1
000843c 0000000 1 092 0 1 000843b 0 092 1
0005da2 0000000 1 11f 0 1 0005da1 0 11f 1
000bbcc 0000000 1 14a 0 1 000bbcb 0 14a 1
00075dd 000007b 1 02f 0 0 0007658 0 02f 1
0000000 3740000 1 055 1 1 3740000 1 055 1
0000000 2ec0000 1 0cc 0 1 2ebffff 1 0cc 1
0006297 0000000 1 0a7 0 1 0006296 0 0a7 1
0000000 33c0000 1 08c 0 0 33c0000 0 08c 1
0008a96 0000000 1 0b5 1 0 0008a95 1 0b5 1
0009d24 0000000 1 135 0 0 0009d24 0 135 1
0000000 3ac0000 1 0b7 1 1 3ac0000 1 0b7 1
0000000 3500000 1 07a 1 1 3500000 1 07a 1
0000000 32c0000 1 0a8 0 0 32c0000 0 0a8 1
00089d0 0000000 1 144 1 1 00089d0 1 144 1
0000000 2700000 1 0d2 1 1 2700000 1 0d2 1
0000000 2580000 1 0e6 1 1 2580000 1 0e6 1
0007984 0000000 1 059 0 1 0007983 0 059 1
0000000 32c0000 1 049 1 0 32bffff 0 049 1
0000000 2280000 1 0d2 1 1 2280000 1 0d2 1
0006270 0000000 1 074 0 0 0006270 0 074 1
000b6ee 0000000 1 0f0 0 0 000b6ee 0 0f0 1
0000000 2340000 1 081 0 0 2340000 0 081 1
000bf5e 0000000 1 0c7 0 1 000bf5d 0 0c7 1
0009b3a 0000000 1 0ce 0 1 0009b39 0 0ce 1
0000000 3e40000 1 0cb 1 0 3e3ffff 0 0cb 1
0000000 32c0000 1 0b8 1 0 32bffff 0 0b8 1
0000000 2940000 1 083 0 0 2940000 0 083 1
0000000 3300000 1 03e 1 1 3300000 1 03e 1
000773d 0000000 1 05f 1 0 000773c 1 05f 1
0006d7c 0000000 1 08f 1 0 0006d7b 1 08f 1
0009d75 0000000 1 0cc 0 1 0009d74 0 0cc 1
000b039 0000064 1 06a 1 1 000b09d 1 06a 1
00066cc 0000000 1 0a5 1 1 00066cc 1 0a5 1
0000000 3980000 1 0ef 0 1 397ffff 1 0ef 1
000c804 0000000 1 150 0 1 000c803 0 150 1
000ad98 0000000 1 12d 1 0 000ad97 1 12d 1
0004fd8 00007b8 0 088 0 1 0004820 0 088 0
0000000 37c0000 1 0a2 1 0 37bffff 0 0a2 1
000b040 0254000 0 098 0 0 025f040 0 098 0
0005c70 0000000 1 115 0 0 0005c70 0 115 1
0000000 23c0000 1 07b 0 0 23c0000 0 07b 1
000b5b1 0000000 1 08e 0 1 000b5b0 0 08e 1
0000000 3140000 1 097 0 0 3140000 0 097 1
0000000 2a00000 1 096 0 0 2a00000 0 096 1
0000000 3940000 1 0f0 1 0 393ffff 0 0f0 1
0000000 3800000 1 089 0 0 3800000 0 089 1
0000000 2b00000 1 01a 1 1 2b00000 1 01a 1
0000000 3500000 1 09e 0 0 3500000 0 09e 1
0000000 20c0000 1 044 0 0 20c0000 0 044 1
00072a2 0000000 1 081 0 1 00072a1 0 081 1
0000000 2d00000 1 0bd 0 1 2cfffff 1 0bd 1
0009b23 0000000 1 0e4 1 0 0009b22 1 0e4 1
0000000 2ac0000 1 083 1 1 2ac0000 1 083 1
000b7a0 0ff0000 0 3f8 1 0 0fe4860 0 3f8 0
00095ae 000c900 0 07a 0 0 0015eae 0 07a 0
0005580 0000000 1 0e1 1 0 000557f 1 0e1 1
0007594 0000000 1 0de 1 1 0007594 1 0de 1
000984a 0000000 1 0d8 0 0 000984a 0 0d8 1
000867b 0000000 1 0c3 0 0 000867b 0 0c3 1
0000000 3e00000 1 0d6 1 1 3e00000 1 0d6 1
000854d 0000000 1 0c3 0 1 000854c 0 0c3 1
0000000 2f80000 1 091 0 0 2f80000 0 091 1
000aa8c 0000000 1 03f 0 0 000aa8c 0 03f 1
0000000 3900000 1 0d4 0 0 3900000 0 0d4 1
0000000 3340000 1 086 1 1 3340000 1 086 1
0000000 3dc0000 1 078 0 1 3dbffff 1 078 1
0000000 2080000 1 054 0 1 207ffff 1 054 1
0000000 3200000 1 06c 1 1 3200000 1 06c 1
00089df 0000000 1 063 0 1 00089de 0 063 1
0000000 2740000 0 077 0 1 2740000 1 077 0
0000000 3580000 1 06d 1 1 3580000 1 06d 1
0000000 30c0000 1 083 0 0 30c0000 0 083 1
00078a5 0000000 1 065 1 0 00078a4 1 065 1
00080f7 0000000 1 15e 0 1 00080f6 0 15e 1
0000000 3f80000 1 0f1 0 1 3f7ffff 1 0f1 1
0000000 2680000 1 0be 0 0 2680000 0 0be 1
0000000 2700000 0 091 0 0 2700000 0 091 0
0000000 2a80000 1 0b8 1 1 2a80000 1 0b8 1
000be78 2e80000 0 0bd 1 0 2e74188 0 0bd 0
00094f8 0000000 1 056 1 1 00094f8 1 056 1
000b540 0000000 1 11f 0 1 000b53f 0 11f 1
00089c0 0000000 1 09d 0 1 00089bf 0 09d 1
000b0c6 0000000 1 117 0 1 000b0c5 0 117 1
000c8b9 0000000 1 0e9 1 0 000c8b8 1 0e9 1
0008c46 0000000 1 04b 1 1 0008c46 1 04b 1
0004dc8 0000000 1 0b4 0 1 0004dc7 0 0b4 1
000b115 0000000 1 0be 1 1 000b115 1 0be 1
0000000 3a00000 1 0f3 1 0 39fffff 0 0f3 1
0000000 2440000 1 036 1 1 2440000 1 036 1
000851b 0000000 1 0d9 0 0 000851b 0 0d9 1
0000000 3180000 1 09e 0 0 3180000 0 09e 1
000c738 0290000 0 042 0 1 02838c8 1 042 0
00068f2 0000000 1 081 0 1 00068f1 0 081 1
000927c 0000000 1 156 0 0 000927c 0 156 1
000bec8 0000000 1 06a 1 1 000bec8 1 06a 1
0006204 0000000 1 0e0 0 1 0006203 0 0e0 1
0007003 0000000 1 061 0 1 0007002 0 061 1
0000000 2b80000 1 023 0 1 2b7ffff 1 023 1
0000000 2540000 1 06f 0 0 2540000 0 06f 1
0000000 3840000 1 002 0 0 3840000 0 002 1
0000000 3b80000 1 0c6 0 0 3b80000 0 0c6 1
0007620 0000000 1 0d3 0 1 000761f 0 0d3 1
00068fe 0000000 1 08b 1 0 00068fd 1 08b 1
0000000 2bc0000 1 082 0 1 2bbffff 1 082 1
00099cf 0000000 1 082 0 0 00099cf 0 082 1
0007dd0 0000000 1 12f 1 0 0007dcf 1 12f 1
00087ab 0000000 1 122 1 1 00087ab 1 122 1
0000000 3e40000 1 3f8 0 1 3e3ffff 1 3f8 1
0000000 2a00000 1 074 0 1 29fffff 1 074 1
00090bd 0000000 1 0d2 0 0 00090bd 0 0d2 1
0009471 0000000 1 090 1 0 0009470 1 090 1
0000000 2880000 1 0b1 0 1 287ffff 1 0b1 1
0000000 3ec0000 1 043 1 0 3ebffff 0 043 1
0000000 2e00000 1 0c7 1 0 2dfffff 0 0c7 1
000bcbf 0000000 1 0e4 0 0 000bcbf 0 0e4 1
000875a 0000000 1 152 1 0 0008759 1 152 1
0000000 35c0000 1 0a2 1 0 35bffff 0 0a2 1
0000000 2d40000 1 0f0 1 0 2d3ffff 0 0f0 1
0000000 2180000 1 085 0 0 2180000 0 085 1
0000000 2ec0000 1 0d0 0 1 2ebffff 1 0d0 1
0009b0a 0000000 1 0b5 0 0 0009b0a 0 0b5 1
0000000 3240000 1 097 1 0 323ffff 0 097 1
000738c 000013e 0 0c3 1 1 00074ca 1 0c3 0
0000000 3c00000 1 001 1 1 3c00000 1 001 1
0000000 3240000 1 090 0 0 3240000 0 090 1
000aa5a 0000000 1 0c0 0 0 000aa5a 0 0c0 1
0000000 3f00000 1 0c7 0 0 3f00000 0 0c7 1
0000000 2100000 1 0d3 0 1 20fffff 1 0d3 1
0007350 0000000 1 02f 0 1 000734f 0 02f 1
00093a8 0000000 1 0c5 0 0 00093a8 0 0c5 1
000baff 0000000 1 12e 1 1 000baff 1 12e 1
0000000 2740000 1 0d5 1 0 273ffff 0 0d5 1
0000000 2dc0000 1 0e7 0 1 2dbffff 1 0e7 1
000641c 0000000 1 13c 1 1 000641c 1 13c 1
000c91c 0000000 1 158 0 0 000c91c 0 158 1
0009d6d 0000005 1 087 0 0 0009d72 0 087 1
000ed3c 005f800 0 0b5 1 1 006e53c 1 0b5 0
0006c98 0000000 1 111 1 0 0006c97 1 111 1
000c44a 0000000 1 0e1 1 0 000c449 1 0e1 1
0000000 2980000 1 0a3 1 1 2980000 1 0a3 1
000c5a8 0000000 1 0bd 1 0 000c5a7 1 0bd 1
0000000 3ac0000 1 07e 0 0 3ac0000 0 07e 1
0000000 29c0000 1 08d 1 1 29c0000 1 08d 1
0000000 3ac0000 1 0be 1 0 3abffff 0 0be 1
000d152 0000000 1 162 1 1 000d152 1 162 1
00092e0 0000000 1 0e8 0 1 00092df 0 0e8 1
000a572 0000000 1 074 1 0 000a571 1 074 1
0005588 1f60000 0 018 1 1 1f65588 1 018 0
0000000 2180000 1 0e3 1 0 217ffff 0 0e3 1
0005244 0000000 1 116 1 1 0005244 1 116 1
0000000 2f00000 1 0ae 1 1 2f00000 1 0ae 1
000bc4c 0000000 1 088 0 1 000bc4b 0 088 1
0008668 0304000 0 057 0 1 02fb998 1 057 0
0000000 3500000 1 015 1 1 3500000 1 015 1
0000000 2e00000 1 0be 1 1 2e00000 1 0be 1
0000000 2980000 1 0c2 0 0 2980000 0 0c2 1
000a206 0000000 1 108 1 1 000a206 1 108 1
0000000 26c0000 1 3fe 0 0 26c0000 0 3fe 1
0000000 3e80000 1 01b 1 1 3e80000 1 01b 1
0008dd5 0000000 1 125 0 1 0008dd4 0 125 1
0000000 2200000 0 3fd 0 1 2200000 1 3fd 0
0004840 0000000 1 08d 0 0 0004840 0 08d 1
0000000 2880000 1 070 1 0 287ffff 0 070 1
000c00b 0000000 1 130 1 1 000c00b 1 130 1
0000000 3a80000 1 027 0 1 3a7ffff 1 027 1
000a51b 0000000 1 053 1 1 000a51b 1 053 1
0000000 37c0000 1 0d8 0 0 37c0000 0 0d8 1
0000000 3d40000 1 0e2 1 0 3d3ffff 0 0e2 1
0009cfc 0000000 1 0ee 0 1 0009cfb 0 0ee 1
0008dab 0000000 1 0b0 0 0 0008dab 0 0b0 1
0008012 0000000 1 0b9 0 0 0008012 0 0b9 1
0009204 0000000 1 114 1 1 0009204 1 114 1
000af3f 0000000 1 0ab 0 1 000af3e 0 0ab 1
00069f2 0000000 1 147 1 1 00069f2 1 147 1
000cbf2 0000154 0 0a7 0 0 000cd46 0 0a7 0
0000000 3c80000 1 0e8 0 0 3c80000 0 0e8 1
0007f24 0000000 1 042 1 0 0007f23 1 042 1
0000000 2f00000 1 080 1 0 2efffff 0 080 1
0000000 3480000 1 0a7 1 1 3480000 1 0a7 1
0000000 3e80000 1 0c4 1 0 3e7ffff 0 0c4 1
0005e08 0000000 1 169 1 1 0005e08 1 169 1
0000000 2300000 1 0e7 0 1 22fffff 1 0e7 1
0000000 2e40000 1 0d9 0 1 2e3ffff 1 0d9 1
0000000 2dc0000 1 0e9 1 0 2dbffff 0 0e9 1
0000000 3700000 1 09b 0 1 36fffff 1 09b 1
0004730 0000000 1 0ed 0 1 000472f 0 0ed 1
0000000 3fc0000 1 0bf 0 0 3fc0000 0 0bf 1
0000000 2700000 1 0cf 0 1 26fffff 1 0cf 1
0000000 3a80000 1 081 1 0 3a7ffff 0 081 1
0009240 0002140 0 0c5 0 1 0007100 0 0c5 0
0000000 25c0000 1 080 1 0 25bffff 0 080 1
0008a9d 0000000 1 13e 0 1 0008a9c 0 13e 1
0000000 3700000 1 043 1 1 3700000 1 043 1
0000000 2100000 1 09f 0 1 20fffff 1 09f 1
0000000 2e40000 0 020 1 1 2e40000 1 020 0
0000000 2380000 1 057 0 1 237ffff 1 057 1
000e984 0000aa0 0 0be 0 0 000f424 0 0be 0
0008071 0000000 1 0da 1 1 0008071 1 0da 1
0000000 2380000 1 042 1 0 237ffff 0 042 1
0000000 3400000 1 0ca 1 1 3400000 1 0ca 1
00076f2 0000000 1 0f2 1 1 00076f2 1 0f2 1
000ce60 0000000 1 15a 0 1 000ce5f 0 15a 1
0005064 0000000 1 04d 1 1 0005064 1 04d 1
0000000 3c40000 1 010 0 1 3c3ffff 1 010 1
0000000 3300000 1 09b 1 0 32fffff 0 09b 1
0000000 20c0000 1 05d 1 1 20c0000 1 05d 1
0000000 3dc0000 1 085 1 1 3dc0000 1 085 1
0007b75 0000000 1 10b 0 0 0007b75 0 10b 1
0000000 38c0000 1 0c8 0 0 38c0000 0 0c8 1
0000000 2140000 1 0e0 0 0 2140000 0 0e0 1
000cbca 0000000 1 068 1 1 000cbca 1 068 1
000a119 0000000 1 07f 1 0 000a118 1 07f 1
0000000 2600000 1 0a9 0 1 25fffff 1 0a9 1
0009ab9 0000000 1 0e8 1 0 0009ab8 1 0e8 1
0008723 0000000 1 0cf 0 0 0008723 0 0cf 1
0000000 33c0000 1 0e7 1 0 33bffff 0 0e7 1
0007c50 0000000 1 0c1 0 0 0007c50 0 0c1 1
0000000 3fc0000 1 094 1 1 3fc0000 1 094 1
0000000 3e40000 1 0b6 0 1 3e3ffff 1 0b6 1
0000000 2980000 1 0df 1 0 297ffff 0 0df 1
00094ef 0000000 1 0f3 0 1 00094ee 0 0f3 1
0007b47 0000000 1 06c 0 1 0007b46 0 06c 1
0000000 24c0000 1 08c 0 1 24bffff 1 08c 1
0006aea 0000000 1 026 1 0 0006ae9 1 026 1
0007af4 0000000 1 13e 1 1 0007af4 1 13e 1
0000000 3600000 1 0e4 1 1 3600000 1 0e4 1
0005b35 0000000 1 097 0 1 0005b34 0 097 1
0008043 0ac0000 0 090 0 0 0ac8043 0 090 0
0000000 3c80000 1 0c8 1 1 3c80000 1 0c8 1
0000000 2900000 1 0df 1 1 2900000 1 0df 1
0000000 2f40000 1 0b3 0 1 2f3ffff 1 0b3 1
0009c10 0000000 1 0a9 0 1 0009c0f 0 0a9 1
0000000 2f40000 1 0e9 1 0 2f3ffff 0 0e9 1
0008287 0000000 1 156 1 1 0008287 1 156 1
000af80 0000000 1 13a 1 0 000af7f 1 13a 1
0005f05 0000000 1 060 1 0 0005f04 1 060 1
0000000 23c0000 1 046 1 1 23c0000 1 046 1
0000000 2940000 1 0d9 1 1 2940000 1 0d9 1
0000000 22c0000 1 09a 0 1 22bffff 1 09a 1
0006b0e 0000688 0 021 0 1 0006486 0 021 0
0005184 0000000 1 109 1 0 0005183 1 109 1
0007ab8 0000000 1 11b 1 0 0007ab7 1 11b 1
000b7eb 0000000 1 037 0 1 000b7ea 0 037 1
0000000 3a00000 1 0ab 1 0 39fffff 0 0ab 1
0005480 0000000 1 0ea 1 1 0005480 1 0ea 1
0000000 2800000 1 080 0 0 2800000 0 080 1
000c2b1 0000000 1 0f5 1 1 000c2b1 1 0f5 1
0000000 3dc0000 1 0ce 1 0 3dbffff 0 0ce 1
0004ea0 0035c00 0 06f 1 1 003aaa0 1 06f 0
0000000 3980000 1 0db 1 0 397ffff 0 0db 1
0005ee0 0000000 1 0b0 1 0 0005edf 1 0b0 1
0000000 27c0000 1 0de 1 1 27c0000 1 0de 1
0006062 0000000 1 0ac 1 1 0006062 1 0ac 1
000743a 0000000 1 08b 1 0 0007439 1 08b 1
0000000 2540000 1 07e 1 0 253ffff 0 07e 1
000ee41 0000000 1 15f 0 1 000ee40 0 15f 1
0000000 2680000 1 092 1 1 2680000 1 092 1
0005f98 0000000 1 0bc 1 0 0005f97 1 0bc 1
0000000 2900000 1 037 0 1 28fffff 1 037 1
0000000 3f40000 1 0f0 0 1 3f3ffff 1 0f0 1
0000000 3ec0000 1 0da 1 1 3ec0000 1 0da 1
000a6c0 0000000 1 056 1 0 000a6bf 1 056 1
0000000 2240000 1 0cd 1 1 2240000 1 0cd 1
000bf7c 0000000 1 154 0 0 000bf7c 0 154 1
00099ef 0000000 1 0bb 1 1 00099ef 1 0bb 1
0000000 2ac0000 1 081 1 1 2ac0000 1 081 1
0000000 3d00000 1 051 1 1 3d00000 1 051 1
0000000 3f40000 1 0ea 1 0 3f3ffff 0 0ea 1
0000000 23c0000 1 0d1 1 1 23c0000 1 0d1 1
000682a 0000000 1 0ce 1 0 0006829 1 0ce 1
0000000 2c80000 1 0df 0 0 2c80000 0 0df 1
000a277 0000000 1 09b 0 1 000a276 0 09b 1
0000000 3240000 1 064 0 1 323ffff 1 064 1
000a26c 0000000 1 0b8 1 1 000a26c 1 0b8 1
000b637 0000000 1 05e 1 0 000b636 1 05e 1
000add9 0000000 1 06a 0 1 000add8 0 06a 1
000daa5 0000000 1 057 1 1 000daa5 1 057 1
00098a0 0000000 1 157 0 0 00098a0 0 157 1
0008c10 0000000 1 11f 1 0 0008c0f 1 11f 1
0009cf6 0000000 1 0fe 0 1 0009cf5 0 0fe 1
0000000 2380000 0 02f 0 1 2380000 1 02f 0
0000000 2d40000 1 0d9 0 1 2d3ffff 1 0d9 1
0009410 000014c 0 0ec 0 0 000955c 0 0ec 0
000e764 0000000 1 0cb 0 1 000e763 0 0cb 1
0000000 3400000 1 0ec 0 1 33fffff 1 0ec 1
0009496 03e8000 0 055 0 1 03deb6a 1 055 0
0006780 0000000 1 0d9 1 1 0006780 1 0d9 1
0008ade 0000003 1 039 1 0 0008ada 1 039 1
0007b30 0000000 1 0a2 0 0 0007b30 0 0a2 1
000b88c 0000000 1 0c9 1 0 000b88b 1 0c9 1
0000000 3d40000 1 06d 1 1 3d40000 1 06d 1
0000000 3680000 1 0e3 0 0 3680000 0 0e3 1
0008fc6 0000000 1 104 0 0 0008fc6 0 104 1
0008d0c 1f60000 0 087 1 0 1f572f4 0 087 0
0000000 2cc0000 1 0bc 0 0 2cc0000 0 0bc 1
000730f 0000000 1 0eb 1 1 000730f 1 0eb 1
0000000 3500000 1 04a 0 1 34fffff 1 04a 1
000785a 0000000 1 0c4 0 1 0007859 0 0c4 1
0000000 3180000 1 06c 0 0 3180000 0 06c 1
00091fa 001bc00 0 0d8 1 1 0024dfa 1 0d8 0
0000000 20c0000 1 0ca 1 0 20bffff 0 0ca 1
000c6a5 0000000 1 086 1 1 000c6a5 1 086 1
0000000 2ac0000 1 07a 1 1 2ac0000 1 07a 1
0000000 2740000 1 0eb 0 0 2740000 0 0eb 1
000e378 0000000 1 090 0 1 000e377 0 090 1
0009f78 0000000 1 0ed 0 1 0009f77 0 0ed 1
0000000 26c0000 1 051 1 0 26bffff 0 051 1
0005ebc 0000000 1 15e 1 1 0005ebc 1 15e 1
0007d2e 0000000 1 0e0 0 0 0007d2e 0 0e0 1
0006480 0000000 1 0a7 0 1 000647f 0 0a7 1
00083cd 0000089 0 0b7 0 0 0008456 0 0b7 0
0000000 3040000 1 057 1 1 3040000 1 057 1
0006e80 0000000 1 0e0 0 0 0006e80 0 0e0 1
0000000 3c80000 1 0e7 0 1 3c7ffff 1 0e7 1
000a712 0000000 1 078 0 0 000a712 0 078 1
0000000 3380000 1 06d 1 1 3380000 1 06d 1
0009792 02e4000 0 085 0 0 02ed792 0 085 0
000ab9b 0000000 1 10d 1 0 000ab9a 1 10d 1
000ee20 0000000 1 10e 0 1 000ee1f 0 10e 1
0000000 27c0000 1 0ea 1 1 27c0000 1 0ea 1
00078fc 0000000 1 100 0 0 00078fc 0 100 1
0000000 3a80000 1 06f 1 1 3a80000 1 06f 1
0006278 0000000 1 066 0 0 0006278 0 066 1
0007118 0000000 1 0cc 1 1 0007118 1 0cc 1
0009b40 0000000 1 09e 1 0 0009b3f 1 09e 1
0000000 2ec0000 1 0ef 0 1 2ebffff 1 0ef 1
0006ee6 0000000 1 16f 1 0 0006ee5 1 16f 1
0000000 2f80000 1 0be 0 0 2f80000 0 0be 1
0000000 2ac0000 1 0a8 0 0 2ac0000 0 0a8 1
0000000 2580000 1 0a9 0 1 257ffff 1 0a9 1
0009362 0000000 1 111 1 0 0009361 1 111 1
00060bc 0007f00 0 089 0 0 000dfbc 0 089 0
00085ae 0000000 1 059 1 0 00085ad 1 059 1
000a02c 0000000 1 0dc 1 0 000a02b 1 0dc 1
0009a08 0000000 1 06e 0 0 0009a08 0 06e 1
0005754 0000000 1 0aa 0 0 0005754 0 0aa 1
000a095 12c0000 0 092 1 0 12b5f6b 0 092 0
0000000 3700000 1 069 0 0 3700000 0 069 1
00094c0 0000000 1 070 0 1 00094bf 0 070 1
0000000 24c0000 1 09b 0 0 24c0000 0 09b 1
00091fa 0000000 1 12a 1 1 00091fa 1 12a 1
0000000 2c40000 1 0b6 0 1 2c3ffff 1 0b6 1
0000000 2740000 1 0ec 1 0 273ffff 0 0ec 1
0000000 3a00000 1 068 0 0 3a00000 0 068 1
0000000 2400000 1 073 0 0 2400000 0 073 1
000cfb4 0000000 1 12e 1 0 000cfb3 1 12e 1
0005140 0000000 1 0b2 0 0 0005140 0 0b2 1
0000000 21c0000 1 0e1 1 1 21c0000 1 0e1 1
0000000 3780000 1 0ee 1 1 3780000 1 0ee 1
0000000 28c0000 1 04c 1 0 28bffff 0 04c 1
0005b44 0000000 1 118 0 0 0005b44 0 118 1
0000000 33c0000 1 01c 0 1 33bffff 1 01c 1
0004d9a 0000000 1 0ba 0 1 0004d99 0 0ba 1
0004da9 0000002 1 015 1 0 0004da6 1 015 1
0006e9a 0000000 1 114 0 0 0006e9a 0 114 1
0000000 38c0000 1 0ef 0 0 38c0000 0 0ef 1
0000000 3a40000 1 07e 1 0 3a3ffff 0 07e 1
0000000 3fc0000 1 0bc 1 1 3fc0000 1 0bc 1
0005d39 0000000 1 0ad 1 1 0005d39 1 0ad 1
000c832 0000000 1 065 1 0 000c831 1 065 1
0000000 3300000 1 084 1 0 32fffff 0 084 1
0006eca 0000000 1 0c4 1 1 0006eca 1 0c4 1
00049d8 0000000 1 08f 0 1 00049d7 0 08f 1
000e916 0000000 1 117 0 0 000e916 0 117 1
0007a48 0000000 1 0d8 0 0 0007a48 0 0d8 1
0008c9d 0000000 1 0cf 1 1 0008c9d 1 0cf 1
000968c 0000000 1 093 0 1 000968b 0 093 1
0000000 3300000 1 02e 0 1 32fffff 1 02e 1
00073e6 0000000 1 086 0 1 00073e5 0 086 1
0009e85 0000000 1 146 1 0 0009e84 1 146 1
0005465 0006180 0 0dc 1 1 000b5e5 1 0dc 0
000a3e0 0000000 1 0ba 1 1 000a3e0 1 0ba 1
000753f 0000000 1 086 0 1 000753e 0 086 1
00078f8 0000000 1 0a5 0 1 00078f7 0 0a5 1
0008d27 0000000 1 110 1 1 0008d27 1 110 1
0000000 2000000 1 0cb 0 0 2000000 0 0cb 1
0000000 2440000 1 0a0 0 0 2440000 0 0a0 1
0000000 2e00000 1 0c9 0 0 2e00000 0 0c9 1
0000000 2f80000 1 0a8 1 1 2f80000 1 0a8 1
0000000 3500000 1 0de 1 1 3500000 1 0de 1
0000000 2040000 1 02b 1 0 203ffff 0 02b 1
000c42a 0000000 1 092 1 1 000c42a 1 092 1
0000000 3a00000 1 040 0 0 3a00000 0 040 1
000a405 0000000 1 115 0 1 000a404 0 115 1
0000000 2840000 1 0ee 0 0 2840000 0 0ee 1
0007528 0000000 1 0d6 1 1 0007528 1 0d6 1
0009240 0000000 1 117 0 0 0009240 0 117 1
0008a5c 0000000 1 160 0 1 0008a5b 0 160 1
000e887 0000000 1 05e 1 1 000e887 1 05e 1
0000000 2180000 1 08f 1 0 217ffff 0 08f 1
0000000 3c40000 1 085 1 1 3c40000 1 085 1
0000000 27c0000 1 073 0 0 27c0000 0 073 1
0007d82 0000000 1 16b 1 0 0007d81 1 16b 1
0000000 2bc0000 1 0c0 1 1 2bc0000 1 0c0 1
0009f5b 0000000 1 0ad 0 0 0009f5b 0 0ad 1
0000000 3400000 1 058 0 1 33fffff 1 058 1
0008925 0000000 1 0cf 1 0 0008924 1 0cf 1
0009b46 0000000 1 16a 1 0 0009b45 1 16a 1
0000000 2e00000 1 0ed 1 0 2dfffff 0 0ed 1
0008260 0000000 1 0ff 0 1 000825f 0 0ff 1
0006370 0000000 1 054 1 0 000636f 1 054 1
0000000 3840000 1 090 1 1 3840000 1 090 1
0006f6d 0000000 1 06f 0 1 0006f6c 0 06f 1
0000000 2c40000 1 03d 0 1 2c3ffff 1 03d 1
0000000 2580000 1 085 1 1 2580000 1 085 1
0008862 000001f 1 0d5 0 0 0008881 0 0d5 1
000a09e 0000000 1 0ea 0 1 000a09d 0 0ea 1
0000000 2e80000 1 0d0 1 1 2e80000 1 0d0 1
0007bb2 0000000 1 0b0 0 1 0007bb1 0 0b0 1
0000000 24c0000 1 0a4 0 0 24c0000 0 0a4 1
0000000 2c00000 1 07e 1 1 2c00000 1 07e 1
0008541 0006b00 0 0dc 0 0 000f041 0 0dc 0
0000000 21c0000 1 078 0 1 21bffff 1 078 1
0000000 2900000 1 0d2 1 1 2900000 1 0d2 1
0009768 0000000 1 07f 0 1 0009767 0 07f 1
000a8d9 0000000 1 0b2 1 0 000a8d8 1 0b2 1
0000000 35c0000 1 06f 0 1 35bffff 1 06f 1
0007412 0000000 1 05b 0 0 0007412 0 05b 1
0000000 2d00000 0 0aa 0 0 2d00000 0 0aa 0
000797a 0000000 1 068 1 0 0007979 1 068 1
0000000 2d40000 1 0d5 0 1 2d3ffff 1 0d5 1
0000000 3b80000 1 0a6 0 1 3b7ffff 1 0a6 1
000762b 0000000 1 145 1 1 000762b 1 145 1
0000000 35c0000 1 0be 1 1 35c0000 1 0be 1
0000000 2040000 1 0b1 1 0 203ffff 0 0b1 1
00060cc 0000748 0 0c0 1 1 0006814 1 0c0 0
000b418 0000000 1 07f 1 1 000b418 1 07f 1
0006d50 00010e0 0 012 1 1 0007e30 1 012 0
000b940 0000000 1 0de 0 1 000b93f 0 0de 1
000937e 0344000 0 0f6 1 0 033ac82 0 0f6 0
0000000 2300000 1 0b8 1 1 2300000 1 0b8 1
0000000 2700000 1 0ba 0 0 2700000 0 0ba 1
0009168 0000000 1 11d 1 1 0009168 1 11d 1
0000000 3e40000 1 0de 0 1 3e3ffff 1 0de 1
0000000 2380000 1 0a2 0 0 2380000 0 0a2 1
00089f9 0000000 1 10c 1 1 00089f9 1 10c 1
0000000 2f00000 1 003 0 1 2efffff 1 003 1
00079a0 0000000 1 0f8 0 1 000799f 0 0f8 1
0000000 2000000 1 0e5 0 1 1ffffff 1 0e5 1
0006956 0000000 1 116 0 1 0006955 0 116 1
0007887 0dd0000 0 0eb 1 1 0dd7887 1 0eb 0
0007937 0000000 1 0f2 0 0 0007937 0 0f2 1
00073a6 0000000 1 108 1 0 00073a5 1 108 1
0009de9 0000000 1 0db 0 0 0009de9 0 0db 1
000e742 0000000 1 0fa 1 0 000e741 1 0fa 1
0009a38 0015c00 0 016 0 0 001f638 0 016 0
00067b0 0000000 1 08f 0 0 00067b0 0 08f 1
0006b26 0000000 1 06f 0 1 0006b25 0 06f 1
000b45a 0000000 1 105 0 1 000b459 0 105 1
0006f60 0000000 1 101 0 0 0006f60 0 101 1
0005d2c 0000000 1 032 1 1 0005d2c 1 032 1
0000000 2700000 1 068 1 1 2700000 1 068 1
0000000 2300000 1 0e3 1 0 22fffff 0 0e3 1
000a2ce 0000000 1 0e5 1 0 000a2cd 1 0e5 1
00071a0 0000000 1 118 0 0 00071a0 0 118 1
000a593 0000000 1 0ac 0 1 000a592 0 0ac 1
000ce2b 0000000 1 0f8 0 0 000ce2b 0 0f8 1
0000000 3800000 1 032 0 0 3800000 0 032 1
0007b66 0000000 1 08b 1 1 0007b66 1 08b 1
0000000 2940000 1 045 0 1 293ffff 1 045 1
0000000 3540000 1 046 0 1 353ffff 1 046 1
0000000 2540000 1 093 0 1 253ffff 1 093 1
0000000 2500000 1 0b9 1 1 2500000 1 0b9 1
000b1c0 0000000 1 0fe 1 1 000b1c0 1 0fe 1
0000000 32c0000 1 077 1 1 32c0000 1 077 1
0000000 2f80000 1 0e7 1 1 2f80000 1 0e7 1
000558f 0000000 1 0d4 1 1 000558f 1 0d4 1
0000000 3640000 1 031 1 1 3640000 1 031 1
0000000 3380000 1 034 0 1 337ffff 1 034 1
0000000 2580000 1 0a5 0 1 257ffff 1 0a5 1
000bd85 0000000 1 087 1 0 000bd84 1 087 1
0000000 30c0000 1 0f3 1 1 30c0000 1 0f3 1
0008414 0000000 1 103 0 1 0008413 0 103 1
0008160 0000085 0 03c 1 1 00081e5 1 03c 0
0000000 20c0000 1 0b0 0 1 20bffff 1 0b0 1
0007d19 0000003 1 01a 1 1 0007d1c 1 01a 1
0000000 2ec0000 1 0ee 0 0 2ec0000 0 0ee 1
0004500 006e000 0 0ba 1 1 0072500 1 0ba 0
0000000 2700000 1 097 0 0 2700000 0 097 1
0006a60 0000000 1 07b 0 0 0006a60 0 07b 1
000b814 0000000 1 0d1 1 1 000b814 1 0d1 1
0000000 3b00000 1 0b4 1 0 3afffff 0 0b4 1
000b12b 0000005 1 05c 0 0 000b130 0 05c 1
0000000 3800000 1 064 1 1 3800000 1 064 1
0000000 2080000 1 076 1 0 207ffff 0 076 1
0000000 2c80000 1 089 1 0 2c7ffff 0 089 1
0000000 29c0000 1 05c 1 0 29bffff 0 05c 1
0000000 2100000 1 089 0 0 2100000 0 089 1
000a410 0000000 1 0ae 1 1 000a410 1 0ae 1
00080e8 011a000 0 06c 0 0 01220e8 0 06c 0
0000000 28c0000 1 0ed 0 1 28bffff 1 0ed 1
00095b5 0000000 1 0d3 1 1 00095b5 1 0d3 1
0000000 32c0000 1 0c5 1 0 32bffff 0 0c5 1
0000000 2e00000 1 085 1 1 2e00000 1 085 1
0000000 2ac0000 1 0dc 1 0 2abffff 0 0dc 1
0000000 39c0000 1 0d5 1 1 39c0000 1 0d5 1
00095fa 0000000 1 0ee 1 1 00095fa 1 0ee 1
000968c 0000000 1 0af 0 1 000968b 0 0af 1
0006b82 0000000 1 116 0 1 0006b81 0 116 1
0009860 0000000 1 0b4 0 1 000985f 0 0b4 1
0000000 23c0000 1 085 0 0 23c0000 0 085 1
0008374 0000000 1 120 1 0 0008373 1 120 1
0006574 0000000 1 109 1 0 0006573 1 109 1
000bf94 0000000 1 13e 0 0 000bf94 0 13e 1
0000000 3e40000 1 0bc 1 0 3e3ffff 0 0bc 1
00080d8 00005a8 0 0b1 0 1 0007b30 0 0b1 0
0000000 2440000 1 0d8 0 0 2440000 0 0d8 1
000bb2c 0000000 1 05d 0 1 000bb2b 0 05d 1
000d926 0000000 1 10d 1 1 000d926 1 10d 1
0000000 3100000 1 0ac 0 1 30fffff 1 0ac 1
0000000 2e80000 1 096 1 0 2e7ffff 0 096 1
0000000 2f80000 1 0d6 1 0 2f7ffff 0 0d6 1
000b11e 0000000 1 0d4 1 1 000b11e 1 0d4 1
0009798 0000000 1 04b 1 0 0009797 1 04b 1
000cb3e 0000000 1 04a 1 1 000cb3e 1 04a 1
0000000 3980000 1 0e3 1 1 3980000 1 0e3 1
000a128 0000000 1 13e 1 0 000a127 1 13e 1
0000000 2bc0000 1 0e1 1 0 2bbffff 0 0e1 1
000c2e6 0000000 1 0b6 1 0 000c2e5 1 0b6 1
0000000 3140000 1 06d 0 0 3140000 0 06d 1
000b564 0000000 1 07c 0 0 000b564 0 07c 1
0000000 3140000 1 080 0 0 3140000 0 080 1
000a846 0000000 1 0f7 1 1 000a846 1 0f7 1
0006d50 0000000 1 02e 1 0 0006d4f 1 02e 1
000b7c0 0000000 1 0c6 0 1 000b7bf 0 0c6 1
0006cf0 000015c 0 073 0 0 0006e4c 0 073 0
0009470 0000000 1 0e6 1 1 0009470 1 0e6 1
00096c8 0000000 1 0c0 1 0 00096c7 1 0c0 1
0000000 2580000 1 09b 1 1 2580000 1 09b 1
000c472 0000000 1 0b3 1 0 000c471 1 0b3 1
0000000 3740000 1 0a8 1 1 3740000 1 0a8 1
0000000 3fc0000 1 078 1 1 3fc0000 1 078 1
00053d9 0000000 1 126 1 1 00053d9 1 126 1
0007055 0000000 1 152 0 0 0007055 0 152 1
0000000 2e80000 1 0a7 0 1 2e7ffff 1 0a7 1
0000000 3d40000 1 08d 1 0 3d3ffff 0 08d 1
0000000 3fc0000 1 0df 1 0 3fbffff 0 0df 1
000aa80 0000f40 0 0ad 0 1 0009b40 0 0ad 0
0000000 2340000 1 05c 0 0 2340000 0 05c 1
0000000 3f40000 1 0e5 1 0 3f3ffff 0 0e5 1
0006ae0 0000000 1 0c0 1 0 0006adf 1 0c0 1
0000000 22c0000 1 01b 0 1 22bffff 1 01b 1
0000000 20c0000 1 053 0 1 20bffff 1 053 1
0000000 3c80000 1 0d4 1 1 3c80000 1 0d4 1
0000000 2a00000 1 056 1 1 2a00000 1 056 1
0000000 2f40000 1 0f1 1 0 2f3ffff 0 0f1 1
000c060 0000004 1 088 0 1 000c05b 0 088 1
0000000 2bc0000 1 0b4 1 0 2bbffff 0 0b4 1
000730c 0000000 1 02f 0 0 000730c 0 02f 1
0000000 27c0000 1 04e 0 1 27bffff 1 04e 1
0000000 22c0000 1 08a 1 0 22bffff 0 08a 1
0000000 3b80000 1 03f 0 0 3b80000 0 03f 1
0000000 2bc0000 1 09f 1 1 2bc0000 1 09f 1
0000000 2f00000 1 0c4 0 1 2efffff 1 0c4 1
0000000 3100000 1 0e9 0 1 30fffff 1 0e9 1
0000000 2880000 1 0cd 0 1 287ffff 1 0cd 1
0000000 3a80000 1 085 1 1 3a80000 1 085 1
0000000 3240000 0 0c4 0 1 3240000 1 0c4 0
000bcb8 0000000 1 104 1 0 000bcb7 1 104 1
00098e4 0000000 1 06e 1 0 00098e3 1 06e 1
000640a 0000000 1 04d 1 0 0006409 1 04d 1
000e86c 0ed0000 0 0be 0 0 0ede86c 0 0be 0
0006360 0000000 1 0db 1 0 000635f 1 0db 1
0009ae0 0000000 1 0c9 0 1 0009adf 0 0c9 1
000b220 0000000 1 0ff 1 1 000b220 1 0ff 1
000e0dc 0000000 1 0f8 1 0 000e0db 1 0f8 1
0008bdd 0000000 1 0cd 1 0 0008bdc 1 0cd 1
0007bc3 0000000 1 0a8 1 1 0007bc3 1 0a8 1
0006cf0 0000000 1 09a 0 1 0006cef 0 09a 1
0008928 0000000 1 07a 1 0 0008927 1 07a 1
00077f6 00001da 0 05d 0 1 000761c 0 05d 0
000baf8 0000000 1 0e1 1 0 000baf7 1 0e1 1
00070e0 000cc00 0 08c 0 1 0005b20 1 08c 0
0000000 3940000 1 0d0 0 1 393ffff 1 0d0 1
0005ac4 0000000 1 158 1 1 0005ac4 1 158 1
0009141 0000000 1 0e7 1 0 0009140 1 0e7 1
0000000 23c0000 1 035 1 1 23c0000 1 035 1
000bb28 0000000 1 0cd 0 1 000bb27 0 0cd 1
000c12a 0000000 1 08c 0 1 000c129 0 08c 1
0000000 2ec0000 1 01e 1 1 2ec0000 1 01e 1
0000000 2c40000 1 0c4 1 0 2c3ffff 0 0c4 1
0000000 2b80000 1 058 0 1 2b7ffff 1 058 1
000d593 0900000 0 3ff 0 1 08f2a6d 1 3ff 0
0000000 2840000 1 09c 0 1 283ffff 1 09c 1
00089f9 0000000 1 13e 0 1 00089f8 0 13e 1
0009aba 0000000 1 11d 0 0 0009aba 0 11d 1
0006180 0000000 1 128 0 1 000617f 0 128 1
0000000 2cc0000 1 0a0 1 1 2cc0000 1 0a0 1
0000000 3c40000 1 055 0 0 3c40000 0 055 1
0000000 3f80000 1 0b3 0 1 3f7ffff 1 0b3 1
000a07f 0000000 1 130 0 1 000a07e 0 130 1
0000000 2080000 1 0b7 0 0 2080000 0 0b7 1
0000000 2980000 1 0af 1 1 2980000 1 0af 1
0006828 0000000 1 06c 1 1 0006828 1 06c 1
0000000 3040000 1 0e8 1 1 3040000 1 0e8 1
000a792 0004880 0 03a 0 0 000f012 0 03a 0
0000000 2200000 1 08a 0 0 2200000 0 08a 1
0000000 2640000 1 0e5 0 1 263ffff 1 0e5 1
0006c2a 0000000 1 061 0 1 0006c29 0 061 1
0000000 2040000 1 068 0 0 2040000 0 068 1
0000000 35c0000 1 0cf 0 0 35c0000 0 0cf 1
0000000 3400000 1 036 0 1 33fffff 1 036 1
000cd14 0000000 1 0f7 1 1 000cd14 1 0f7 1
0000000 3b80000 1 04c 0 1 3b7ffff 1 04c 1
0000000 3480000 1 09e 1 0 347ffff 0 09e 1
0000000 3b80000 1 080 0 0 3b80000 0 080 1
000c4b6 0000000 1 0eb 0 1 000c4b5 0 0eb 1
000a758 0000000 1 0a4 1 1 000a758 1 0a4 1
000a5a8 0000000 1 106 1 1 000a5a8 1 106 1
0000000 2a40000 1 05c 0 1 2a3ffff 1 05c 1
0000000 2c80000 1 043 1 1 2c80000 1 043 1
0000000 2900000 1 007 1 0 28fffff 0 007 1
0009c18 0000000 1 02d 1 0 0009c17 1 02d 1
000c3b0 0000000 1 01e 1 1 000c3b0 1 01e 1
0007984 0000000 1 13c 1 1 0007984 1 13c 1
000cd90 0000000 1 05f 1 0 000cd8f 1 05f 1
0000000 2e40000 1 0da 1 1 2e40000 1 0da 1
0000000 2200000 1 003 0 1 21fffff 1 003 1
0000000 3600000 1 069 0 0 3600000 0 069 1
0008304 0000000 1 11f 0 1 0008303 0 11f 1
0000000 26c0000 1 0f0 1 1 26c0000 1 0f0 1
0000000 2f40000 1 0ce 0 0 2f40000 0 0ce 1
0000000 38c0000 1 059 1 1 38c0000 1 059 1
00069b4 0000000 1 07b 1 0 00069b3 1 07b 1
0000000 3140000 1 0e4 0 0 3140000 0 0e4 1
000aea8 0000000 1 100 1 0 000aea7 1 100 1
0000000 2480000 1 0a4 0 1 247ffff 1 0a4 1
0000000 3540000 1 0dd 1 1 3540000 1 0dd 1
00089fd 0000000 0 099 1 0 00089fd 1 099 0
0000000 2f40000 1 0c3 0 0 2f40000 0 0c3 1
0008538 0000005 1 07e 0 1 0008532 0 07e 1
0005588 0000000 1 0ae 1 0 0005587 1 0ae 1
0007590 0000000 1 0dc 1 0 000758f 1 0dc 1
0000000 3080000 1 071 0 1 307ffff 1 071 1
0009900 0000000 1 0f6 0 0 0009900 0 0f6 1
000e03c 0000000 1 036 0 0 000e03c 0 036 1
000a48e 0000000 1 09d 0 0 000a48e 0 09d 1
0009f78 0000000 1 0fe 1 1 0009f78 1 0fe 1
0000000 3e40000 1 06d 1 0 3e3ffff 0 06d 1
0000000 2b00000 1 029 1 1 2b00000 1 029 1
0000000 3ac0000 1 0ed 0 1 3abffff 1 0ed 1
0005908 0000000 1 0ff 0 0 0005908 0 0ff 1
000916c 0000000 1 0b9 0 1 000916b 0 0b9 1
000a4ea 0000000 1 090 1 0 000a4e9 1 090 1
0000000 39c0000 1 0aa 0 0 39c0000 0 0aa 1
0000000 32c0000 1 0c5 0 0 32c0000 0 0c5 1
0007f94 0000000 1 062 0 1 0007f93 0 062 1
0000000 2780000 1 08a 1 0 277ffff 0 08a 1
0000000 2ac0000 1 0a9 1 1 2ac0000 1 0a9 1
0000000 2f00000 1 0f2 1 0 2efffff 0 0f2 1
0008918 0000000 1 107 0 0 0008918 0 107 1
0000000 37c0000 1 0c9 0 0 37c0000 0 0c9 1
0000000 2200000 1 0ac 0 0 2200000 0 0ac 1
0007437 2d80000 0 0c1 0 1 2d78bc9 1 0c1 0
0000000 29c0000 1 07d 0 0 29c0000 0 07d 1
0007568 0000000 1 0dc 0 0 0007568 0 0dc 1
0005d2c 0000000 1 09a 1 0 0005d2b 1 09a 1
000ea55 0000000 1 136 0 1 000ea54 0 136 1
0000000 3f80000 1 0ec 1 1 3f80000 1 0ec 1
0000000 3780000 1 046 0 1 377ffff 1 046 1
0000000 27c0000 1 014 0 1 27bffff 1 014 1
000c4b6 0000000 1 0d9 1 1 000c4b6 1 0d9 1
0000000 3a40000 1 00c 1 0 3a3ffff 0 00c 1
0000000 2c00000 1 074 1 1 2c00000 1 074 1
0004718 0000000 1 071 1 1 0004718 1 071 1
0000000 2e80000 1 0be 0 0 2e80000 0 0be 1
0000000 39c0000 1 0da 1 1 39c0000 1 0da 1
000ab44 0000000 1 15d 1 1 000ab44 1 15d 1
000969c 0000000 1 065 1 0 000969b 1 065 1
000b6aa 0000000 1 052 1 1 000b6aa 1 052 1
0000000 2d40000 1 0f1 1 1 2d40000 1 0f1 1
000ac20 0000000 1 06f 1 1 000ac20 1 06f 1
0007e8e 0000000 1 10b 1 0 0007e8d 1 10b 1
000b8e0 0000000 1 0d4 0 0 000b8e0 0 0d4 1
0000000 3240000 1 015 0 0 3240000 0 015 1
000e690 0000001 1 02e 0 1 000e68e 0 02e 1
0007118 0000000 1 038 1 0 0007117 1 038 1
0000000 3840000 1 055 0 1 383ffff 1 055 1
0000000 3d40000 1 00b 0 0 3d40000 0 00b 1
0000000 3a80000 1 0dd 0 0 3a80000 0 0dd 1
0000000 2c40000 1 0cc 1 1 2c40000 1 0cc 1
000ab78 0000000 1 08d 1 0 000ab77 1 08d 1
000a6b8 0000000 1 0ed 0 0 000a6b8 0 0ed 1
0000000 3180000 1 0aa 0 1 317ffff 1 0aa 1
0004d80 0000000 1 0db 1 1 0004d80 1 0db 1
0006b91 0000000 1 162 1 0 0006b90 1 162 1
0000000 2a40000 1 0c8 0 0 2a40000 0 0c8 1
0006700 0000000 1 105 0 1 00066ff 0 105 1
0000000 3dc0000 1 07e 0 0 3dc0000 0 07e 1
0000000 3000000 1 0ce 1 0 2ffffff 0 0ce 1
0000000 2ec0000 1 0e2 0 0 2ec0000 0 0e2 1
000aa37 0000000 1 0e1 0 1 000aa36 0 0e1 1
0000000 2600000 1 0db 1 1 2600000 1 0db 1
0000000 2500000 1 0d3 0 1 24fffff 1 0d3 1
0005ad8 0000000 1 075 1 1 0005ad8 1 075 1
0000000 31c0000 1 09b 1 0 31bffff 0 09b 1
000b2a4 0000000 1 037 0 0 000b2a4 0 037 1
0009597 0000000 1 083 0 0 0009597 0 083 1
000766c 0000000 1 0e9 0 0 000766c 0 0e9 1
0000000 25c0000 1 080 1 1 25c0000 1 080 1
000ae06 0000000 1 122 1 1 000ae06 1 122 1
0000000 2140000 1 065 1 0 213ffff 0 065 1
0000000 3a80000 1 073 0 1 3a7ffff 1 073 1
0009e0c 0000104 0 09d 0 1 0009d08 0 09d 0
0000000 2e00000 1 00b 0 0 2e00000 0 00b 1
0000000 25c0000 1 0b7 1 0 25bffff 0 0b7 1
0000000 2b40000 1 0af 1 0 2b3ffff 0 0af 1
0000000 3940000 1 04d 1 0 393ffff 0 04d 1
0005c80 0000000 1 0ed 0 0 0005c80 0 0ed 1
000906c 0005580 0 08b 1 0 0003aec 1 08b 0
0007263 0000000 1 12b 0 0 0007263 0 12b 1
00095df 0000000 1 04b 0 1 00095de 0 04b 1
0000000 2a40000 1 015 0 1 2a3ffff 1 015 1
00067e8 0000000 1 034 1 0 00067e7 1 034 1
0007d58 0000000 1 0ea 1 0 0007d57 1 0ea 1
0000000 3e80000 1 09f 1 1 3e80000 1 09f 1
0006e12 0000000 1 0f3 0 1 0006e11 0 0f3 1
000aa3d 0000000 1 06d 0 1 000aa3c 0 06d 1
000835f 0000000 1 101 0 0 000835f 0 101 1
0000000 3580000 1 0ec 1 1 3580000 1 0ec 1
0000000 2100000 1 0f0 0 0 2100000 0 0f0 1
00091a6 0000000 1 076 1 1 00091a6 1 076 1
000e984 0000000 1 0c3 0 1 000e983 0 0c3 1
000b520 0000000 1 098 0 0 000b520 0 098 1
0000000 3b80000 1 0aa 1 1 3b80000 1 0aa 1
000f324 0000000 1 0b2 0 0 000f324 0 0b2 1
00074e5 0000099 0 0d3 0 0 000757e 0 0d3 0
000a627 0000000 1 098 1 0 000a626 1 098 1
0000000 2280000 1 0a6 1 1 2280000 1 0a6 1
0009d45 0000000 1 111 0 0 0009d45 0 111 1
0009000 0000000 1 0d4 1 1 0009000 1 0d4 1
000c152 0000000 1 0f1 1 0 000c151 1 0f1 1
0000000 2440000 1 0c1 1 1 2440000 1 0c1 1
0000000 3c80000 1 08a 0 1 3c7ffff 1 08a 1
0000000 36c0000 1 089 1 1 36c0000 1 089 1
0000000 2480000 1 0e3 1 1 2480000 1 0e3 1
000dcf3 0000000 1 0a5 0 1 000dcf2 0 0a5 1
000a17c 0000000 1 0c3 0 1 000a17b 0 0c3 1
0000000 23c0000 1 0a0 0 1 23bffff 1 0a0 1
000862e 0000000 1 0dc 1 0 000862d 1 0dc 1
000f316 0000000 1 0c0 1 1 000f316 1 0c0 1
000bbda 005e800 0 0bf 1 1 006a3da 1 0bf 0
0000000 3500000 1 0b4 1 1 3500000 1 0b4 1
000835f 0000000 1 163 1 0 000835e 1 163 1
0000000 3680000 1 062 1 1 3680000 1 062 1
000e92a 005e800 0 062 1 0 004fed6 0 062 0
0000000 33c0000 1 0c9 1 0 33bffff 0 0c9 1
0006f2a 0000000 1 063 0 0 0006f2a 0 063 1
0000000 2a00000 1 074 1 0 29fffff 0 074 1
0000000 3700000 1 0f2 1 0 36fffff 0 0f2 1
00058ad 0000000 1 12a 1 1 00058ad 1 12a 1
0007dda 0000000 1 0c5 1 1 0007dda 1 0c5 1
0006342 0001040 0 0f0 1 0 0005302 1 0f0 0
0009310 0000000 1 122 1 0 000930f 1 122 1
000aa80 0000000 1 161 0 1 000aa7f 0 161 1
0000000 3680000 1 0d6 0 0 3680000 0 0d6 1
0000000 3880000 1 079 0 1 387ffff 1 079 1
0008256 0000000 1 080 0 0 0008256 0 080 1
0000000 3d00000 1 094 0 1 3cfffff 1 094 1
0000000 2080000 1 0cc 1 0 207ffff 0 0cc 1
0008864 0000000 0 04d 0 0 0008864 0 04d 0
0000000 3180000 1 077 0 0 3180000 0 077 1
0000000 3500000 1 034 1 1 3500000 1 034 1
0000000 3e40000 1 0e5 1 0 3e3ffff 0 0e5 1
0000000 2100000 1 09e 0 0 2100000 0 09e 1
0000000 3840000 1 0ae 1 0 383ffff 0 0ae 1
0000000 3a40000 1 09b 1 0 3a3ffff 0 09b 1
0000000 3a00000 1 0a0 0 1 39fffff 1 0a0 1
0006166 000fc00 0 058 0 0 0015d66 0 058 0
0000000 2240000 1 0c6 1 1 2240000 1 0c6 1
0000000 2700000 1 0e9 1 1 2700000 1 0e9 1
000dc2c 0000000 1 13c 0 0 000dc2c 0 13c 1
0006880 0000000 1 114 1 0 000687f 1 114 1
0000000 28c0000 1 0e2 1 0 28bffff 0 0e2 1
0007408 0000000 1 074 0 1 0007407 0 074 1
0000000 2240000 1 0b6 0 0 2240000 0 0b6 1
0000000 2600000 1 08d 1 0 25fffff 0 08d 1
0009489 0000000 1 0dc 0 1 0009488 0 0dc 1
0000000 2340000 1 0cb 0 0 2340000 0 0cb 1
0000000 2a80000 1 0ac 0 0 2a80000 0 0ac 1
000a9b0 0000000 1 0be 1 0 000a9af 1 0be 1
0000000 3600000 1 068 0 0 3600000 0 068 1
0008294 39c0000 0 081 1 1 39c8294 1 081 0
0006e37 0000000 1 07d 0 1 0006e36 0 07d 1
00077b5 0000000 1 123 1 0 00077b4 1 123 1
00080b0 000010a 0 098 0 1 0007fa6 0 098 0
000ab1a 0000000 1 07f 0 0 000ab1a 0 07f 1
0000000 2b00000 1 0ea 0 0 2b00000 0 0ea 1
000a712 0000000 1 0ed 0 1 000a711 0 0ed 1
0006141 0000000 1 11c 0 0 0006141 0 11c 1
0004d45 0019e00 0 05b 1 0 00150bb 0 05b 0
0000000 2780000 1 071 1 1 2780000 1 071 1
0006ac3 0000000 1 112 1 1 0006ac3 1 112 1
0000000 33c0000 1 0e8 0 0 33c0000 0 0e8 1
00062bd 0000000 1 148 0 0 00062bd 0 148 1
0006432 0000000 1 04c 0 1 0006431 0 04c 1
0006c5c 0000000 1 069 0 0 0006c5c 0 069 1
0000000 25c0000 1 019 1 0 25bffff 0 019 1
000847b 0000000 1 0d3 0 1 000847a 0 0d3 1
0008442 0000000 1 0e2 1 0 0008441 1 0e2 1
000708a 0000000 1 103 1 0 0007089 1 103 1
0000000 25c0000 1 0be 1 1 25c0000 1 0be 1
000ec4b 0000000 1 10a 1 0 000ec4a 1 10a 1
00091e5 0000000 1 0b1 1 0 00091e4 1 0b1 1
00078c0 0000000 1 134 0 1 00078bf 0 134 1
0000000 2880000 1 042 1 1 2880000 1 042 1
0005c8b 0000000 1 129 1 0 0005c8a 1 129 1
0000000 2440000 1 0bd 1 1 2440000 1 0bd 1
0000000 35c0000 1 0ea 1 0 35bffff 0 0ea 1
000b9a0 0000000 1 111 0 0 000b9a0 0 111 1
0000000 3180000 1 0da 0 0 3180000 0 0da 1
00068f0 0000000 1 0fc 0 0 00068f0 0 0fc 1
0007ba6 0000000 1 0e2 1 0 0007ba5 1 0e2 1
00087d5 0000000 1 06b 0 1 00087d4 0 06b 1
0000000 2200000 1 029 1 0 21fffff 0 029 1
0000000 3f40000 1 066 0 0 3f40000 0 066 1
0007e90 0000000 1 0bb 1 0 0007e8f 1 0bb 1
0000000 2440000 1 0bb 1 0 243ffff 0 0bb 1
000dd3b 0000000 1 053 1 0 000dd3a 1 053 1
0007034 0000000 1 139 0 1 0007033 0 139 1
0000000 3b40000 1 0bf 1 0 3b3ffff 0 0bf 1
000b6a2 0000000 1 137 0 1 000b6a1 0 137 1
0000000 2240000 1 07e 0 1 223ffff 1 07e 1
0005ed0 0000000 1 06a 0 0 0005ed0 0 06a 1
0000000 3c40000 1 074 1 1 3c40000 1 074 1
0000000 30c0000 1 0ce 0 1 30bffff 1 0ce 1
0000000 3cc0000 1 0b9 0 0 3cc0000 0 0b9 1
0000000 3540000 1 0f3 1 1 3540000 1 0f3 1
0007fbe 0000000 1 127 0 1 0007fbd 0 127 1
000a5f0 0000000 1 06e 1 0 000a5ef 1 06e 1
000c07c 0000000 1 115 1 1 000c07c 1 115 1
000bab8 0000000 1 092 1 1 000bab8 1 092 1
000d0ea 0000000 1 143 1 1 000d0ea 1 143 1
000567b 0000000 1 0cd 1 0 000567a 1 0cd 1
0008dae 0000000 1 0ff 0 0 0008dae 0 0ff 1
0000000 3700000 1 02d 0 1 36fffff 1 02d 1
000b280 0000000 1 0cc 1 0 000b27f 1 0cc 1
000e79a 0000000 1 0da 0 0 000e79a 0 0da 1
000cd64 0000000 1 053 0 0 000cd64 0 053 1
000ae0c 0214000 0 000 1 1 021ee0c 1 000 0
0000000 20c0000 1 0d1 0 0 20c0000 0 0d1 1
000b4ea 0000000 1 119 1 1 000b4ea 1 119 1
0000000 38c0000 1 0ec 1 0 38bffff 0 0ec 1
000e34e 0000000 1 0b4 0 1 000e34d 0 0b4 1
0000000 3e40000 1 04c 0 1 3e3ffff 1 04c 1
0004e84 0000000 1 133 0 0 0004e84 0 133 1
0000000 2580000 1 02f 1 0 257ffff 0 02f 1
0007a96 0000000 1 02f 0 1 0007a95 0 02f 1
0000000 2500000 1 0b5 1 1 2500000 1 0b5 1
0000000 3a80000 1 0e6 1 1 3a80000 1 0e6 1
0000000 2600000 1 0c1 0 1 25fffff 1 0c1 1
0000000 2b00000 1 0d0 1 0 2afffff 0 0d0 1
000ba15 0000000 1 0e1 0 1 000ba14 0 0e1 1
0009d02 0000000 1 0c7 0 1 0009d01 0 0c7 1
0000000 39c0000 1 0c1 0 1 39bffff 1 0c1 1
0000000 2a80000 1 0c7 0 0 2a80000 0 0c7 1
0007812 0000000 1 171 0 0 0007812 0 171 1
0000000 2040000 1 09c 1 1 2040000 1 09c 1
0005534 0000000 1 0ce 1 0 0005533 1 0ce 1
000bfa0 0003d40 0 085 1 1 000fce0 1 085 0
0000000 2640000 1 053 0 1 263ffff 1 053 1
000a705 0000000 1 083 0 0 000a705 0 083 1
000b7f1 0000000 1 0e1 0 0 000b7f1 0 0e1 1
0000000 2c80000 1 07f 0 0 2c80000 0 07f 1
0000000 3c80000 1 0d1 0 1 3c7ffff 1 0d1 1
00076c8 0000000 1 0d6 1 0 00076c7 1 0d6 1
00098bc 0000000 1 0a4 1 0 00098bb 1 0a4 1
0000000 2780000 1 095 0 0 2780000 0 095 1
0000000 2880000 1 0c9 0 0 2880000 0 0c9 1
000e79c 0000000 1 0c7 1 1 000e79c 1 0c7 1
0000000 3080000 1 0ac 0 1 307ffff 1 0ac 1
0000000 3900000 0 0d5 0 0 3900000 0 0d5 0
0000000 2740000 1 0c8 0 1 273ffff 1 0c8 1
0000000 3780000 1 0b6 0 1 377ffff 1 0b6 1
0007a5c 0000000 1 11e 1 0 0007a5b 1 11e 1
0007412 0000000 1 11a 1 1 0007412 1 11a 1
000ec64 0000000 1 10c 0 0 000ec64 0 10c 1
0009567 0000000 1 104 1 0 0009566 1 104 1
0000000 2b40000 1 0a3 0 1 2b3ffff 1 0a3 1
0000000 2940000 0 030 0 1 2940000 1 030 0
0008154 0000000 1 10e 0 1 0008153 0 10e 1
000d368 0000000 1 079 1 1 000d368 1 079 1
000a3a0 1c00000 0 06d 0 1 1bf5c60 1 06d 0
00084ce 1920000 0 0a7 0 0 19284ce 0 0a7 0
0009218 0005f00 0 0b0 0 1 0003318 0 0b0 0
0000000 3240000 1 0cc 0 0 3240000 0 0cc 1
0009794 0000000 1 111 0 1 0009793 0 111 1
0000000 35c0000 1 0ad 0 0 35c0000 0 0ad 1
0000000 3580000 1 0ce 0 0 3580000 0 0ce 1
00092c7 0000000 1 10e 1 0 00092c6 1 10e 1
0007783 0000000 1 045 0 1 0007782 0 045 1
0000000 2b00000 1 0d3 0 0 2b00000 0 0d3 1
0006cfc 0000000 1 10d 1 0 0006cfb 1 10d 1
000ba24 0000000 1 065 0 1 000ba23 0 065 1
0007d20 0000000 1 0ba 1 0 0007d1f 1 0ba 1
000c1b1 0000000 1 16b 1 1 000c1b1 1 16b 1
0000000 2dc0000 1 0ac 0 0 2dc0000 0 0ac 1
0007caa 0063000 0 06f 0 1 005b356 1 06f 0
000c0b7 0000000 1 0c8 0 0 000c0b7 0 0c8 1
00072a0 0000000 1 0dc 0 0 00072a0 0 0dc 1
0007470 0000000 1 0d6 0 1 000746f 0 0d6 1
0000000 24c0000 1 07e 0 1 24bffff 1 07e 1
000a690 0000000 1 11d 1 0 000a68f 1 11d 1
000b69e 0000000 1 0e1 1 1 000b69e 1 0e1 1
0009c27 0000000 1 087 1 0 0009c26 1 087 1
0007d82 0000000 1 086 1 0 0007d81 1 086 1
000b135 0000000 1 0a0 0 0 000b135 0 0a0 1
0000000 2680000 1 09e 0 0 2680000 0 09e 1
0009e60 0003a80 0 038 1 0 00063e0 1 038 0
0000000 2500000 1 00e 1 1 2500000 1 00e 1
0007278 0000000 1 054 0 0 0007278 0 054 1
0009b64 0000000 1 0ba 1 1 0009b64 1 0ba 1
000a734 0000000 1 0b5 1 1 000a734 1 0b5 1
0000000 2b40000 1 00d 1 1 2b40000 1 00d 1
0000000 2140000 1 074 0 1 213ffff 1 074 1
0000000 2200000 1 0b9 1 1 2200000 1 0b9 1
0000000 3980000 1 0ee 1 1 3980000 1 0ee 1
0006ced 0000000 0 068 0 0 0006ced 0 068 0
0007170 0000000 1 0a9 1 0 000716f 1 0a9 1
000b9dc 0000000 1 0ad 1 1 000b9dc 1 0ad 1
0005575 0000000 1 0c9 1 0 0005574 1 0c9 1
0000000 3480000 1 00d 1 0 347ffff 0 00d 1
0000000 2400000 1 081 1 0 23fffff 0 081 1
0000000 3a40000 1 096 0 0 3a40000 0 096 1
0000000 36c0000 1 0a8 0 1 36bffff 1 0a8 1
000b130 0000000 1 0e6 0 0 000b130 0 0e6 1
0000000 3d40000 0 074 1 0 3d40000 0 074 0
0000000 3080000 1 0b4 0 0 3080000 0 0b4 1
